2025-07-27 23:09:12 | [32mINFO[0m | yolo_detector.config.settings:_load_config:49 - 成功加载配置文件: D:\00deeplearn\yolo11\gradi_yolo\configs\default.yaml
2025-07-27 23:09:12 | [32mINFO[0m | yolo_detector.config.settings:_validate_config:119 - 配置验证完成
2025-07-27 23:09:12 | [32mINFO[0m | yolo_detector.config.settings:_load_config:49 - 成功加载配置文件: C:\Users\julius\AppData\Local\Temp\tmpgq24_5fe\test_config.yaml
2025-07-27 23:09:12 | [32mINFO[0m | yolo_detector.config.settings:_load_config:49 - 成功加载配置文件: C:\Users\julius\AppData\Local\Temp\tmpgq24_5fe\incomplete_config.yaml
2025-07-27 23:09:12 | [32mINFO[0m | yolo_detector.config.settings:save:193 - 配置已保存到: C:\Users\julius\AppData\Local\Temp\tmpgq24_5fe\saved_config.yaml
2025-07-27 23:09:12 | [32mINFO[0m | yolo_detector.config.settings:_load_config:49 - 成功加载配置文件: D:\00deeplearn\yolo11\gradi_yolo\configs\default.yaml
2025-07-27 23:09:12 | [32mINFO[0m | yolo_detector.config.settings:_validate_config:119 - 配置验证完成
2025-07-27 23:09:12 | [32mINFO[0m | yolo_detector.config.settings:reload:202 - 配置已重新加载
2025-07-27 23:09:12 | [32mINFO[0m | yolo_detector.config.settings:_load_config:49 - 成功加载配置文件: D:\00deeplearn\yolo11\gradi_yolo\configs\default.yaml
2025-07-27 23:09:12 | [32mINFO[0m | yolo_detector.config.settings:_validate_config:119 - 配置验证完成
2025-07-27 23:09:12 | [32mINFO[0m | yolo_detector.config.settings:_load_config:49 - 成功加载配置文件: D:\00deeplearn\yolo11\gradi_yolo\configs\default.yaml
2025-07-27 23:09:12 | [32mINFO[0m | yolo_detector.config.settings:_validate_config:119 - 配置验证完成
2025-07-27 23:09:12 | [32mINFO[0m | yolo_detector.config.settings:reload:202 - 配置已重新加载
2025-07-27 23:09:12 | [31mERROR[0m | yolo_detector.config.settings:_load_config:53 - 加载配置文件失败: 配置文件不存在: \nonexistent\config.yaml
2025-07-27 23:09:12 | [31mERROR[0m | yolo_detector.config.settings:_load_config:53 - 加载配置文件失败: mapping values are not allowed here
  in "C:\Users\julius\AppData\Local\Temp\tmpgq24_5fe\invalid.yaml", line 1, column 14
2025-07-27 23:09:12 | [32mINFO[0m | yolo_detector.config.settings:_load_config:49 - 成功加载配置文件: C:\Users\julius\AppData\Local\Temp\tmpgq24_5fe\empty.yaml
2025-07-27 23:09:39 | [32mINFO[0m | yolo_detector.config.settings:_load_config:49 - 成功加载配置文件: D:\00deeplearn\yolo11\gradi_yolo\configs\default.yaml
2025-07-27 23:09:39 | [32mINFO[0m | yolo_detector.config.settings:_validate_config:124 - 配置验证完成
2025-07-27 23:09:39 | [32mINFO[0m | yolo_detector.config.settings:_load_config:49 - 成功加载配置文件: C:\Users\julius\AppData\Local\Temp\tmpvbpjqrr0\test_config.yaml
2025-07-27 23:09:39 | [33mWARNING[0m | yolo_detector.config.settings:_validate_config:105 - 配置文件缺少节: detection，将使用默认值
2025-07-27 23:09:39 | [33mWARNING[0m | yolo_detector.config.settings:_validate_config:105 - 配置文件缺少节: ui，将使用默认值
2025-07-27 23:09:39 | [33mWARNING[0m | yolo_detector.config.settings:_validate_config:113 - detection模型文件不存在: /test/model.pt
2025-07-27 23:09:39 | [33mWARNING[0m | yolo_detector.config.settings:_validate_config:118 - 输入文件夹不存在: /test/input
2025-07-27 23:09:39 | [32mINFO[0m | yolo_detector.config.settings:_validate_config:124 - 配置验证完成
2025-07-27 23:09:39 | [32mINFO[0m | yolo_detector.config.settings:_load_config:49 - 成功加载配置文件: C:\Users\julius\AppData\Local\Temp\tmpvbpjqrr0\incomplete_config.yaml
2025-07-27 23:09:39 | [33mWARNING[0m | yolo_detector.config.settings:_validate_config:105 - 配置文件缺少节: data，将使用默认值
2025-07-27 23:09:39 | [33mWARNING[0m | yolo_detector.config.settings:_validate_config:105 - 配置文件缺少节: detection，将使用默认值
2025-07-27 23:09:39 | [33mWARNING[0m | yolo_detector.config.settings:_validate_config:105 - 配置文件缺少节: ui，将使用默认值
2025-07-27 23:09:39 | [33mWARNING[0m | yolo_detector.config.settings:_validate_config:113 - detection模型文件不存在: /nonexistent/model.pt
2025-07-27 23:09:39 | [32mINFO[0m | yolo_detector.config.settings:save:198 - 配置已保存到: C:\Users\julius\AppData\Local\Temp\tmpvbpjqrr0\saved_config.yaml
2025-07-27 23:09:39 | [32mINFO[0m | yolo_detector.config.settings:_load_config:49 - 成功加载配置文件: D:\00deeplearn\yolo11\gradi_yolo\configs\default.yaml
2025-07-27 23:09:39 | [32mINFO[0m | yolo_detector.config.settings:_validate_config:124 - 配置验证完成
2025-07-27 23:09:39 | [32mINFO[0m | yolo_detector.config.settings:reload:207 - 配置已重新加载
2025-07-27 23:09:39 | [32mINFO[0m | yolo_detector.config.settings:_load_config:49 - 成功加载配置文件: D:\00deeplearn\yolo11\gradi_yolo\configs\default.yaml
2025-07-27 23:09:39 | [32mINFO[0m | yolo_detector.config.settings:_validate_config:124 - 配置验证完成
2025-07-27 23:09:39 | [32mINFO[0m | yolo_detector.config.settings:_load_config:49 - 成功加载配置文件: D:\00deeplearn\yolo11\gradi_yolo\configs\default.yaml
2025-07-27 23:09:39 | [32mINFO[0m | yolo_detector.config.settings:_validate_config:124 - 配置验证完成
2025-07-27 23:09:39 | [32mINFO[0m | yolo_detector.config.settings:reload:207 - 配置已重新加载
2025-07-27 23:09:39 | [31mERROR[0m | yolo_detector.config.settings:_load_config:53 - 加载配置文件失败: 配置文件不存在: \nonexistent\config.yaml
2025-07-27 23:09:39 | [31mERROR[0m | yolo_detector.config.settings:_load_config:53 - 加载配置文件失败: mapping values are not allowed here
  in "C:\Users\julius\AppData\Local\Temp\tmpvbpjqrr0\invalid.yaml", line 1, column 14
2025-07-27 23:09:39 | [32mINFO[0m | yolo_detector.config.settings:_load_config:49 - 成功加载配置文件: C:\Users\julius\AppData\Local\Temp\tmpvbpjqrr0\empty.yaml
2025-07-27 23:09:39 | [33mWARNING[0m | yolo_detector.config.settings:_validate_config:105 - 配置文件缺少节: models，将使用默认值
2025-07-27 23:09:39 | [33mWARNING[0m | yolo_detector.config.settings:_validate_config:105 - 配置文件缺少节: data，将使用默认值
2025-07-27 23:09:39 | [33mWARNING[0m | yolo_detector.config.settings:_validate_config:105 - 配置文件缺少节: detection，将使用默认值
2025-07-27 23:09:39 | [33mWARNING[0m | yolo_detector.config.settings:_validate_config:105 - 配置文件缺少节: ui，将使用默认值
2025-07-27 23:10:04 | [32mINFO[0m | yolo_detector.config.settings:_load_config:49 - 成功加载配置文件: D:\00deeplearn\yolo11\gradi_yolo\configs\default.yaml
2025-07-27 23:10:04 | [32mINFO[0m | yolo_detector.config.settings:_validate_config:126 - 配置验证完成
2025-07-27 23:10:04 | [32mINFO[0m | yolo_detector.config.settings:_load_config:49 - 成功加载配置文件: C:\Users\julius\AppData\Local\Temp\tmpwidr0cxh\test_config.yaml
2025-07-27 23:10:04 | [33mWARNING[0m | yolo_detector.config.settings:_validate_config:105 - 配置文件缺少节: detection，将使用默认值
2025-07-27 23:10:04 | [33mWARNING[0m | yolo_detector.config.settings:_validate_config:105 - 配置文件缺少节: ui，将使用默认值
2025-07-27 23:10:04 | [33mWARNING[0m | yolo_detector.config.settings:_validate_config:113 - detection模型文件不存在: /test/model.pt
2025-07-27 23:10:04 | [33mWARNING[0m | yolo_detector.config.settings:_validate_config:119 - 输入文件夹不存在: /test/input
2025-07-27 23:10:04 | [32mINFO[0m | yolo_detector.config.settings:_validate_config:126 - 配置验证完成
2025-07-27 23:10:04 | [32mINFO[0m | yolo_detector.config.settings:_load_config:49 - 成功加载配置文件: C:\Users\julius\AppData\Local\Temp\tmpwidr0cxh\incomplete_config.yaml
2025-07-27 23:10:04 | [33mWARNING[0m | yolo_detector.config.settings:_validate_config:105 - 配置文件缺少节: data，将使用默认值
2025-07-27 23:10:04 | [33mWARNING[0m | yolo_detector.config.settings:_validate_config:105 - 配置文件缺少节: detection，将使用默认值
2025-07-27 23:10:04 | [33mWARNING[0m | yolo_detector.config.settings:_validate_config:105 - 配置文件缺少节: ui，将使用默认值
2025-07-27 23:10:04 | [33mWARNING[0m | yolo_detector.config.settings:_validate_config:113 - detection模型文件不存在: /nonexistent/model.pt
2025-07-27 23:10:04 | [32mINFO[0m | yolo_detector.config.settings:_validate_config:126 - 配置验证完成
2025-07-27 23:10:04 | [32mINFO[0m | yolo_detector.config.settings:save:200 - 配置已保存到: C:\Users\julius\AppData\Local\Temp\tmpwidr0cxh\saved_config.yaml
2025-07-27 23:10:04 | [32mINFO[0m | yolo_detector.config.settings:_load_config:49 - 成功加载配置文件: D:\00deeplearn\yolo11\gradi_yolo\configs\default.yaml
2025-07-27 23:10:04 | [32mINFO[0m | yolo_detector.config.settings:_validate_config:126 - 配置验证完成
2025-07-27 23:10:04 | [32mINFO[0m | yolo_detector.config.settings:reload:209 - 配置已重新加载
2025-07-27 23:10:04 | [32mINFO[0m | yolo_detector.config.settings:_load_config:49 - 成功加载配置文件: D:\00deeplearn\yolo11\gradi_yolo\configs\default.yaml
2025-07-27 23:10:04 | [32mINFO[0m | yolo_detector.config.settings:_validate_config:126 - 配置验证完成
2025-07-27 23:10:04 | [32mINFO[0m | yolo_detector.config.settings:_load_config:49 - 成功加载配置文件: D:\00deeplearn\yolo11\gradi_yolo\configs\default.yaml
2025-07-27 23:10:04 | [32mINFO[0m | yolo_detector.config.settings:_validate_config:126 - 配置验证完成
2025-07-27 23:10:04 | [32mINFO[0m | yolo_detector.config.settings:reload:209 - 配置已重新加载
2025-07-27 23:10:04 | [31mERROR[0m | yolo_detector.config.settings:_load_config:53 - 加载配置文件失败: 配置文件不存在: \nonexistent\config.yaml
2025-07-27 23:10:04 | [31mERROR[0m | yolo_detector.config.settings:_load_config:53 - 加载配置文件失败: mapping values are not allowed here
  in "C:\Users\julius\AppData\Local\Temp\tmpwidr0cxh\invalid.yaml", line 1, column 14
2025-07-27 23:10:04 | [32mINFO[0m | yolo_detector.config.settings:_load_config:49 - 成功加载配置文件: C:\Users\julius\AppData\Local\Temp\tmpwidr0cxh\empty.yaml
2025-07-27 23:10:04 | [33mWARNING[0m | yolo_detector.config.settings:_validate_config:105 - 配置文件缺少节: models，将使用默认值
2025-07-27 23:10:04 | [33mWARNING[0m | yolo_detector.config.settings:_validate_config:105 - 配置文件缺少节: data，将使用默认值
2025-07-27 23:10:04 | [33mWARNING[0m | yolo_detector.config.settings:_validate_config:105 - 配置文件缺少节: detection，将使用默认值
2025-07-27 23:10:04 | [33mWARNING[0m | yolo_detector.config.settings:_validate_config:105 - 配置文件缺少节: ui，将使用默认值
2025-07-27 23:10:04 | [32mINFO[0m | yolo_detector.config.settings:_validate_config:126 - 配置验证完成
2025-07-27 23:10:29 | [32mINFO[0m | yolo_detector.config.settings:_load_config:49 - 成功加载配置文件: D:\00deeplearn\yolo11\gradi_yolo\configs\default.yaml
2025-07-27 23:10:29 | [32mINFO[0m | yolo_detector.config.settings:_validate_config:126 - 配置验证完成
2025-07-27 23:10:29 | [32mINFO[0m | yolo_detector.config.settings:_load_config:49 - 成功加载配置文件: C:\Users\julius\AppData\Local\Temp\tmpu8b405n3\test_config.yaml
2025-07-27 23:10:29 | [33mWARNING[0m | yolo_detector.config.settings:_validate_config:105 - 配置文件缺少节: detection，将使用默认值
2025-07-27 23:10:29 | [33mWARNING[0m | yolo_detector.config.settings:_validate_config:105 - 配置文件缺少节: ui，将使用默认值
2025-07-27 23:10:29 | [33mWARNING[0m | yolo_detector.config.settings:_validate_config:113 - detection模型文件不存在: /test/model.pt
2025-07-27 23:10:29 | [33mWARNING[0m | yolo_detector.config.settings:_validate_config:119 - 输入文件夹不存在: /test/input
2025-07-27 23:10:29 | [32mINFO[0m | yolo_detector.config.settings:_validate_config:126 - 配置验证完成
2025-07-27 23:10:29 | [32mINFO[0m | yolo_detector.config.settings:_load_config:49 - 成功加载配置文件: C:\Users\julius\AppData\Local\Temp\tmpu8b405n3\incomplete_config.yaml
2025-07-27 23:10:29 | [33mWARNING[0m | yolo_detector.config.settings:_validate_config:105 - 配置文件缺少节: data，将使用默认值
2025-07-27 23:10:29 | [33mWARNING[0m | yolo_detector.config.settings:_validate_config:105 - 配置文件缺少节: detection，将使用默认值
2025-07-27 23:10:29 | [33mWARNING[0m | yolo_detector.config.settings:_validate_config:105 - 配置文件缺少节: ui，将使用默认值
2025-07-27 23:10:29 | [33mWARNING[0m | yolo_detector.config.settings:_validate_config:113 - detection模型文件不存在: /nonexistent/model.pt
2025-07-27 23:10:29 | [32mINFO[0m | yolo_detector.config.settings:_validate_config:126 - 配置验证完成
2025-07-27 23:10:29 | [32mINFO[0m | yolo_detector.config.settings:save:200 - 配置已保存到: C:\Users\julius\AppData\Local\Temp\tmpu8b405n3\saved_config.yaml
2025-07-27 23:10:29 | [32mINFO[0m | yolo_detector.config.settings:_load_config:49 - 成功加载配置文件: D:\00deeplearn\yolo11\gradi_yolo\configs\default.yaml
2025-07-27 23:10:29 | [32mINFO[0m | yolo_detector.config.settings:_validate_config:126 - 配置验证完成
2025-07-27 23:10:29 | [32mINFO[0m | yolo_detector.config.settings:reload:209 - 配置已重新加载
2025-07-27 23:10:29 | [32mINFO[0m | yolo_detector.config.settings:_load_config:49 - 成功加载配置文件: D:\00deeplearn\yolo11\gradi_yolo\configs\default.yaml
2025-07-27 23:10:29 | [32mINFO[0m | yolo_detector.config.settings:_validate_config:126 - 配置验证完成
2025-07-27 23:10:30 | [32mINFO[0m | yolo_detector.config.settings:_load_config:49 - 成功加载配置文件: D:\00deeplearn\yolo11\gradi_yolo\configs\default.yaml
2025-07-27 23:10:30 | [32mINFO[0m | yolo_detector.config.settings:_validate_config:126 - 配置验证完成
2025-07-27 23:10:30 | [32mINFO[0m | yolo_detector.config.settings:reload:209 - 配置已重新加载
2025-07-27 23:10:30 | [31mERROR[0m | yolo_detector.config.settings:_load_config:53 - 加载配置文件失败: 配置文件不存在: \nonexistent\config.yaml
2025-07-27 23:10:30 | [31mERROR[0m | yolo_detector.config.settings:_load_config:53 - 加载配置文件失败: mapping values are not allowed here
  in "C:\Users\julius\AppData\Local\Temp\tmpu8b405n3\invalid.yaml", line 1, column 14
2025-07-27 23:10:30 | [32mINFO[0m | yolo_detector.config.settings:_load_config:49 - 成功加载配置文件: C:\Users\julius\AppData\Local\Temp\tmpu8b405n3\empty.yaml
2025-07-27 23:10:30 | [33mWARNING[0m | yolo_detector.config.settings:_validate_config:105 - 配置文件缺少节: models，将使用默认值
2025-07-27 23:10:30 | [33mWARNING[0m | yolo_detector.config.settings:_validate_config:105 - 配置文件缺少节: data，将使用默认值
2025-07-27 23:10:30 | [33mWARNING[0m | yolo_detector.config.settings:_validate_config:105 - 配置文件缺少节: detection，将使用默认值
2025-07-27 23:10:30 | [33mWARNING[0m | yolo_detector.config.settings:_validate_config:105 - 配置文件缺少节: ui，将使用默认值
2025-07-27 23:10:30 | [32mINFO[0m | yolo_detector.config.settings:_validate_config:126 - 配置验证完成
2025-07-27 23:10:42 | [31mERROR[0m | yolo_detector.utils.image_utils:load_image_pil:59 - PIL加载图像失败: /nonexistent/image.jpg, 错误: [Errno 2] No such file or directory: '/nonexistent/image.jpg'
2025-07-27 23:10:42 | [31mERROR[0m | yolo_detector.utils.image_utils:load_image:40 - 加载图像失败: /nonexistent/image.jpg, 错误: [Errno 2] No such file or directory: '/nonexistent/image.jpg'
2025-07-27 23:10:42 | [33mWARNING[0m | yolo_detector.utils.image_utils:validate_image_format:259 - 不支持的图像格式: .txt
2025-07-27 23:10:42 | [31mERROR[0m | yolo_detector.utils.image_utils:load_image_pil:59 - PIL加载图像失败: /nonexistent/file.jpg, 错误: [Errno 2] No such file or directory: '/nonexistent/file.jpg'
2025-07-27 23:10:42 | [32mINFO[0m | yolo_detector.utils.file_utils:get_image_files:68 - 找到 4 个图像文件在 C:\Users\julius\AppData\Local\Temp\tmpepwpd_q8
2025-07-27 23:10:42 | [32mINFO[0m | yolo_detector.utils.file_utils:get_image_files:68 - 找到 0 个图像文件在 C:\Users\julius\AppData\Local\Temp\tmpepwpd_q8\empty
2025-07-27 23:10:43 | [32mINFO[0m | yolo_detector.utils.file_utils:get_image_files:68 - 找到 4 个图像文件在 C:\Users\julius\AppData\Local\Temp\tmpepwpd_q8
2025-07-27 23:10:43 | [32mINFO[0m | yolo_detector.utils.file_utils:get_example_images:164 - 获取 2 个示例图像
2025-07-27 23:10:43 | [32mINFO[0m | yolo_detector.utils.file_utils:copy_file:228 - 文件复制成功: C:\Users\julius\AppData\Local\Temp\tmpepwpd_q8\test_image.jpg -> C:\Users\julius\AppData\Local\Temp\tmpepwpd_q8\copied_image.jpg
2025-07-27 23:10:43 | [31mERROR[0m | yolo_detector.utils.exceptions:handle_error:171 - Error handled: ValueError - Test error
2025-07-27 23:10:43 | [31mERROR[0m | yolo_detector.utils.exceptions:handle_error:171 - Error handled: ValueError - Function failed
2025-07-27 23:10:43 | [32mINFO[0m | yolo_detector.utils.file_utils:copy_file:228 - 文件复制成功: C:\Users\julius\AppData\Local\Temp\tmpepwpd_q8\test_image.jpg -> C:\Users\julius\AppData\Local\Temp\tmpepwpd_q8\copied.jpg
2025-07-27 23:11:11 | [31mERROR[0m | yolo_detector.utils.image_utils:load_image_pil:59 - PIL加载图像失败: /nonexistent/image.jpg, 错误: [Errno 2] No such file or directory: '/nonexistent/image.jpg'
2025-07-27 23:11:11 | [31mERROR[0m | yolo_detector.utils.image_utils:load_image:40 - 加载图像失败: /nonexistent/image.jpg, 错误: [Errno 2] No such file or directory: '/nonexistent/image.jpg'
2025-07-27 23:11:12 | [33mWARNING[0m | yolo_detector.utils.image_utils:validate_image_format:259 - 不支持的图像格式: .txt
2025-07-27 23:11:12 | [31mERROR[0m | yolo_detector.utils.image_utils:load_image_pil:59 - PIL加载图像失败: /nonexistent/file.jpg, 错误: [Errno 2] No such file or directory: '/nonexistent/file.jpg'
2025-07-27 23:11:12 | [32mINFO[0m | yolo_detector.utils.file_utils:get_image_files:68 - 找到 4 个图像文件在 C:\Users\julius\AppData\Local\Temp\tmpq888vh75
2025-07-27 23:11:12 | [32mINFO[0m | yolo_detector.utils.file_utils:get_image_files:68 - 找到 0 个图像文件在 C:\Users\julius\AppData\Local\Temp\tmpq888vh75\empty
2025-07-27 23:11:12 | [32mINFO[0m | yolo_detector.utils.file_utils:get_image_files:68 - 找到 4 个图像文件在 C:\Users\julius\AppData\Local\Temp\tmpq888vh75
2025-07-27 23:11:12 | [32mINFO[0m | yolo_detector.utils.file_utils:get_example_images:164 - 获取 2 个示例图像
2025-07-27 23:11:12 | [32mINFO[0m | yolo_detector.utils.file_utils:copy_file:228 - 文件复制成功: C:\Users\julius\AppData\Local\Temp\tmpq888vh75\test_image.jpg -> C:\Users\julius\AppData\Local\Temp\tmpq888vh75\copied_image.jpg
2025-07-27 23:11:12 | [31mERROR[0m | yolo_detector.utils.exceptions:handle_error:171 - Error handled: ValueError - Test error
2025-07-27 23:11:12 | [31mERROR[0m | yolo_detector.utils.exceptions:handle_error:171 - Error handled: ValueError - Function failed
2025-07-27 23:11:12 | [32mINFO[0m | yolo_detector.utils.file_utils:copy_file:228 - 文件复制成功: C:\Users\julius\AppData\Local\Temp\tmpq888vh75\test_image.jpg -> C:\Users\julius\AppData\Local\Temp\tmpq888vh75\copied.jpg
2025-07-27 23:11:24 | [32mINFO[0m | yolo_detector.config.settings:_load_config:49 - 成功加载配置文件: D:\00deeplearn\yolo11\gradi_yolo\configs\default.yaml
2025-07-27 23:11:24 | [32mINFO[0m | yolo_detector.config.settings:_validate_config:126 - 配置验证完成
2025-07-27 23:11:24 | [31mERROR[0m | yolo_detector.core.image_processor:save_image:330 - 保存图像失败: C:\Users\julius\AppData\Local\Temp\tmpnb6yvxy4\saved_image.jpg, 错误: 'JPG'
2025-07-27 23:11:24 | [32mINFO[0m | yolo_detector.core.result_processor:process_batch_results:159 - 批量处理完成: 2/2 成功
2025-07-27 23:11:24 | [32mINFO[0m | yolo_detector.core.result_processor:export_results_to_csv:243 - 结果导出到CSV成功: C:\Users\julius\AppData\Local\Temp\tmpnb6yvxy4\test_results.csv
2025-07-27 23:11:24 | [32mINFO[0m | yolo_detector.core.result_processor:export_results_to_json:274 - 结果导出到JSON成功: C:\Users\julius\AppData\Local\Temp\tmpnb6yvxy4\test_results.json
2025-07-27 23:11:24 | [32mINFO[0m | yolo_detector.core.detector:load_model:241 - 目标检测模型加载成功
2025-07-27 23:11:24 | [32mINFO[0m | yolo_detector.models.model_loader:unload_all_models:201 - 所有模型已卸载
2025-07-27 23:11:24 | [32mINFO[0m | yolo_detector.core.detector:load_model:310 - 图像分割模型加载成功
2025-07-27 23:11:24 | [32mINFO[0m | yolo_detector.models.model_loader:unload_all_models:201 - 所有模型已卸载
2025-07-27 23:11:24 | [32mINFO[0m | yolo_detector.models.model_loader:unload_all_models:201 - 所有模型已卸载
2025-07-27 23:11:24 | [32mINFO[0m | yolo_detector.models.model_loader:unload_all_models:201 - 所有模型已卸载
2025-07-27 23:11:24 | [32mINFO[0m | yolo_detector.models.model_loader:unload_all_models:201 - 所有模型已卸载
2025-07-27 23:11:24 | [32mINFO[0m | yolo_detector.models.model_loader:unload_all_models:201 - 所有模型已卸载
2025-07-27 23:11:24 | [32mINFO[0m | yolo_detector.models.model_loader:unload_all_models:201 - 所有模型已卸载
2025-07-27 23:11:24 | [32mINFO[0m | yolo_detector.models.model_loader:unload_all_models:201 - 所有模型已卸载
2025-07-27 23:12:37 | [32mINFO[0m | yolo_detector.config.settings:_load_config:49 - 成功加载配置文件: D:\00deeplearn\yolo11\gradi_yolo\configs\default.yaml
2025-07-27 23:12:37 | [32mINFO[0m | yolo_detector.config.settings:_validate_config:126 - 配置验证完成
2025-07-27 23:12:37 | [32mINFO[0m | yolo_detector.core.image_processor:save_image:328 - 图像保存成功: C:\Users\julius\AppData\Local\Temp\tmpcfqqsvd7\saved_image.jpg
2025-07-27 23:12:37 | [32mINFO[0m | yolo_detector.core.result_processor:process_batch_results:159 - 批量处理完成: 2/2 成功
2025-07-27 23:12:37 | [32mINFO[0m | yolo_detector.core.result_processor:export_results_to_csv:243 - 结果导出到CSV成功: C:\Users\julius\AppData\Local\Temp\tmpcfqqsvd7\test_results.csv
2025-07-27 23:12:37 | [32mINFO[0m | yolo_detector.core.result_processor:export_results_to_json:274 - 结果导出到JSON成功: C:\Users\julius\AppData\Local\Temp\tmpcfqqsvd7\test_results.json
2025-07-27 23:12:37 | [32mINFO[0m | yolo_detector.models.model_loader:unload_all_models:201 - 所有模型已卸载
2025-07-27 23:12:37 | [33mWARNING[0m | yolo_detector.core.detector:_validate_input:185 - 输入图像为None
2025-07-27 23:12:37 | [31mERROR[0m | yolo_detector.core.detector:_validate_input:192 - 图像文件不存在: /nonexistent/file.jpg
2025-07-27 23:12:37 | [32mINFO[0m | yolo_detector.models.model_loader:unload_all_models:201 - 所有模型已卸载
2025-07-27 23:12:37 | [32mINFO[0m | yolo_detector.models.model_loader:unload_all_models:201 - 所有模型已卸载
2025-07-27 23:12:37 | [32mINFO[0m | yolo_detector.core.detector:load_model:241 - 目标检测模型加载成功
2025-07-27 23:12:37 | [32mINFO[0m | yolo_detector.models.model_loader:unload_all_models:201 - 所有模型已卸载
2025-07-27 23:12:37 | [32mINFO[0m | yolo_detector.core.detector:load_model:310 - 图像分割模型加载成功
2025-07-27 23:12:37 | [32mINFO[0m | yolo_detector.models.model_loader:unload_all_models:201 - 所有模型已卸载
2025-07-27 23:12:37 | [32mINFO[0m | yolo_detector.models.model_loader:unload_all_models:201 - 所有模型已卸载
2025-07-27 23:12:37 | [32mINFO[0m | yolo_detector.models.model_loader:unload_all_models:201 - 所有模型已卸载
2025-07-27 23:12:37 | [32mINFO[0m | yolo_detector.models.model_loader:unload_all_models:201 - 所有模型已卸载
2025-07-27 23:12:53 | [32mINFO[0m | yolo_detector.config.settings:_load_config:49 - 成功加载配置文件: D:\00deeplearn\yolo11\gradi_yolo\configs\default.yaml
2025-07-27 23:12:53 | [32mINFO[0m | yolo_detector.config.settings:_validate_config:126 - 配置验证完成
2025-07-27 23:12:53 | [32mINFO[0m | yolo_detector.config.settings:_load_config:49 - 成功加载配置文件: C:\Users\julius\AppData\Local\Temp\tmpwrzlgtus\test_config.yaml
2025-07-27 23:12:53 | [33mWARNING[0m | yolo_detector.config.settings:_validate_config:105 - 配置文件缺少节: detection，将使用默认值
2025-07-27 23:12:53 | [33mWARNING[0m | yolo_detector.config.settings:_validate_config:105 - 配置文件缺少节: ui，将使用默认值
2025-07-27 23:12:53 | [33mWARNING[0m | yolo_detector.config.settings:_validate_config:113 - detection模型文件不存在: /test/model.pt
2025-07-27 23:12:53 | [33mWARNING[0m | yolo_detector.config.settings:_validate_config:119 - 输入文件夹不存在: /test/input
2025-07-27 23:12:53 | [32mINFO[0m | yolo_detector.config.settings:_validate_config:126 - 配置验证完成
2025-07-27 23:12:53 | [32mINFO[0m | yolo_detector.config.settings:_load_config:49 - 成功加载配置文件: C:\Users\julius\AppData\Local\Temp\tmpwrzlgtus\incomplete_config.yaml
2025-07-27 23:12:53 | [33mWARNING[0m | yolo_detector.config.settings:_validate_config:105 - 配置文件缺少节: data，将使用默认值
2025-07-27 23:12:53 | [33mWARNING[0m | yolo_detector.config.settings:_validate_config:105 - 配置文件缺少节: detection，将使用默认值
2025-07-27 23:12:53 | [33mWARNING[0m | yolo_detector.config.settings:_validate_config:105 - 配置文件缺少节: ui，将使用默认值
2025-07-27 23:12:53 | [33mWARNING[0m | yolo_detector.config.settings:_validate_config:113 - detection模型文件不存在: /nonexistent/model.pt
2025-07-27 23:12:53 | [32mINFO[0m | yolo_detector.config.settings:_validate_config:126 - 配置验证完成
2025-07-27 23:12:53 | [32mINFO[0m | yolo_detector.config.settings:save:200 - 配置已保存到: C:\Users\julius\AppData\Local\Temp\tmpwrzlgtus\saved_config.yaml
2025-07-27 23:12:53 | [32mINFO[0m | yolo_detector.config.settings:_load_config:49 - 成功加载配置文件: D:\00deeplearn\yolo11\gradi_yolo\configs\default.yaml
2025-07-27 23:12:53 | [32mINFO[0m | yolo_detector.config.settings:_validate_config:126 - 配置验证完成
2025-07-27 23:12:53 | [32mINFO[0m | yolo_detector.config.settings:reload:209 - 配置已重新加载
2025-07-27 23:12:53 | [32mINFO[0m | yolo_detector.config.settings:_load_config:49 - 成功加载配置文件: D:\00deeplearn\yolo11\gradi_yolo\configs\default.yaml
2025-07-27 23:12:53 | [32mINFO[0m | yolo_detector.config.settings:_validate_config:126 - 配置验证完成
2025-07-27 23:12:53 | [32mINFO[0m | yolo_detector.config.settings:reload:209 - 配置已重新加载
2025-07-27 23:12:53 | [31mERROR[0m | yolo_detector.config.settings:_load_config:53 - 加载配置文件失败: 配置文件不存在: \nonexistent\config.yaml
2025-07-27 23:12:53 | [31mERROR[0m | yolo_detector.config.settings:_load_config:53 - 加载配置文件失败: mapping values are not allowed here
  in "C:\Users\julius\AppData\Local\Temp\tmpwrzlgtus\invalid.yaml", line 1, column 14
2025-07-27 23:12:53 | [32mINFO[0m | yolo_detector.config.settings:_load_config:49 - 成功加载配置文件: C:\Users\julius\AppData\Local\Temp\tmpwrzlgtus\empty.yaml
2025-07-27 23:12:53 | [33mWARNING[0m | yolo_detector.config.settings:_validate_config:105 - 配置文件缺少节: models，将使用默认值
2025-07-27 23:12:53 | [33mWARNING[0m | yolo_detector.config.settings:_validate_config:105 - 配置文件缺少节: data，将使用默认值
2025-07-27 23:12:53 | [33mWARNING[0m | yolo_detector.config.settings:_validate_config:105 - 配置文件缺少节: detection，将使用默认值
2025-07-27 23:12:53 | [33mWARNING[0m | yolo_detector.config.settings:_validate_config:105 - 配置文件缺少节: ui，将使用默认值
2025-07-27 23:12:53 | [32mINFO[0m | yolo_detector.config.settings:_validate_config:126 - 配置验证完成
2025-07-27 23:12:53 | [32mINFO[0m | yolo_detector.core.image_processor:save_image:328 - 图像保存成功: C:\Users\julius\AppData\Local\Temp\tmpwrzlgtus\saved_image.jpg
2025-07-27 23:12:53 | [32mINFO[0m | yolo_detector.core.result_processor:process_batch_results:159 - 批量处理完成: 2/2 成功
2025-07-27 23:12:53 | [32mINFO[0m | yolo_detector.core.result_processor:export_results_to_csv:243 - 结果导出到CSV成功: C:\Users\julius\AppData\Local\Temp\tmpwrzlgtus\test_results.csv
2025-07-27 23:12:53 | [32mINFO[0m | yolo_detector.core.result_processor:export_results_to_json:274 - 结果导出到JSON成功: C:\Users\julius\AppData\Local\Temp\tmpwrzlgtus\test_results.json
2025-07-27 23:12:53 | [32mINFO[0m | yolo_detector.models.model_loader:unload_all_models:201 - 所有模型已卸载
2025-07-27 23:12:53 | [33mWARNING[0m | yolo_detector.core.detector:_validate_input:185 - 输入图像为None
2025-07-27 23:12:53 | [31mERROR[0m | yolo_detector.core.detector:_validate_input:192 - 图像文件不存在: /nonexistent/file.jpg
2025-07-27 23:12:53 | [32mINFO[0m | yolo_detector.models.model_loader:unload_all_models:201 - 所有模型已卸载
2025-07-27 23:12:53 | [32mINFO[0m | yolo_detector.models.model_loader:unload_all_models:201 - 所有模型已卸载
2025-07-27 23:12:53 | [32mINFO[0m | yolo_detector.core.detector:load_model:241 - 目标检测模型加载成功
2025-07-27 23:12:53 | [32mINFO[0m | yolo_detector.models.model_loader:unload_all_models:201 - 所有模型已卸载
2025-07-27 23:12:53 | [32mINFO[0m | yolo_detector.core.detector:load_model:310 - 图像分割模型加载成功
2025-07-27 23:12:53 | [32mINFO[0m | yolo_detector.models.model_loader:unload_all_models:201 - 所有模型已卸载
2025-07-27 23:12:53 | [32mINFO[0m | yolo_detector.models.model_loader:unload_all_models:201 - 所有模型已卸载
2025-07-27 23:12:53 | [32mINFO[0m | yolo_detector.models.model_loader:unload_all_models:201 - 所有模型已卸载
2025-07-27 23:12:53 | [32mINFO[0m | yolo_detector.models.model_loader:unload_all_models:201 - 所有模型已卸载
2025-07-27 23:12:53 | [31mERROR[0m | yolo_detector.utils.image_utils:load_image_pil:59 - PIL加载图像失败: /nonexistent/image.jpg, 错误: [Errno 2] No such file or directory: '/nonexistent/image.jpg'
2025-07-27 23:12:53 | [31mERROR[0m | yolo_detector.utils.image_utils:load_image:40 - 加载图像失败: /nonexistent/image.jpg, 错误: [Errno 2] No such file or directory: '/nonexistent/image.jpg'
2025-07-27 23:12:53 | [33mWARNING[0m | yolo_detector.utils.image_utils:validate_image_format:259 - 不支持的图像格式: .txt
2025-07-27 23:12:53 | [31mERROR[0m | yolo_detector.utils.image_utils:load_image_pil:59 - PIL加载图像失败: /nonexistent/file.jpg, 错误: [Errno 2] No such file or directory: '/nonexistent/file.jpg'
2025-07-27 23:12:53 | [32mINFO[0m | yolo_detector.utils.file_utils:get_image_files:68 - 找到 5 个图像文件在 C:\Users\julius\AppData\Local\Temp\tmpwrzlgtus
2025-07-27 23:12:53 | [32mINFO[0m | yolo_detector.utils.file_utils:get_image_files:68 - 找到 0 个图像文件在 C:\Users\julius\AppData\Local\Temp\tmpwrzlgtus\empty
2025-07-27 23:12:53 | [32mINFO[0m | yolo_detector.utils.file_utils:get_image_files:68 - 找到 5 个图像文件在 C:\Users\julius\AppData\Local\Temp\tmpwrzlgtus
2025-07-27 23:12:53 | [32mINFO[0m | yolo_detector.utils.file_utils:get_example_images:164 - 获取 2 个示例图像
2025-07-27 23:12:53 | [32mINFO[0m | yolo_detector.utils.file_utils:copy_file:228 - 文件复制成功: C:\Users\julius\AppData\Local\Temp\tmpwrzlgtus\test_image.jpg -> C:\Users\julius\AppData\Local\Temp\tmpwrzlgtus\copied_image.jpg
2025-07-27 23:12:53 | [31mERROR[0m | yolo_detector.utils.exceptions:handle_error:171 - Error handled: ValueError - Test error
2025-07-27 23:12:53 | [31mERROR[0m | yolo_detector.utils.exceptions:handle_error:171 - Error handled: ValueError - Function failed
2025-07-27 23:12:53 | [32mINFO[0m | yolo_detector.utils.file_utils:copy_file:228 - 文件复制成功: C:\Users\julius\AppData\Local\Temp\tmpwrzlgtus\test_image.jpg -> C:\Users\julius\AppData\Local\Temp\tmpwrzlgtus\copied.jpg
2025-07-27 23:19:40 | [32mINFO[0m | yolo_detector.config.settings:_load_config:49 - 成功加载配置文件: D:\00deeplearn\yolo11\gradi_yolo\configs\default.yaml
2025-07-27 23:19:40 | [32mINFO[0m | yolo_detector.config.settings:_validate_config:126 - 配置验证完成
2025-07-27 23:19:40 | [32mINFO[0m | yolo_detector.config.settings:_load_config:49 - 成功加载配置文件: D:\00deeplearn\yolo11\gradi_yolo\configs\default.yaml
2025-07-27 23:19:40 | [32mINFO[0m | yolo_detector.config.settings:_validate_config:126 - 配置验证完成
2025-07-27 23:19:40 | [32mINFO[0m | yolo_detector.models.model_loader:load_model:81 - 开始加载detection模型: D:/00deeplearn/yolo11/【2】训练模型/cls/train_new/weights/best.pt
2025-07-27 23:19:41 | [32mINFO[0m | yolo_detector.models.model_loader:load_model:92 - 成功加载detection模型: D:/00deeplearn/yolo11/【2】训练模型/cls/train_new/weights/best.pt
2025-07-27 23:19:41 | [32mINFO[0m | yolo_detector.models.model_loader:unload_model:185 - 成功卸载detection模型
2025-07-27 23:19:41 | [32mINFO[0m | yolo_detector.models.model_loader:unload_all_models:201 - 所有模型已卸载
2025-07-27 23:19:41 | [32mINFO[0m | yolo_detector.config.settings:_load_config:49 - 成功加载配置文件: D:\00deeplearn\yolo11\gradi_yolo\configs\default.yaml
2025-07-27 23:19:41 | [32mINFO[0m | yolo_detector.config.settings:_validate_config:126 - 配置验证完成
2025-07-27 23:19:41 | [32mINFO[0m | yolo_detector.models.model_loader:unload_all_models:201 - 所有模型已卸载
2025-07-27 23:19:41 | [32mINFO[0m | yolo_detector.config.settings:_load_config:49 - 成功加载配置文件: D:\00deeplearn\yolo11\gradi_yolo\configs\default.yaml
2025-07-27 23:19:41 | [32mINFO[0m | yolo_detector.config.settings:_validate_config:126 - 配置验证完成
2025-07-27 23:19:41 | [32mINFO[0m | yolo_detector.utils.file_utils:get_image_files:68 - 找到 891 个图像文件在 D:\Python\00雪橇打标\20250524
2025-07-27 23:19:41 | [32mINFO[0m | yolo_detector.config.settings:_load_config:49 - 成功加载配置文件: D:\00deeplearn\yolo11\gradi_yolo\configs\default.yaml
2025-07-27 23:19:41 | [32mINFO[0m | yolo_detector.config.settings:_validate_config:126 - 配置验证完成
2025-07-27 23:19:41 | [32mINFO[0m | yolo_detector.utils.file_utils:get_image_files:68 - 找到 891 个图像文件在 D:\Python\00雪橇打标\20250524
2025-07-27 23:19:41 | [32mINFO[0m | yolo_detector.models.model_loader:unload_all_models:201 - 所有模型已卸载
2025-07-27 23:19:41 | [32mINFO[0m | yolo_detector.config.settings:_load_config:49 - 成功加载配置文件: D:\00deeplearn\yolo11\gradi_yolo\configs\default.yaml
2025-07-27 23:19:41 | [32mINFO[0m | yolo_detector.config.settings:_validate_config:126 - 配置验证完成
2025-07-27 23:19:41 | [32mINFO[0m | yolo_detector.config.settings:_load_config:49 - 成功加载配置文件: D:\00deeplearn\yolo11\gradi_yolo\configs\default.yaml
2025-07-27 23:19:41 | [32mINFO[0m | yolo_detector.config.settings:_validate_config:126 - 配置验证完成
2025-07-27 23:19:41 | [32mINFO[0m | __main__:test_logging_system:250 - 这是信息日志
2025-07-27 23:19:41 | [33mWARNING[0m | __main__:test_logging_system:251 - 这是警告信息
2025-07-27 23:19:41 | [32mINFO[0m | yolo_detector.config.settings:_load_config:49 - 成功加载配置文件: D:\00deeplearn\yolo11\gradi_yolo\configs\default.yaml
2025-07-27 23:19:41 | [32mINFO[0m | yolo_detector.config.settings:_validate_config:126 - 配置验证完成
2025-07-27 23:19:41 | [32mINFO[0m | yolo_detector.ui.gradio_app:__init__:55 - Gradio应用初始化完成
2025-07-27 23:19:41 | [32mINFO[0m | yolo_detector.utils.file_utils:get_image_files:68 - 找到 891 个图像文件在 D:\Python\00雪橇打标\20250524
2025-07-27 23:19:41 | [32mINFO[0m | yolo_detector.utils.file_utils:get_example_images:164 - 获取 12 个示例图像
2025-07-27 23:19:41 | [32mINFO[0m | yolo_detector.ui.gradio_app:create_interface:382 - Gradio界面创建完成
2025-07-27 23:19:41 | [32mINFO[0m | yolo_detector.config.settings:_load_config:49 - 成功加载配置文件: D:\00deeplearn\yolo11\gradi_yolo\configs\default.yaml
2025-07-27 23:19:41 | [32mINFO[0m | yolo_detector.config.settings:_validate_config:126 - 配置验证完成
2025-07-27 23:19:41 | [32mINFO[0m | yolo_detector.config.settings:_load_config:49 - 成功加载配置文件: D:\00deeplearn\yolo11\gradi_yolo\configs\default.yaml
2025-07-27 23:19:41 | [32mINFO[0m | yolo_detector.config.settings:_validate_config:126 - 配置验证完成
2025-07-27 23:19:41 | [32mINFO[0m | yolo_detector.config.settings:_load_config:49 - 成功加载配置文件: D:\00deeplearn\yolo11\gradi_yolo\configs\default.yaml
2025-07-27 23:19:41 | [32mINFO[0m | yolo_detector.config.settings:_validate_config:126 - 配置验证完成
2025-07-27 23:19:41 | [32mINFO[0m | yolo_detector.config.settings:_load_config:49 - 成功加载配置文件: D:\00deeplearn\yolo11\gradi_yolo\configs\default.yaml
2025-07-27 23:19:41 | [32mINFO[0m | yolo_detector.config.settings:_validate_config:126 - 配置验证完成
2025-07-27 23:19:41 | [32mINFO[0m | yolo_detector.config.settings:_load_config:49 - 成功加载配置文件: D:\00deeplearn\yolo11\gradi_yolo\configs\default.yaml
2025-07-27 23:19:41 | [32mINFO[0m | yolo_detector.config.settings:_validate_config:126 - 配置验证完成
2025-07-27 23:19:41 | [32mINFO[0m | yolo_detector.config.settings:_load_config:49 - 成功加载配置文件: D:\00deeplearn\yolo11\gradi_yolo\configs\default.yaml
2025-07-27 23:19:41 | [32mINFO[0m | yolo_detector.config.settings:_validate_config:126 - 配置验证完成
2025-07-27 23:19:41 | [32mINFO[0m | yolo_detector.config.settings:_load_config:49 - 成功加载配置文件: D:\00deeplearn\yolo11\gradi_yolo\configs\default.yaml
2025-07-27 23:19:41 | [32mINFO[0m | yolo_detector.config.settings:_validate_config:126 - 配置验证完成
2025-07-27 23:19:41 | [32mINFO[0m | yolo_detector.config.settings:_load_config:49 - 成功加载配置文件: D:\00deeplearn\yolo11\gradi_yolo\configs\default.yaml
2025-07-27 23:19:41 | [32mINFO[0m | yolo_detector.config.settings:_validate_config:126 - 配置验证完成
2025-07-27 23:19:41 | [32mINFO[0m | yolo_detector.config.settings:_load_config:49 - 成功加载配置文件: D:\00deeplearn\yolo11\gradi_yolo\configs\default.yaml
2025-07-27 23:19:41 | [32mINFO[0m | yolo_detector.config.settings:_validate_config:126 - 配置验证完成
2025-07-27 23:19:41 | [32mINFO[0m | yolo_detector.config.settings:_load_config:49 - 成功加载配置文件: D:\00deeplearn\yolo11\gradi_yolo\configs\default.yaml
2025-07-27 23:19:41 | [32mINFO[0m | yolo_detector.config.settings:_validate_config:126 - 配置验证完成
2025-07-27 23:19:41 | [32mINFO[0m | yolo_detector.config.settings:_load_config:49 - 成功加载配置文件: D:\00deeplearn\yolo11\gradi_yolo\configs\default.yaml
2025-07-27 23:19:41 | [32mINFO[0m | yolo_detector.config.settings:_validate_config:126 - 配置验证完成
2025-07-27 23:19:41 | [32mINFO[0m | yolo_detector.config.settings:_load_config:49 - 成功加载配置文件: D:\00deeplearn\yolo11\gradi_yolo\configs\default.yaml
2025-07-27 23:19:41 | [32mINFO[0m | yolo_detector.config.settings:_validate_config:126 - 配置验证完成
2025-07-27 23:19:41 | [32mINFO[0m | yolo_detector.config.settings:_load_config:49 - 成功加载配置文件: D:\00deeplearn\yolo11\gradi_yolo\configs\default.yaml
2025-07-27 23:19:41 | [32mINFO[0m | yolo_detector.config.settings:_validate_config:126 - 配置验证完成
2025-07-27 23:19:41 | [32mINFO[0m | yolo_detector.config.settings:_load_config:49 - 成功加载配置文件: D:\00deeplearn\yolo11\gradi_yolo\configs\default.yaml
2025-07-27 23:19:41 | [32mINFO[0m | yolo_detector.config.settings:_validate_config:126 - 配置验证完成
2025-07-27 23:19:41 | [32mINFO[0m | yolo_detector.config.settings:_load_config:49 - 成功加载配置文件: D:\00deeplearn\yolo11\gradi_yolo\configs\default.yaml
2025-07-27 23:19:41 | [32mINFO[0m | yolo_detector.config.settings:_validate_config:126 - 配置验证完成
2025-07-27 23:19:41 | [32mINFO[0m | yolo_detector.config.settings:_load_config:49 - 成功加载配置文件: D:\00deeplearn\yolo11\gradi_yolo\configs\default.yaml
2025-07-27 23:19:41 | [32mINFO[0m | yolo_detector.config.settings:_validate_config:126 - 配置验证完成
2025-07-27 23:19:41 | [32mINFO[0m | yolo_detector.config.settings:_load_config:49 - 成功加载配置文件: D:\00deeplearn\yolo11\gradi_yolo\configs\default.yaml
2025-07-27 23:19:41 | [32mINFO[0m | yolo_detector.config.settings:_validate_config:126 - 配置验证完成
2025-07-27 23:19:41 | [32mINFO[0m | yolo_detector.config.settings:_load_config:49 - 成功加载配置文件: D:\00deeplearn\yolo11\gradi_yolo\configs\default.yaml
2025-07-27 23:19:41 | [32mINFO[0m | yolo_detector.config.settings:_validate_config:126 - 配置验证完成
2025-07-27 23:19:41 | [32mINFO[0m | yolo_detector.config.settings:_load_config:49 - 成功加载配置文件: D:\00deeplearn\yolo11\gradi_yolo\configs\default.yaml
2025-07-27 23:19:41 | [32mINFO[0m | yolo_detector.config.settings:_validate_config:126 - 配置验证完成
2025-07-27 23:19:41 | [32mINFO[0m | yolo_detector.config.settings:_load_config:49 - 成功加载配置文件: D:\00deeplearn\yolo11\gradi_yolo\configs\default.yaml
2025-07-27 23:19:41 | [32mINFO[0m | yolo_detector.config.settings:_validate_config:126 - 配置验证完成
2025-07-27 23:19:41 | [32mINFO[0m | yolo_detector.config.settings:_load_config:49 - 成功加载配置文件: D:\00deeplearn\yolo11\gradi_yolo\configs\default.yaml
2025-07-27 23:19:41 | [32mINFO[0m | yolo_detector.config.settings:_validate_config:126 - 配置验证完成
2025-07-27 23:19:41 | [32mINFO[0m | yolo_detector.config.settings:_load_config:49 - 成功加载配置文件: D:\00deeplearn\yolo11\gradi_yolo\configs\default.yaml
2025-07-27 23:19:41 | [32mINFO[0m | yolo_detector.config.settings:_validate_config:126 - 配置验证完成
2025-07-27 23:19:41 | [32mINFO[0m | yolo_detector.config.settings:_load_config:49 - 成功加载配置文件: D:\00deeplearn\yolo11\gradi_yolo\configs\default.yaml
2025-07-27 23:19:41 | [32mINFO[0m | yolo_detector.config.settings:_validate_config:126 - 配置验证完成
2025-07-27 23:19:41 | [32mINFO[0m | yolo_detector.config.settings:_load_config:49 - 成功加载配置文件: D:\00deeplearn\yolo11\gradi_yolo\configs\default.yaml
2025-07-27 23:19:41 | [32mINFO[0m | yolo_detector.config.settings:_validate_config:126 - 配置验证完成
2025-07-27 23:19:41 | [32mINFO[0m | yolo_detector.config.settings:_load_config:49 - 成功加载配置文件: D:\00deeplearn\yolo11\gradi_yolo\configs\default.yaml
2025-07-27 23:19:41 | [32mINFO[0m | yolo_detector.config.settings:_validate_config:126 - 配置验证完成
2025-07-27 23:19:41 | [32mINFO[0m | yolo_detector.config.settings:_load_config:49 - 成功加载配置文件: D:\00deeplearn\yolo11\gradi_yolo\configs\default.yaml
2025-07-27 23:19:41 | [32mINFO[0m | yolo_detector.config.settings:_validate_config:126 - 配置验证完成
2025-07-27 23:19:41 | [32mINFO[0m | yolo_detector.config.settings:_load_config:49 - 成功加载配置文件: D:\00deeplearn\yolo11\gradi_yolo\configs\default.yaml
2025-07-27 23:19:41 | [32mINFO[0m | yolo_detector.config.settings:_validate_config:126 - 配置验证完成
2025-07-27 23:19:41 | [32mINFO[0m | yolo_detector.config.settings:_load_config:49 - 成功加载配置文件: D:\00deeplearn\yolo11\gradi_yolo\configs\default.yaml
2025-07-27 23:19:41 | [32mINFO[0m | yolo_detector.config.settings:_validate_config:126 - 配置验证完成
2025-07-27 23:19:41 | [32mINFO[0m | yolo_detector.config.settings:_load_config:49 - 成功加载配置文件: D:\00deeplearn\yolo11\gradi_yolo\configs\default.yaml
2025-07-27 23:19:41 | [32mINFO[0m | yolo_detector.config.settings:_validate_config:126 - 配置验证完成
2025-07-27 23:19:41 | [32mINFO[0m | yolo_detector.config.settings:_load_config:49 - 成功加载配置文件: D:\00deeplearn\yolo11\gradi_yolo\configs\default.yaml
2025-07-27 23:19:41 | [32mINFO[0m | yolo_detector.config.settings:_validate_config:126 - 配置验证完成
2025-07-27 23:19:41 | [32mINFO[0m | yolo_detector.config.settings:_load_config:49 - 成功加载配置文件: D:\00deeplearn\yolo11\gradi_yolo\configs\default.yaml
2025-07-27 23:19:41 | [32mINFO[0m | yolo_detector.config.settings:_validate_config:126 - 配置验证完成
2025-07-27 23:19:41 | [32mINFO[0m | yolo_detector.config.settings:_load_config:49 - 成功加载配置文件: D:\00deeplearn\yolo11\gradi_yolo\configs\default.yaml
2025-07-27 23:19:41 | [32mINFO[0m | yolo_detector.config.settings:_validate_config:126 - 配置验证完成
2025-07-27 23:19:41 | [32mINFO[0m | yolo_detector.config.settings:_load_config:49 - 成功加载配置文件: D:\00deeplearn\yolo11\gradi_yolo\configs\default.yaml
2025-07-27 23:19:41 | [32mINFO[0m | yolo_detector.config.settings:_validate_config:126 - 配置验证完成
2025-07-27 23:19:41 | [32mINFO[0m | yolo_detector.config.settings:_load_config:49 - 成功加载配置文件: D:\00deeplearn\yolo11\gradi_yolo\configs\default.yaml
2025-07-27 23:19:41 | [32mINFO[0m | yolo_detector.config.settings:_validate_config:126 - 配置验证完成
2025-07-27 23:19:41 | [32mINFO[0m | yolo_detector.config.settings:_load_config:49 - 成功加载配置文件: D:\00deeplearn\yolo11\gradi_yolo\configs\default.yaml
2025-07-27 23:19:41 | [32mINFO[0m | yolo_detector.config.settings:_validate_config:126 - 配置验证完成
2025-07-27 23:19:41 | [32mINFO[0m | yolo_detector.config.settings:_load_config:49 - 成功加载配置文件: D:\00deeplearn\yolo11\gradi_yolo\configs\default.yaml
2025-07-27 23:19:41 | [32mINFO[0m | yolo_detector.config.settings:_validate_config:126 - 配置验证完成
2025-07-27 23:19:41 | [32mINFO[0m | yolo_detector.config.settings:_load_config:49 - 成功加载配置文件: D:\00deeplearn\yolo11\gradi_yolo\configs\default.yaml
2025-07-27 23:19:41 | [32mINFO[0m | yolo_detector.config.settings:_validate_config:126 - 配置验证完成
2025-07-27 23:19:41 | [32mINFO[0m | yolo_detector.config.settings:_load_config:49 - 成功加载配置文件: D:\00deeplearn\yolo11\gradi_yolo\configs\default.yaml
2025-07-27 23:19:41 | [32mINFO[0m | yolo_detector.config.settings:_validate_config:126 - 配置验证完成
2025-07-27 23:19:41 | [32mINFO[0m | yolo_detector.config.settings:_load_config:49 - 成功加载配置文件: D:\00deeplearn\yolo11\gradi_yolo\configs\default.yaml
2025-07-27 23:19:41 | [32mINFO[0m | yolo_detector.config.settings:_validate_config:126 - 配置验证完成
2025-07-27 23:19:41 | [32mINFO[0m | yolo_detector.config.settings:_load_config:49 - 成功加载配置文件: D:\00deeplearn\yolo11\gradi_yolo\configs\default.yaml
2025-07-27 23:19:41 | [32mINFO[0m | yolo_detector.config.settings:_validate_config:126 - 配置验证完成
2025-07-27 23:19:41 | [32mINFO[0m | yolo_detector.config.settings:_load_config:49 - 成功加载配置文件: D:\00deeplearn\yolo11\gradi_yolo\configs\default.yaml
2025-07-27 23:19:41 | [32mINFO[0m | yolo_detector.config.settings:_validate_config:126 - 配置验证完成
2025-07-27 23:19:41 | [32mINFO[0m | yolo_detector.config.settings:_load_config:49 - 成功加载配置文件: D:\00deeplearn\yolo11\gradi_yolo\configs\default.yaml
2025-07-27 23:19:41 | [32mINFO[0m | yolo_detector.config.settings:_validate_config:126 - 配置验证完成
2025-07-27 23:19:41 | [32mINFO[0m | yolo_detector.config.settings:_load_config:49 - 成功加载配置文件: D:\00deeplearn\yolo11\gradi_yolo\configs\default.yaml
2025-07-27 23:19:41 | [32mINFO[0m | yolo_detector.config.settings:_validate_config:126 - 配置验证完成
2025-07-27 23:19:42 | [32mINFO[0m | yolo_detector.config.settings:_load_config:49 - 成功加载配置文件: D:\00deeplearn\yolo11\gradi_yolo\configs\default.yaml
2025-07-27 23:19:42 | [32mINFO[0m | yolo_detector.config.settings:_validate_config:126 - 配置验证完成
2025-07-27 23:19:42 | [32mINFO[0m | yolo_detector.config.settings:_load_config:49 - 成功加载配置文件: D:\00deeplearn\yolo11\gradi_yolo\configs\default.yaml
2025-07-27 23:19:42 | [32mINFO[0m | yolo_detector.config.settings:_validate_config:126 - 配置验证完成
2025-07-27 23:19:42 | [32mINFO[0m | yolo_detector.config.settings:_load_config:49 - 成功加载配置文件: D:\00deeplearn\yolo11\gradi_yolo\configs\default.yaml
2025-07-27 23:19:42 | [32mINFO[0m | yolo_detector.config.settings:_validate_config:126 - 配置验证完成
2025-07-27 23:19:42 | [32mINFO[0m | yolo_detector.config.settings:_load_config:49 - 成功加载配置文件: D:\00deeplearn\yolo11\gradi_yolo\configs\default.yaml
2025-07-27 23:19:42 | [32mINFO[0m | yolo_detector.config.settings:_validate_config:126 - 配置验证完成
2025-07-27 23:19:42 | [32mINFO[0m | yolo_detector.config.settings:_load_config:49 - 成功加载配置文件: D:\00deeplearn\yolo11\gradi_yolo\configs\default.yaml
2025-07-27 23:19:42 | [32mINFO[0m | yolo_detector.config.settings:_validate_config:126 - 配置验证完成
2025-07-27 23:19:42 | [32mINFO[0m | yolo_detector.config.settings:_load_config:49 - 成功加载配置文件: D:\00deeplearn\yolo11\gradi_yolo\configs\default.yaml
2025-07-27 23:19:42 | [32mINFO[0m | yolo_detector.config.settings:_validate_config:126 - 配置验证完成
2025-07-27 23:19:42 | [32mINFO[0m | yolo_detector.config.settings:_load_config:49 - 成功加载配置文件: D:\00deeplearn\yolo11\gradi_yolo\configs\default.yaml
2025-07-27 23:19:42 | [32mINFO[0m | yolo_detector.config.settings:_validate_config:126 - 配置验证完成
2025-07-27 23:19:42 | [32mINFO[0m | yolo_detector.config.settings:_load_config:49 - 成功加载配置文件: D:\00deeplearn\yolo11\gradi_yolo\configs\default.yaml
2025-07-27 23:19:42 | [32mINFO[0m | yolo_detector.config.settings:_validate_config:126 - 配置验证完成
2025-07-27 23:19:42 | [32mINFO[0m | yolo_detector.config.settings:_load_config:49 - 成功加载配置文件: D:\00deeplearn\yolo11\gradi_yolo\configs\default.yaml
2025-07-27 23:19:42 | [32mINFO[0m | yolo_detector.config.settings:_validate_config:126 - 配置验证完成
2025-07-27 23:19:42 | [32mINFO[0m | yolo_detector.config.settings:_load_config:49 - 成功加载配置文件: D:\00deeplearn\yolo11\gradi_yolo\configs\default.yaml
2025-07-27 23:19:42 | [32mINFO[0m | yolo_detector.config.settings:_validate_config:126 - 配置验证完成
2025-07-27 23:19:42 | [32mINFO[0m | yolo_detector.config.settings:_load_config:49 - 成功加载配置文件: D:\00deeplearn\yolo11\gradi_yolo\configs\default.yaml
2025-07-27 23:19:42 | [32mINFO[0m | yolo_detector.config.settings:_validate_config:126 - 配置验证完成
2025-07-27 23:19:42 | [32mINFO[0m | yolo_detector.config.settings:_load_config:49 - 成功加载配置文件: D:\00deeplearn\yolo11\gradi_yolo\configs\default.yaml
2025-07-27 23:19:42 | [32mINFO[0m | yolo_detector.config.settings:_validate_config:126 - 配置验证完成
2025-07-27 23:19:42 | [32mINFO[0m | yolo_detector.config.settings:_load_config:49 - 成功加载配置文件: D:\00deeplearn\yolo11\gradi_yolo\configs\default.yaml
2025-07-27 23:19:42 | [32mINFO[0m | yolo_detector.config.settings:_validate_config:126 - 配置验证完成
2025-07-27 23:19:42 | [32mINFO[0m | yolo_detector.config.settings:_load_config:49 - 成功加载配置文件: D:\00deeplearn\yolo11\gradi_yolo\configs\default.yaml
2025-07-27 23:19:42 | [32mINFO[0m | yolo_detector.config.settings:_validate_config:126 - 配置验证完成
2025-07-27 23:19:42 | [32mINFO[0m | yolo_detector.config.settings:_load_config:49 - 成功加载配置文件: D:\00deeplearn\yolo11\gradi_yolo\configs\default.yaml
2025-07-27 23:19:42 | [32mINFO[0m | yolo_detector.config.settings:_validate_config:126 - 配置验证完成
2025-07-27 23:19:42 | [32mINFO[0m | yolo_detector.config.settings:_load_config:49 - 成功加载配置文件: D:\00deeplearn\yolo11\gradi_yolo\configs\default.yaml
2025-07-27 23:19:42 | [32mINFO[0m | yolo_detector.config.settings:_validate_config:126 - 配置验证完成
2025-07-27 23:19:42 | [32mINFO[0m | yolo_detector.config.settings:_load_config:49 - 成功加载配置文件: D:\00deeplearn\yolo11\gradi_yolo\configs\default.yaml
2025-07-27 23:19:42 | [32mINFO[0m | yolo_detector.config.settings:_validate_config:126 - 配置验证完成
2025-07-27 23:19:42 | [32mINFO[0m | yolo_detector.config.settings:_load_config:49 - 成功加载配置文件: D:\00deeplearn\yolo11\gradi_yolo\configs\default.yaml
2025-07-27 23:19:42 | [32mINFO[0m | yolo_detector.config.settings:_validate_config:126 - 配置验证完成
2025-07-27 23:19:42 | [32mINFO[0m | yolo_detector.config.settings:_load_config:49 - 成功加载配置文件: D:\00deeplearn\yolo11\gradi_yolo\configs\default.yaml
2025-07-27 23:19:42 | [32mINFO[0m | yolo_detector.config.settings:_validate_config:126 - 配置验证完成
2025-07-27 23:19:42 | [32mINFO[0m | yolo_detector.config.settings:_load_config:49 - 成功加载配置文件: D:\00deeplearn\yolo11\gradi_yolo\configs\default.yaml
2025-07-27 23:19:42 | [32mINFO[0m | yolo_detector.config.settings:_validate_config:126 - 配置验证完成
2025-07-27 23:19:42 | [32mINFO[0m | yolo_detector.config.settings:_load_config:49 - 成功加载配置文件: D:\00deeplearn\yolo11\gradi_yolo\configs\default.yaml
2025-07-27 23:19:42 | [32mINFO[0m | yolo_detector.config.settings:_validate_config:126 - 配置验证完成
2025-07-27 23:19:42 | [32mINFO[0m | yolo_detector.config.settings:_load_config:49 - 成功加载配置文件: D:\00deeplearn\yolo11\gradi_yolo\configs\default.yaml
2025-07-27 23:19:42 | [32mINFO[0m | yolo_detector.config.settings:_validate_config:126 - 配置验证完成
2025-07-27 23:19:42 | [32mINFO[0m | yolo_detector.config.settings:_load_config:49 - 成功加载配置文件: D:\00deeplearn\yolo11\gradi_yolo\configs\default.yaml
2025-07-27 23:19:42 | [32mINFO[0m | yolo_detector.config.settings:_validate_config:126 - 配置验证完成
2025-07-27 23:19:42 | [32mINFO[0m | yolo_detector.config.settings:_load_config:49 - 成功加载配置文件: D:\00deeplearn\yolo11\gradi_yolo\configs\default.yaml
2025-07-27 23:19:42 | [32mINFO[0m | yolo_detector.config.settings:_validate_config:126 - 配置验证完成
2025-07-27 23:19:42 | [32mINFO[0m | yolo_detector.config.settings:_load_config:49 - 成功加载配置文件: D:\00deeplearn\yolo11\gradi_yolo\configs\default.yaml
2025-07-27 23:19:42 | [32mINFO[0m | yolo_detector.config.settings:_validate_config:126 - 配置验证完成
2025-07-27 23:19:42 | [32mINFO[0m | yolo_detector.config.settings:_load_config:49 - 成功加载配置文件: D:\00deeplearn\yolo11\gradi_yolo\configs\default.yaml
2025-07-27 23:19:42 | [32mINFO[0m | yolo_detector.config.settings:_validate_config:126 - 配置验证完成
2025-07-27 23:19:42 | [32mINFO[0m | yolo_detector.config.settings:_load_config:49 - 成功加载配置文件: D:\00deeplearn\yolo11\gradi_yolo\configs\default.yaml
2025-07-27 23:19:42 | [32mINFO[0m | yolo_detector.config.settings:_validate_config:126 - 配置验证完成
2025-07-27 23:19:42 | [32mINFO[0m | yolo_detector.config.settings:_load_config:49 - 成功加载配置文件: D:\00deeplearn\yolo11\gradi_yolo\configs\default.yaml
2025-07-27 23:19:42 | [32mINFO[0m | yolo_detector.config.settings:_validate_config:126 - 配置验证完成
2025-07-27 23:19:42 | [32mINFO[0m | yolo_detector.config.settings:_load_config:49 - 成功加载配置文件: D:\00deeplearn\yolo11\gradi_yolo\configs\default.yaml
2025-07-27 23:19:42 | [32mINFO[0m | yolo_detector.config.settings:_validate_config:126 - 配置验证完成
2025-07-27 23:19:42 | [32mINFO[0m | yolo_detector.config.settings:_load_config:49 - 成功加载配置文件: D:\00deeplearn\yolo11\gradi_yolo\configs\default.yaml
2025-07-27 23:19:42 | [32mINFO[0m | yolo_detector.config.settings:_validate_config:126 - 配置验证完成
2025-07-27 23:19:42 | [32mINFO[0m | yolo_detector.config.settings:_load_config:49 - 成功加载配置文件: D:\00deeplearn\yolo11\gradi_yolo\configs\default.yaml
2025-07-27 23:19:42 | [32mINFO[0m | yolo_detector.config.settings:_validate_config:126 - 配置验证完成
2025-07-27 23:19:42 | [32mINFO[0m | yolo_detector.config.settings:_load_config:49 - 成功加载配置文件: D:\00deeplearn\yolo11\gradi_yolo\configs\default.yaml
2025-07-27 23:19:42 | [32mINFO[0m | yolo_detector.config.settings:_validate_config:126 - 配置验证完成
2025-07-27 23:19:42 | [32mINFO[0m | yolo_detector.config.settings:_load_config:49 - 成功加载配置文件: D:\00deeplearn\yolo11\gradi_yolo\configs\default.yaml
2025-07-27 23:19:42 | [32mINFO[0m | yolo_detector.config.settings:_validate_config:126 - 配置验证完成
2025-07-27 23:19:42 | [32mINFO[0m | yolo_detector.config.settings:_load_config:49 - 成功加载配置文件: D:\00deeplearn\yolo11\gradi_yolo\configs\default.yaml
2025-07-27 23:19:42 | [32mINFO[0m | yolo_detector.config.settings:_validate_config:126 - 配置验证完成
2025-07-27 23:19:42 | [32mINFO[0m | yolo_detector.config.settings:_load_config:49 - 成功加载配置文件: D:\00deeplearn\yolo11\gradi_yolo\configs\default.yaml
2025-07-27 23:19:42 | [32mINFO[0m | yolo_detector.config.settings:_validate_config:126 - 配置验证完成
2025-07-27 23:19:42 | [32mINFO[0m | yolo_detector.config.settings:_load_config:49 - 成功加载配置文件: D:\00deeplearn\yolo11\gradi_yolo\configs\default.yaml
2025-07-27 23:19:42 | [32mINFO[0m | yolo_detector.config.settings:_validate_config:126 - 配置验证完成
2025-07-27 23:19:42 | [32mINFO[0m | yolo_detector.config.settings:_load_config:49 - 成功加载配置文件: D:\00deeplearn\yolo11\gradi_yolo\configs\default.yaml
2025-07-27 23:19:42 | [32mINFO[0m | yolo_detector.config.settings:_validate_config:126 - 配置验证完成
2025-07-27 23:19:42 | [32mINFO[0m | yolo_detector.config.settings:_load_config:49 - 成功加载配置文件: D:\00deeplearn\yolo11\gradi_yolo\configs\default.yaml
2025-07-27 23:19:42 | [32mINFO[0m | yolo_detector.config.settings:_validate_config:126 - 配置验证完成
2025-07-27 23:19:42 | [32mINFO[0m | yolo_detector.config.settings:_load_config:49 - 成功加载配置文件: D:\00deeplearn\yolo11\gradi_yolo\configs\default.yaml
2025-07-27 23:19:42 | [32mINFO[0m | yolo_detector.config.settings:_validate_config:126 - 配置验证完成
2025-07-27 23:19:42 | [32mINFO[0m | yolo_detector.config.settings:_load_config:49 - 成功加载配置文件: D:\00deeplearn\yolo11\gradi_yolo\configs\default.yaml
2025-07-27 23:19:42 | [32mINFO[0m | yolo_detector.config.settings:_validate_config:126 - 配置验证完成
2025-07-27 23:19:42 | [32mINFO[0m | yolo_detector.config.settings:_load_config:49 - 成功加载配置文件: D:\00deeplearn\yolo11\gradi_yolo\configs\default.yaml
2025-07-27 23:19:42 | [32mINFO[0m | yolo_detector.config.settings:_validate_config:126 - 配置验证完成
2025-07-27 23:19:42 | [32mINFO[0m | yolo_detector.config.settings:_load_config:49 - 成功加载配置文件: D:\00deeplearn\yolo11\gradi_yolo\configs\default.yaml
2025-07-27 23:19:42 | [32mINFO[0m | yolo_detector.config.settings:_validate_config:126 - 配置验证完成
2025-07-27 23:19:42 | [32mINFO[0m | yolo_detector.config.settings:_load_config:49 - 成功加载配置文件: D:\00deeplearn\yolo11\gradi_yolo\configs\default.yaml
2025-07-27 23:19:42 | [32mINFO[0m | yolo_detector.config.settings:_validate_config:126 - 配置验证完成
2025-07-27 23:19:42 | [32mINFO[0m | yolo_detector.config.settings:_load_config:49 - 成功加载配置文件: D:\00deeplearn\yolo11\gradi_yolo\configs\default.yaml
2025-07-27 23:19:42 | [32mINFO[0m | yolo_detector.config.settings:_validate_config:126 - 配置验证完成
2025-07-27 23:19:42 | [32mINFO[0m | yolo_detector.config.settings:_load_config:49 - 成功加载配置文件: D:\00deeplearn\yolo11\gradi_yolo\configs\default.yaml
2025-07-27 23:19:42 | [32mINFO[0m | yolo_detector.config.settings:_validate_config:126 - 配置验证完成
2025-07-27 23:19:42 | [32mINFO[0m | yolo_detector.config.settings:_load_config:49 - 成功加载配置文件: D:\00deeplearn\yolo11\gradi_yolo\configs\default.yaml
2025-07-27 23:19:42 | [32mINFO[0m | yolo_detector.config.settings:_validate_config:126 - 配置验证完成
2025-07-27 23:19:42 | [32mINFO[0m | yolo_detector.config.settings:_load_config:49 - 成功加载配置文件: D:\00deeplearn\yolo11\gradi_yolo\configs\default.yaml
2025-07-27 23:19:42 | [32mINFO[0m | yolo_detector.config.settings:_validate_config:126 - 配置验证完成
2025-07-27 23:19:42 | [32mINFO[0m | yolo_detector.config.settings:_load_config:49 - 成功加载配置文件: D:\00deeplearn\yolo11\gradi_yolo\configs\default.yaml
2025-07-27 23:19:42 | [32mINFO[0m | yolo_detector.config.settings:_validate_config:126 - 配置验证完成
2025-07-27 23:19:42 | [32mINFO[0m | yolo_detector.config.settings:_load_config:49 - 成功加载配置文件: D:\00deeplearn\yolo11\gradi_yolo\configs\default.yaml
2025-07-27 23:19:42 | [32mINFO[0m | yolo_detector.config.settings:_validate_config:126 - 配置验证完成
2025-07-27 23:19:42 | [32mINFO[0m | yolo_detector.config.settings:_load_config:49 - 成功加载配置文件: D:\00deeplearn\yolo11\gradi_yolo\configs\default.yaml
2025-07-27 23:19:42 | [32mINFO[0m | yolo_detector.config.settings:_validate_config:126 - 配置验证完成
2025-07-27 23:19:42 | [32mINFO[0m | yolo_detector.config.settings:_load_config:49 - 成功加载配置文件: D:\00deeplearn\yolo11\gradi_yolo\configs\default.yaml
2025-07-27 23:19:42 | [32mINFO[0m | yolo_detector.config.settings:_validate_config:126 - 配置验证完成
2025-07-27 23:19:42 | [32mINFO[0m | yolo_detector.config.settings:_load_config:49 - 成功加载配置文件: D:\00deeplearn\yolo11\gradi_yolo\configs\default.yaml
2025-07-27 23:19:42 | [32mINFO[0m | yolo_detector.config.settings:_validate_config:126 - 配置验证完成
2025-07-27 23:19:42 | [32mINFO[0m | yolo_detector.config.settings:_load_config:49 - 成功加载配置文件: D:\00deeplearn\yolo11\gradi_yolo\configs\default.yaml
2025-07-27 23:19:42 | [32mINFO[0m | yolo_detector.config.settings:_validate_config:126 - 配置验证完成
2025-07-27 23:19:42 | [32mINFO[0m | yolo_detector.config.settings:_load_config:49 - 成功加载配置文件: D:\00deeplearn\yolo11\gradi_yolo\configs\default.yaml
2025-07-27 23:19:42 | [32mINFO[0m | yolo_detector.config.settings:_validate_config:126 - 配置验证完成
2025-07-27 23:19:42 | [32mINFO[0m | yolo_detector.config.settings:_load_config:49 - 成功加载配置文件: D:\00deeplearn\yolo11\gradi_yolo\configs\default.yaml
2025-07-27 23:19:42 | [32mINFO[0m | yolo_detector.config.settings:_validate_config:126 - 配置验证完成
2025-07-27 23:19:42 | [32mINFO[0m | yolo_detector.config.settings:_load_config:49 - 成功加载配置文件: D:\00deeplearn\yolo11\gradi_yolo\configs\default.yaml
2025-07-27 23:19:42 | [32mINFO[0m | yolo_detector.config.settings:_validate_config:126 - 配置验证完成
2025-07-27 23:19:42 | [32mINFO[0m | yolo_detector.config.settings:_load_config:49 - 成功加载配置文件: D:\00deeplearn\yolo11\gradi_yolo\configs\default.yaml
2025-07-27 23:19:42 | [32mINFO[0m | yolo_detector.config.settings:_validate_config:126 - 配置验证完成
2025-07-27 23:19:42 | [32mINFO[0m | yolo_detector.config.settings:_load_config:49 - 成功加载配置文件: D:\00deeplearn\yolo11\gradi_yolo\configs\default.yaml
2025-07-27 23:19:42 | [32mINFO[0m | yolo_detector.config.settings:_validate_config:126 - 配置验证完成
2025-07-27 23:19:42 | [32mINFO[0m | yolo_detector.models.model_loader:unload_all_models:201 - 所有模型已卸载
2025-07-27 23:19:42 | [32mINFO[0m | yolo_detector.models.model_loader:unload_all_models:201 - 所有模型已卸载
2025-07-27 23:19:42 | [32mINFO[0m | yolo_detector.models.model_loader:unload_all_models:201 - 所有模型已卸载
2025-07-27 23:19:42 | [32mINFO[0m | yolo_detector.models.model_loader:unload_all_models:201 - 所有模型已卸载
2025-07-27 23:19:42 | [32mINFO[0m | yolo_detector.models.model_loader:unload_all_models:201 - 所有模型已卸载
2025-07-27 23:19:42 | [32mINFO[0m | yolo_detector.models.model_loader:unload_all_models:201 - 所有模型已卸载
2025-07-27 23:19:42 | [32mINFO[0m | yolo_detector.models.model_loader:unload_all_models:201 - 所有模型已卸载
2025-07-27 23:19:42 | [32mINFO[0m | yolo_detector.models.model_loader:unload_all_models:201 - 所有模型已卸载
2025-07-27 23:19:42 | [32mINFO[0m | yolo_detector.models.model_loader:unload_all_models:201 - 所有模型已卸载
2025-07-27 23:19:42 | [32mINFO[0m | yolo_detector.models.model_loader:unload_all_models:201 - 所有模型已卸载
2025-07-27 23:19:55 | [32mINFO[0m | httpx:_send_single_request:1025 - HTTP Request: GET https://api.gradio.app/pkg-version "HTTP/1.1 200 OK"
2025-07-27 23:20:13 | [32mINFO[0m | yolo_detector.models.model_loader:unload_all_models:201 - 所有模型已卸载
2025-07-27 23:20:27 | [32mINFO[0m | yolo_detector.config.settings:_load_config:49 - 成功加载配置文件: D:\00deeplearn\yolo11\gradi_yolo\configs\default.yaml
2025-07-27 23:20:27 | [32mINFO[0m | yolo_detector.config.settings:_validate_config:126 - 配置验证完成
2025-07-27 23:20:27 | [32mINFO[0m | __main__:setup_environment:36 - 环境设置完成
2025-07-27 23:20:27 | [32mINFO[0m | yolo_detector.models.model_loader:unload_all_models:201 - 所有模型已卸载
2025-07-27 23:26:21 | [32mINFO[0m | yolo_detector.config.settings:_load_config:49 - 成功加载配置文件: D:\00deeplearn\yolo11\gradi_yolo\configs\default.yaml
2025-07-27 23:26:21 | [32mINFO[0m | yolo_detector.config.settings:_validate_config:126 - 配置验证完成
2025-07-27 23:26:21 | [32mINFO[0m | __main__:setup_environment:36 - 环境设置完成
2025-07-27 23:26:21 | [32mINFO[0m | __main__:run_web_interface:49 - 启动Web界面...
2025-07-27 23:26:21 | [32mINFO[0m | yolo_detector.ui.gradio_app:__init__:55 - Gradio应用初始化完成
2025-07-27 23:26:22 | [32mINFO[0m | yolo_detector.utils.file_utils:get_image_files:68 - 找到 891 个图像文件在 D:\Python\00雪橇打标\20250524
2025-07-27 23:26:22 | [32mINFO[0m | yolo_detector.utils.file_utils:get_example_images:164 - 获取 12 个示例图像
2025-07-27 23:26:22 | [32mINFO[0m | yolo_detector.ui.gradio_app:create_interface:382 - Gradio界面创建完成
2025-07-27 23:26:22 | [31mERROR[0m | __main__:run_web_interface:65 - 启动Web界面失败: Cannot find empty port in range: 7860-7860. You can specify a different port by setting the GRADIO_SERVER_PORT environment variable or passing the `server_port` parameter to `launch()`.
2025-07-27 23:26:54 | [32mINFO[0m | yolo_detector.models.model_loader:unload_all_models:201 - 所有模型已卸载
2025-07-27 23:27:16 | [32mINFO[0m | yolo_detector.config.settings:_load_config:49 - 成功加载配置文件: D:\00deeplearn\yolo11\gradi_yolo\configs\default.yaml
2025-07-27 23:27:16 | [32mINFO[0m | yolo_detector.config.settings:_validate_config:126 - 配置验证完成
2025-07-27 23:27:16 | [32mINFO[0m | __main__:setup_environment:36 - 环境设置完成
2025-07-27 23:27:16 | [32mINFO[0m | __main__:run_web_interface:49 - 启动Web界面...
2025-07-27 23:27:16 | [32mINFO[0m | yolo_detector.ui.gradio_app:__init__:55 - Gradio应用初始化完成
2025-07-27 23:27:16 | [32mINFO[0m | yolo_detector.utils.file_utils:get_image_files:68 - 找到 891 个图像文件在 D:\Python\00雪橇打标\20250524
2025-07-27 23:27:16 | [32mINFO[0m | yolo_detector.utils.file_utils:get_example_images:164 - 获取 12 个示例图像
2025-07-27 23:27:16 | [32mINFO[0m | yolo_detector.ui.gradio_app:create_interface:382 - Gradio界面创建完成
2025-07-27 23:27:16 | [31mERROR[0m | __main__:run_web_interface:65 - 启动Web界面失败: Cannot find empty port in range: 7860-7860. You can specify a different port by setting the GRADIO_SERVER_PORT environment variable or passing the `server_port` parameter to `launch()`.
2025-07-27 23:27:19 | [32mINFO[0m | httpx:_send_single_request:1025 - HTTP Request: GET https://api.gradio.app/pkg-version "HTTP/1.1 200 OK"
2025-07-27 23:27:37 | [32mINFO[0m | yolo_detector.models.model_loader:unload_all_models:201 - 所有模型已卸载
2025-07-27 23:28:32 | [32mINFO[0m | yolo_detector.config.settings:_load_config:49 - 成功加载配置文件: D:\00deeplearn\yolo11\gradi_yolo\configs\default.yaml
2025-07-27 23:28:32 | [32mINFO[0m | yolo_detector.config.settings:_validate_config:126 - 配置验证完成
2025-07-27 23:28:32 | [32mINFO[0m | __main__:setup_environment:36 - 环境设置完成
2025-07-27 23:28:32 | [32mINFO[0m | __main__:run_web_interface:49 - 启动Web界面...
2025-07-27 23:28:32 | [32mINFO[0m | yolo_detector.ui.gradio_app:__init__:55 - Gradio应用初始化完成
2025-07-27 23:28:32 | [32mINFO[0m | yolo_detector.utils.file_utils:get_image_files:68 - 找到 891 个图像文件在 D:\Python\00雪橇打标\20250524
2025-07-27 23:28:32 | [32mINFO[0m | yolo_detector.utils.file_utils:get_example_images:164 - 获取 12 个示例图像
2025-07-27 23:28:32 | [32mINFO[0m | yolo_detector.ui.gradio_app:create_interface:382 - Gradio界面创建完成
2025-07-27 23:28:32 | [32mINFO[0m | httpx:_send_single_request:1025 - HTTP Request: GET http://127.0.0.1:7861/gradio_api/startup-events "HTTP/1.1 200 OK"
2025-07-27 23:28:32 | [32mINFO[0m | httpx:_send_single_request:1025 - HTTP Request: HEAD http://127.0.0.1:7861/ "HTTP/1.1 200 OK"
2025-07-27 23:28:33 | [32mINFO[0m | httpx:_send_single_request:1025 - HTTP Request: GET https://api.gradio.app/pkg-version "HTTP/1.1 200 OK"
2025-07-27 23:29:30 | [32mINFO[0m | yolo_detector.models.model_loader:load_model:81 - 开始加载detection模型: D:/00deeplearn/yolo11/【2】训练模型/cls/train_new/weights/best.pt
2025-07-27 23:29:30 | [32mINFO[0m | yolo_detector.models.model_loader:load_model:92 - 成功加载detection模型: D:/00deeplearn/yolo11/【2】训练模型/cls/train_new/weights/best.pt
2025-07-27 23:29:30 | [32mINFO[0m | yolo_detector.core.detector:load_model:241 - 目标检测模型加载成功
2025-07-27 23:29:34 | [32mINFO[0m | yolo_detector.core.detector:detect:287 - 目标检测完成
2025-07-27 23:29:34 | [32mINFO[0m | yolo_detector.ui.gradio_app:detect_image:134 - 检测完成: 1 个对象
2025-07-27 23:29:38 | [32mINFO[0m | yolo_detector.utils.file_utils:get_image_files:68 - 找到 891 个图像文件在 D:\Python\00雪橇打标\20250524
2025-07-27 23:29:38 | [32mINFO[0m | yolo_detector.utils.file_utils:get_example_images:164 - 获取 12 个示例图像
2025-07-27 23:29:38 | [32mINFO[0m | yolo_detector.ui.gradio_app:use_example_image:195 - 使用示例图像: 1004_20250524_215518.jpg
2025-07-27 23:29:39 | [32mINFO[0m | yolo_detector.core.detector:detect:287 - 目标检测完成
2025-07-27 23:29:39 | [32mINFO[0m | yolo_detector.ui.gradio_app:detect_image:134 - 检测完成: 1 个对象
2025-07-27 23:29:42 | [32mINFO[0m | yolo_detector.utils.file_utils:get_image_files:68 - 找到 891 个图像文件在 D:\Python\00雪橇打标\20250524
2025-07-27 23:29:42 | [32mINFO[0m | yolo_detector.utils.file_utils:get_example_images:164 - 获取 12 个示例图像
2025-07-27 23:29:42 | [32mINFO[0m | yolo_detector.ui.gradio_app:use_example_image:195 - 使用示例图像: 1004_20250524_091904.jpg
2025-07-27 23:29:42 | [32mINFO[0m | yolo_detector.models.model_loader:load_model:81 - 开始加载segmentation模型: D:/00deeplearn/yolo11/【2】训练模型/seg/train2_new/weights/best.pt
2025-07-27 23:29:42 | [32mINFO[0m | yolo_detector.models.model_loader:load_model:92 - 成功加载segmentation模型: D:/00deeplearn/yolo11/【2】训练模型/seg/train2_new/weights/best.pt
2025-07-27 23:29:42 | [32mINFO[0m | yolo_detector.core.detector:load_model:310 - 图像分割模型加载成功
2025-07-27 23:29:42 | [32mINFO[0m | yolo_detector.ui.gradio_app:switch_detector:88 - 切换到图像分割模式
2025-07-27 23:29:43 | [32mINFO[0m | yolo_detector.core.detector:detect:361 - 图像分割完成
2025-07-27 23:29:43 | [32mINFO[0m | yolo_detector.ui.gradio_app:detect_image:134 - 检测完成: 2 个对象
2025-07-27 23:29:57 | [32mINFO[0m | yolo_detector.utils.file_utils:get_image_files:68 - 找到 891 个图像文件在 D:\Python\00雪橇打标\20250524
2025-07-27 23:29:57 | [32mINFO[0m | yolo_detector.utils.file_utils:get_example_images:164 - 获取 12 个示例图像
2025-07-27 23:29:57 | [32mINFO[0m | yolo_detector.ui.gradio_app:use_example_image:195 - 使用示例图像: 1004_20250524_215518.jpg
2025-07-27 23:29:57 | [32mINFO[0m | yolo_detector.ui.gradio_app:switch_detector:88 - 切换到目标检测模式
2025-07-27 23:29:57 | [32mINFO[0m | yolo_detector.core.detector:detect:287 - 目标检测完成
2025-07-27 23:29:57 | [32mINFO[0m | yolo_detector.ui.gradio_app:detect_image:134 - 检测完成: 1 个对象
2025-07-27 23:29:59 | [32mINFO[0m | yolo_detector.utils.file_utils:get_image_files:68 - 找到 891 个图像文件在 D:\Python\00雪橇打标\20250524
2025-07-27 23:29:59 | [32mINFO[0m | yolo_detector.utils.file_utils:get_example_images:164 - 获取 12 个示例图像
2025-07-27 23:29:59 | [32mINFO[0m | yolo_detector.ui.gradio_app:use_example_image:195 - 使用示例图像: 1005_20250524_210715.jpg
2025-07-27 23:29:59 | [32mINFO[0m | yolo_detector.core.detector:detect:287 - 目标检测完成
2025-07-27 23:29:59 | [32mINFO[0m | yolo_detector.ui.gradio_app:detect_image:134 - 检测完成: 1 个对象
2025-07-27 23:30:00 | [32mINFO[0m | yolo_detector.utils.file_utils:get_image_files:68 - 找到 891 个图像文件在 D:\Python\00雪橇打标\20250524
2025-07-27 23:30:00 | [32mINFO[0m | yolo_detector.utils.file_utils:get_example_images:164 - 获取 12 个示例图像
2025-07-27 23:30:00 | [32mINFO[0m | yolo_detector.ui.gradio_app:use_example_image:195 - 使用示例图像: 1007_20250524_170520.jpg
2025-07-27 23:30:00 | [32mINFO[0m | yolo_detector.core.detector:detect:287 - 目标检测完成
2025-07-27 23:30:00 | [32mINFO[0m | yolo_detector.ui.gradio_app:detect_image:134 - 检测完成: 2 个对象
2025-07-27 23:30:02 | [32mINFO[0m | yolo_detector.utils.file_utils:get_image_files:68 - 找到 891 个图像文件在 D:\Python\00雪橇打标\20250524
2025-07-27 23:30:02 | [32mINFO[0m | yolo_detector.utils.file_utils:get_example_images:164 - 获取 12 个示例图像
2025-07-27 23:30:02 | [32mINFO[0m | yolo_detector.ui.gradio_app:use_example_image:195 - 使用示例图像: 1008_20250524_052917.jpg
2025-07-27 23:30:03 | [32mINFO[0m | yolo_detector.core.detector:detect:287 - 目标检测完成
2025-07-27 23:30:03 | [32mINFO[0m | yolo_detector.ui.gradio_app:detect_image:134 - 检测完成: 1 个对象
2025-07-27 23:30:04 | [32mINFO[0m | yolo_detector.utils.file_utils:get_image_files:68 - 找到 891 个图像文件在 D:\Python\00雪橇打标\20250524
2025-07-27 23:30:04 | [32mINFO[0m | yolo_detector.utils.file_utils:get_example_images:164 - 获取 12 个示例图像
2025-07-27 23:30:04 | [32mINFO[0m | yolo_detector.ui.gradio_app:use_example_image:195 - 使用示例图像: 1015_20250524_003415.jpg
2025-07-27 23:30:04 | [32mINFO[0m | yolo_detector.core.detector:detect:287 - 目标检测完成
2025-07-27 23:30:04 | [32mINFO[0m | yolo_detector.ui.gradio_app:detect_image:134 - 检测完成: 1 个对象
2025-07-27 23:30:12 | [32mINFO[0m | yolo_detector.utils.file_utils:get_image_files:68 - 找到 891 个图像文件在 D:\Python\00雪橇打标\20250524
2025-07-27 23:30:12 | [32mINFO[0m | yolo_detector.utils.file_utils:get_example_images:164 - 获取 12 个示例图像
2025-07-27 23:30:12 | [32mINFO[0m | yolo_detector.ui.gradio_app:use_example_image:195 - 使用示例图像: 1005_20250524_055233.jpg
2025-07-27 23:30:13 | [32mINFO[0m | yolo_detector.core.detector:detect:287 - 目标检测完成
2025-07-27 23:30:13 | [32mINFO[0m | yolo_detector.ui.gradio_app:detect_image:134 - 检测完成: 1 个对象
2025-07-27 23:30:15 | [32mINFO[0m | yolo_detector.utils.file_utils:get_image_files:68 - 找到 891 个图像文件在 D:\Python\00雪橇打标\20250524
2025-07-27 23:30:15 | [32mINFO[0m | yolo_detector.utils.file_utils:get_example_images:164 - 获取 12 个示例图像
2025-07-27 23:30:15 | [32mINFO[0m | yolo_detector.ui.gradio_app:use_example_image:195 - 使用示例图像: 1005_20250524_210715.jpg
2025-07-27 23:30:16 | [32mINFO[0m | yolo_detector.core.detector:detect:287 - 目标检测完成
2025-07-27 23:30:16 | [32mINFO[0m | yolo_detector.ui.gradio_app:detect_image:134 - 检测完成: 1 个对象
2025-07-27 23:30:18 | [32mINFO[0m | yolo_detector.utils.file_utils:get_image_files:68 - 找到 891 个图像文件在 D:\Python\00雪橇打标\20250524
2025-07-27 23:30:18 | [32mINFO[0m | yolo_detector.utils.file_utils:get_example_images:164 - 获取 12 个示例图像
2025-07-27 23:30:18 | [32mINFO[0m | yolo_detector.ui.gradio_app:use_example_image:195 - 使用示例图像: 1007_20250524_170520.jpg
2025-07-27 23:30:18 | [32mINFO[0m | yolo_detector.core.detector:detect:287 - 目标检测完成
2025-07-27 23:30:18 | [32mINFO[0m | yolo_detector.ui.gradio_app:detect_image:134 - 检测完成: 2 个对象
2025-07-27 23:30:24 | [32mINFO[0m | yolo_detector.utils.file_utils:get_image_files:68 - 找到 891 个图像文件在 D:\Python\00雪橇打标\20250524
2025-07-27 23:30:24 | [32mINFO[0m | yolo_detector.utils.file_utils:get_example_images:164 - 获取 12 个示例图像
2025-07-27 23:30:24 | [32mINFO[0m | yolo_detector.ui.gradio_app:use_example_image:195 - 使用示例图像: 1008_20250524_052917.jpg
2025-07-27 23:30:24 | [32mINFO[0m | yolo_detector.ui.gradio_app:switch_detector:88 - 切换到图像分割模式
2025-07-27 23:30:25 | [32mINFO[0m | yolo_detector.core.detector:detect:361 - 图像分割完成
2025-07-27 23:30:25 | [32mINFO[0m | yolo_detector.ui.gradio_app:detect_image:134 - 检测完成: 5 个对象
2025-07-27 23:30:33 | [32mINFO[0m | yolo_detector.utils.file_utils:get_image_files:68 - 找到 891 个图像文件在 D:\Python\00雪橇打标\20250524
2025-07-27 23:30:33 | [32mINFO[0m | yolo_detector.utils.file_utils:get_example_images:164 - 获取 12 个示例图像
2025-07-27 23:30:33 | [32mINFO[0m | yolo_detector.ui.gradio_app:use_example_image:195 - 使用示例图像: 1005_20250524_210715.jpg
2025-07-27 23:30:34 | [32mINFO[0m | yolo_detector.core.detector:detect:361 - 图像分割完成
2025-07-27 23:30:34 | [32mINFO[0m | yolo_detector.ui.gradio_app:detect_image:134 - 检测完成: 7 个对象
2025-07-28 11:43:28 | [32mINFO[0m | yolo_detector.utils.file_utils:get_image_files:68 - 找到 891 个图像文件在 D:\Python\00雪橇打标\20250524
2025-07-28 11:43:28 | [32mINFO[0m | yolo_detector.utils.file_utils:get_example_images:164 - 获取 12 个示例图像
2025-07-28 11:43:28 | [32mINFO[0m | yolo_detector.ui.gradio_app:use_example_image:195 - 使用示例图像: 1005_20250524_055233.jpg
2025-07-28 11:43:29 | [32mINFO[0m | yolo_detector.core.detector:detect:361 - 图像分割完成
2025-07-28 11:43:29 | [32mINFO[0m | yolo_detector.ui.gradio_app:detect_image:134 - 检测完成: 3 个对象
2025-07-28 11:43:30 | [32mINFO[0m | yolo_detector.utils.file_utils:get_image_files:68 - 找到 891 个图像文件在 D:\Python\00雪橇打标\20250524
2025-07-28 11:43:30 | [32mINFO[0m | yolo_detector.utils.file_utils:get_example_images:164 - 获取 12 个示例图像
2025-07-28 11:43:30 | [32mINFO[0m | yolo_detector.ui.gradio_app:use_example_image:195 - 使用示例图像: 1008_20250524_052917.jpg
2025-07-28 11:43:30 | [32mINFO[0m | yolo_detector.core.detector:detect:361 - 图像分割完成
2025-07-28 11:43:30 | [32mINFO[0m | yolo_detector.ui.gradio_app:detect_image:134 - 检测完成: 5 个对象
2025-07-28 11:43:33 | [32mINFO[0m | yolo_detector.utils.file_utils:get_image_files:68 - 找到 891 个图像文件在 D:\Python\00雪橇打标\20250524
2025-07-28 11:43:33 | [32mINFO[0m | yolo_detector.utils.file_utils:get_example_images:164 - 获取 12 个示例图像
2025-07-28 11:43:33 | [32mINFO[0m | yolo_detector.ui.gradio_app:use_example_image:195 - 使用示例图像: 1015_20250524_003415.jpg
2025-07-28 11:43:34 | [32mINFO[0m | yolo_detector.core.detector:detect:361 - 图像分割完成
2025-07-28 11:43:34 | [32mINFO[0m | yolo_detector.ui.gradio_app:detect_image:134 - 检测完成: 9 个对象
2025-07-28 16:04:26 | [31mERROR[0m | yolo_detector.core.detector:_calculate_statistics:111 - 计算检测统计失败: 'MockTensor' object has no attribute 'item'
2025-07-28 16:07:39 | [32mINFO[0m | httpx:_send_single_request:1025 - HTTP Request: GET http://127.0.0.1:7860/gradio_api/startup-events "HTTP/1.1 200 OK"
2025-07-28 16:07:39 | [32mINFO[0m | httpx:_send_single_request:1025 - HTTP Request: HEAD http://127.0.0.1:7860/ "HTTP/1.1 200 OK"
2025-07-28 16:07:41 | [32mINFO[0m | httpx:_send_single_request:1025 - HTTP Request: GET https://api.gradio.app/pkg-version "HTTP/1.1 200 OK"
2025-07-28 16:10:57 | [32mINFO[0m | yolo_detector.config.settings:_load_config:49 - 成功加载配置文件: D:\00deeplearn\yolo11\gradi_yolo\configs\default.yaml
2025-07-28 16:10:57 | [32mINFO[0m | yolo_detector.config.settings:_validate_config:126 - 配置验证完成
2025-07-28 16:10:57 | [31mERROR[0m | yolo_detector.core.detector:_calculate_statistics:111 - 计算检测统计失败: 'MockTensor' object has no attribute 'item'
2025-07-28 16:10:57 | [31mERROR[0m | yolo_detector.core.detector:_calculate_statistics:111 - 计算检测统计失败: 'MockTensor' object has no attribute 'item'
2025-07-28 16:11:48 | [32mINFO[0m | yolo_detector.config.settings:_load_config:49 - 成功加载配置文件: D:\00deeplearn\yolo11\gradi_yolo\configs\default.yaml
2025-07-28 16:11:48 | [32mINFO[0m | yolo_detector.config.settings:_validate_config:126 - 配置验证完成
2025-07-28 16:12:04 | [32mINFO[0m | yolo_detector.config.settings:_load_config:49 - 成功加载配置文件: D:\00deeplearn\yolo11\gradi_yolo\configs\default.yaml
2025-07-28 16:12:04 | [32mINFO[0m | yolo_detector.config.settings:_validate_config:126 - 配置验证完成
2025-07-28 16:12:04 | [32mINFO[0m | yolo_detector.config.settings:_load_config:49 - 成功加载配置文件: D:\00deeplearn\yolo11\gradi_yolo\configs\default.yaml
2025-07-28 16:12:04 | [32mINFO[0m | yolo_detector.config.settings:_validate_config:126 - 配置验证完成
2025-07-28 16:12:04 | [32mINFO[0m | yolo_detector.core.image_processor:save_image:328 - 图像保存成功: C:\Users\julius\AppData\Local\Temp\tmp2kea276n\saved_image.jpg
2025-07-28 16:12:04 | [32mINFO[0m | yolo_detector.core.result_processor:process_batch_results:159 - 批量处理完成: 2/2 成功
2025-07-28 16:12:04 | [32mINFO[0m | yolo_detector.core.result_processor:export_results_to_csv:243 - 结果导出到CSV成功: C:\Users\julius\AppData\Local\Temp\tmp2kea276n\test_results.csv
2025-07-28 16:12:04 | [32mINFO[0m | yolo_detector.core.result_processor:export_results_to_json:274 - 结果导出到JSON成功: C:\Users\julius\AppData\Local\Temp\tmp2kea276n\test_results.json
2025-07-28 16:12:04 | [32mINFO[0m | yolo_detector.models.model_loader:unload_all_models:201 - 所有模型已卸载
2025-07-28 16:12:04 | [33mWARNING[0m | yolo_detector.core.detector:_validate_input:280 - 输入图像为None
2025-07-28 16:12:04 | [31mERROR[0m | yolo_detector.core.detector:_validate_input:287 - 图像文件不存在: /nonexistent/file.jpg
2025-07-28 16:12:04 | [32mINFO[0m | yolo_detector.models.model_loader:unload_all_models:201 - 所有模型已卸载
2025-07-28 16:12:04 | [32mINFO[0m | yolo_detector.models.model_loader:unload_all_models:201 - 所有模型已卸载
2025-07-28 16:12:04 | [32mINFO[0m | yolo_detector.core.detector:load_model:336 - 目标检测模型加载成功
2025-07-28 16:12:04 | [32mINFO[0m | yolo_detector.models.model_loader:unload_all_models:201 - 所有模型已卸载
2025-07-28 16:12:04 | [32mINFO[0m | yolo_detector.core.detector:load_model:405 - 图像分割模型加载成功
2025-07-28 16:12:04 | [32mINFO[0m | yolo_detector.models.model_loader:unload_all_models:201 - 所有模型已卸载
2025-07-28 16:12:04 | [32mINFO[0m | yolo_detector.models.model_loader:unload_all_models:201 - 所有模型已卸载
2025-07-28 16:12:04 | [32mINFO[0m | yolo_detector.models.model_loader:unload_all_models:201 - 所有模型已卸载
2025-07-28 16:12:04 | [32mINFO[0m | yolo_detector.models.model_loader:unload_all_models:201 - 所有模型已卸载
2025-07-28 16:13:17 | [32mINFO[0m | yolo_detector.config.settings:_load_config:49 - 成功加载配置文件: D:\00deeplearn\yolo11\gradi_yolo\configs\default.yaml
2025-07-28 16:13:17 | [32mINFO[0m | yolo_detector.config.settings:_validate_config:126 - 配置验证完成
2025-07-28 16:13:17 | [32mINFO[0m | yolo_detector.config.settings:_load_config:49 - 成功加载配置文件: D:\00deeplearn\yolo11\gradi_yolo\configs\default.yaml
2025-07-28 16:13:17 | [32mINFO[0m | yolo_detector.config.settings:_validate_config:126 - 配置验证完成
2025-07-28 16:13:17 | [32mINFO[0m | yolo_detector.ui.gradio_app:__init__:55 - Gradio应用初始化完成
2025-07-28 16:13:17 | [32mINFO[0m | yolo_detector.models.model_loader:load_model:81 - 开始加载segmentation模型: D:/00deeplearn/yolo11/【2】训练模型/seg/train2_new/weights/best.pt
2025-07-28 16:13:18 | [32mINFO[0m | yolo_detector.models.model_loader:load_model:92 - 成功加载segmentation模型: D:/00deeplearn/yolo11/【2】训练模型/seg/train2_new/weights/best.pt
2025-07-28 16:13:18 | [32mINFO[0m | yolo_detector.core.detector:load_model:405 - 图像分割模型加载成功
2025-07-28 16:13:18 | [32mINFO[0m | yolo_detector.ui.gradio_app:switch_detector:88 - 切换到图像分割模式
2025-07-28 16:13:18 | [32mINFO[0m | yolo_detector.models.model_loader:unload_model:185 - 成功卸载segmentation模型
2025-07-28 16:13:18 | [32mINFO[0m | yolo_detector.models.model_loader:unload_all_models:201 - 所有模型已卸载
2025-07-28 16:15:50 | [32mINFO[0m | yolo_detector.config.settings:_load_config:49 - 成功加载配置文件: D:\00deeplearn\yolo11\gradi_yolo\configs\default.yaml
2025-07-28 16:15:50 | [32mINFO[0m | yolo_detector.config.settings:_validate_config:126 - 配置验证完成
2025-07-28 16:15:50 | [32mINFO[0m | __main__:setup_environment:36 - 环境设置完成
2025-07-28 16:15:50 | [32mINFO[0m | __main__:run_web_interface:49 - 启动Web界面...
2025-07-28 16:15:50 | [32mINFO[0m | yolo_detector.ui.gradio_app:__init__:55 - Gradio应用初始化完成
2025-07-28 16:15:50 | [32mINFO[0m | yolo_detector.utils.file_utils:get_image_files:68 - 找到 891 个图像文件在 D:\Python\00雪橇打标\20250524
2025-07-28 16:15:50 | [32mINFO[0m | yolo_detector.utils.file_utils:get_example_images:164 - 获取 12 个示例图像
2025-07-28 16:15:50 | [32mINFO[0m | yolo_detector.ui.gradio_app:create_interface:382 - Gradio界面创建完成
2025-07-28 16:15:51 | [32mINFO[0m | httpx:_send_single_request:1025 - HTTP Request: GET http://127.0.0.1:7861/gradio_api/startup-events "HTTP/1.1 200 OK"
2025-07-28 16:15:51 | [32mINFO[0m | httpx:_send_single_request:1025 - HTTP Request: HEAD http://127.0.0.1:7861/ "HTTP/1.1 200 OK"
2025-07-28 16:15:53 | [32mINFO[0m | httpx:_send_single_request:1025 - HTTP Request: GET https://api.gradio.app/pkg-version "HTTP/1.1 200 OK"
2025-07-28 16:16:39 | [32mINFO[0m | yolo_detector.utils.file_utils:get_image_files:68 - 找到 891 个图像文件在 D:\Python\00雪橇打标\20250524
2025-07-28 16:16:39 | [32mINFO[0m | yolo_detector.utils.file_utils:get_example_images:164 - 获取 12 个示例图像
2025-07-28 16:16:39 | [32mINFO[0m | yolo_detector.ui.gradio_app:use_example_image:195 - 使用示例图像: 1004_20250524_091904.jpg
2025-07-28 16:16:40 | [32mINFO[0m | yolo_detector.models.model_loader:load_model:81 - 开始加载detection模型: D:/00deeplearn/yolo11/【2】训练模型/cls/train_new/weights/best.pt
2025-07-28 16:16:40 | [32mINFO[0m | yolo_detector.models.model_loader:load_model:92 - 成功加载detection模型: D:/00deeplearn/yolo11/【2】训练模型/cls/train_new/weights/best.pt
2025-07-28 16:16:40 | [32mINFO[0m | yolo_detector.core.detector:load_model:336 - 目标检测模型加载成功
2025-07-28 16:16:45 | [32mINFO[0m | yolo_detector.core.detector:detect:382 - 目标检测完成
2025-07-28 16:16:45 | [32mINFO[0m | yolo_detector.ui.gradio_app:detect_image:134 - 检测完成: 1 个对象
2025-07-28 16:16:54 | [32mINFO[0m | yolo_detector.utils.file_utils:get_image_files:68 - 找到 891 个图像文件在 D:\Python\00雪橇打标\20250524
2025-07-28 16:16:54 | [32mINFO[0m | yolo_detector.utils.file_utils:get_example_images:164 - 获取 12 个示例图像
2025-07-28 16:16:54 | [32mINFO[0m | yolo_detector.ui.gradio_app:use_example_image:195 - 使用示例图像: 1005_20250524_055233.jpg
2025-07-28 16:16:55 | [32mINFO[0m | yolo_detector.models.model_loader:load_model:81 - 开始加载segmentation模型: D:/00deeplearn/yolo11/【2】训练模型/seg/train2_new/weights/best.pt
2025-07-28 16:16:55 | [32mINFO[0m | yolo_detector.models.model_loader:load_model:92 - 成功加载segmentation模型: D:/00deeplearn/yolo11/【2】训练模型/seg/train2_new/weights/best.pt
2025-07-28 16:16:55 | [32mINFO[0m | yolo_detector.core.detector:load_model:405 - 图像分割模型加载成功
2025-07-28 16:16:55 | [32mINFO[0m | yolo_detector.ui.gradio_app:switch_detector:88 - 切换到图像分割模式
2025-07-28 16:16:56 | [32mINFO[0m | yolo_detector.core.detector:detect:456 - 图像分割完成
2025-07-28 16:16:56 | [32mINFO[0m | yolo_detector.ui.gradio_app:detect_image:134 - 检测完成: 3 个对象
2025-07-28 16:17:33 | [32mINFO[0m | yolo_detector.ui.gradio_app:switch_detector:88 - 切换到目标检测模式
2025-07-28 16:17:33 | [32mINFO[0m | yolo_detector.core.detector:detect:382 - 目标检测完成
2025-07-28 16:17:33 | [32mINFO[0m | yolo_detector.ui.gradio_app:detect_image:134 - 检测完成: 1 个对象
2025-07-28 16:17:36 | [32mINFO[0m | yolo_detector.utils.file_utils:get_image_files:68 - 找到 891 个图像文件在 D:\Python\00雪橇打标\20250524
2025-07-28 16:17:36 | [32mINFO[0m | yolo_detector.utils.file_utils:get_example_images:164 - 获取 12 个示例图像
2025-07-28 16:17:36 | [32mINFO[0m | yolo_detector.ui.gradio_app:use_example_image:195 - 使用示例图像: 1004_20250524_215518.jpg
2025-07-28 16:17:37 | [32mINFO[0m | yolo_detector.core.detector:detect:382 - 目标检测完成
2025-07-28 16:17:37 | [32mINFO[0m | yolo_detector.ui.gradio_app:detect_image:134 - 检测完成: 1 个对象
2025-07-28 16:17:44 | [32mINFO[0m | yolo_detector.utils.file_utils:get_image_files:68 - 找到 891 个图像文件在 D:\Python\00雪橇打标\20250524
2025-07-28 16:17:44 | [32mINFO[0m | yolo_detector.utils.file_utils:get_example_images:164 - 获取 12 个示例图像
2025-07-28 16:17:44 | [32mINFO[0m | yolo_detector.ui.gradio_app:use_example_image:195 - 使用示例图像: 1005_20250524_055233.jpg
2025-07-28 16:17:45 | [32mINFO[0m | yolo_detector.core.detector:detect:382 - 目标检测完成
2025-07-28 16:17:45 | [32mINFO[0m | yolo_detector.ui.gradio_app:detect_image:134 - 检测完成: 1 个对象
2025-07-28 16:17:47 | [32mINFO[0m | yolo_detector.utils.file_utils:get_image_files:68 - 找到 891 个图像文件在 D:\Python\00雪橇打标\20250524
2025-07-28 16:17:47 | [32mINFO[0m | yolo_detector.utils.file_utils:get_example_images:164 - 获取 12 个示例图像
2025-07-28 16:17:47 | [32mINFO[0m | yolo_detector.ui.gradio_app:use_example_image:195 - 使用示例图像: 1005_20250524_210715.jpg
2025-07-28 16:17:48 | [32mINFO[0m | yolo_detector.core.detector:detect:382 - 目标检测完成
2025-07-28 16:17:48 | [32mINFO[0m | yolo_detector.ui.gradio_app:detect_image:134 - 检测完成: 1 个对象
2025-07-28 16:17:51 | [32mINFO[0m | yolo_detector.ui.gradio_app:switch_detector:88 - 切换到图像分割模式
2025-07-28 16:17:52 | [32mINFO[0m | yolo_detector.core.detector:detect:456 - 图像分割完成
2025-07-28 16:17:52 | [32mINFO[0m | yolo_detector.ui.gradio_app:detect_image:134 - 检测完成: 7 个对象
2025-07-28 16:17:57 | [32mINFO[0m | yolo_detector.utils.file_utils:get_image_files:68 - 找到 891 个图像文件在 D:\Python\00雪橇打标\20250524
2025-07-28 16:17:57 | [32mINFO[0m | yolo_detector.utils.file_utils:get_example_images:164 - 获取 12 个示例图像
2025-07-28 16:17:57 | [32mINFO[0m | yolo_detector.ui.gradio_app:use_example_image:195 - 使用示例图像: 1004_20250524_091904.jpg
2025-07-28 16:17:58 | [32mINFO[0m | yolo_detector.core.detector:detect:456 - 图像分割完成
2025-07-28 16:17:58 | [32mINFO[0m | yolo_detector.ui.gradio_app:detect_image:134 - 检测完成: 2 个对象
2025-07-28 16:18:36 | [32mINFO[0m | yolo_detector.utils.file_utils:get_image_files:68 - 找到 891 个图像文件在 D:\Python\00雪橇打标\20250524
2025-07-28 16:18:36 | [32mINFO[0m | yolo_detector.utils.file_utils:get_example_images:164 - 获取 12 个示例图像
2025-07-28 16:18:36 | [32mINFO[0m | yolo_detector.ui.gradio_app:use_example_image:195 - 使用示例图像: 1005_20250524_210715.jpg
2025-07-28 16:18:37 | [32mINFO[0m | yolo_detector.core.detector:detect:456 - 图像分割完成
2025-07-28 16:18:37 | [32mINFO[0m | yolo_detector.ui.gradio_app:detect_image:134 - 检测完成: 7 个对象
2025-07-28 16:19:05 | [32mINFO[0m | yolo_detector.utils.file_utils:get_image_files:68 - 找到 891 个图像文件在 D:\Python\00雪橇打标\20250524
2025-07-28 16:19:05 | [32mINFO[0m | yolo_detector.utils.file_utils:get_example_images:164 - 获取 12 个示例图像
2025-07-28 16:19:05 | [32mINFO[0m | yolo_detector.ui.gradio_app:use_example_image:195 - 使用示例图像: 1007_20250524_170520.jpg
2025-07-28 16:19:06 | [32mINFO[0m | yolo_detector.core.detector:detect:456 - 图像分割完成
2025-07-28 16:19:06 | [32mINFO[0m | yolo_detector.ui.gradio_app:detect_image:134 - 检测完成: 1 个对象
2025-07-28 16:19:18 | [32mINFO[0m | yolo_detector.utils.file_utils:get_image_files:68 - 找到 891 个图像文件在 D:\Python\00雪橇打标\20250524
2025-07-28 16:19:18 | [32mINFO[0m | yolo_detector.utils.file_utils:get_example_images:164 - 获取 12 个示例图像
2025-07-28 16:19:18 | [32mINFO[0m | yolo_detector.ui.gradio_app:use_example_image:195 - 使用示例图像: 1008_20250524_052917.jpg
2025-07-28 16:19:19 | [32mINFO[0m | yolo_detector.core.detector:detect:456 - 图像分割完成
2025-07-28 16:19:19 | [32mINFO[0m | yolo_detector.ui.gradio_app:detect_image:134 - 检测完成: 5 个对象
2025-07-28 16:20:01 | [32mINFO[0m | yolo_detector.utils.file_utils:get_image_files:68 - 找到 891 个图像文件在 D:\Python\00雪橇打标\20250524
2025-07-28 16:20:01 | [32mINFO[0m | yolo_detector.utils.file_utils:get_example_images:164 - 获取 12 个示例图像
2025-07-28 16:20:01 | [32mINFO[0m | yolo_detector.ui.gradio_app:use_example_image:195 - 使用示例图像: 1004_20250524_091904.jpg
2025-07-28 16:20:02 | [32mINFO[0m | yolo_detector.core.detector:detect:456 - 图像分割完成
2025-07-28 16:20:02 | [32mINFO[0m | yolo_detector.ui.gradio_app:detect_image:134 - 检测完成: 2 个对象
2025-07-28 16:20:12 | [32mINFO[0m | yolo_detector.utils.file_utils:get_image_files:68 - 找到 891 个图像文件在 D:\Python\00雪橇打标\20250524
2025-07-28 16:20:12 | [32mINFO[0m | yolo_detector.utils.file_utils:get_example_images:164 - 获取 12 个示例图像
2025-07-28 16:20:12 | [32mINFO[0m | yolo_detector.ui.gradio_app:use_example_image:195 - 使用示例图像: 1004_20250524_215518.jpg
2025-07-28 16:20:13 | [32mINFO[0m | yolo_detector.core.detector:detect:456 - 图像分割完成
2025-07-28 16:20:13 | [32mINFO[0m | yolo_detector.ui.gradio_app:detect_image:134 - 检测完成: 4 个对象
2025-07-28 16:20:38 | [32mINFO[0m | yolo_detector.utils.file_utils:get_image_files:68 - 找到 891 个图像文件在 D:\Python\00雪橇打标\20250524
2025-07-28 16:20:38 | [32mINFO[0m | yolo_detector.utils.file_utils:get_example_images:164 - 获取 12 个示例图像
2025-07-28 16:20:38 | [32mINFO[0m | yolo_detector.ui.gradio_app:use_example_image:195 - 使用示例图像: 1005_20250524_055233.jpg
2025-07-28 16:20:39 | [32mINFO[0m | yolo_detector.core.detector:detect:456 - 图像分割完成
2025-07-28 16:20:39 | [32mINFO[0m | yolo_detector.ui.gradio_app:detect_image:134 - 检测完成: 3 个对象
2025-07-28 16:20:48 | [32mINFO[0m | yolo_detector.utils.file_utils:get_image_files:68 - 找到 891 个图像文件在 D:\Python\00雪橇打标\20250524
2025-07-28 16:20:48 | [32mINFO[0m | yolo_detector.utils.file_utils:get_example_images:164 - 获取 12 个示例图像
2025-07-28 16:20:48 | [32mINFO[0m | yolo_detector.ui.gradio_app:use_example_image:195 - 使用示例图像: 1005_20250524_210715.jpg
2025-07-28 16:20:49 | [32mINFO[0m | yolo_detector.core.detector:detect:456 - 图像分割完成
2025-07-28 16:20:49 | [32mINFO[0m | yolo_detector.ui.gradio_app:detect_image:134 - 检测完成: 7 个对象
2025-07-28 16:20:54 | [32mINFO[0m | yolo_detector.utils.file_utils:get_image_files:68 - 找到 891 个图像文件在 D:\Python\00雪橇打标\20250524
2025-07-28 16:20:54 | [32mINFO[0m | yolo_detector.utils.file_utils:get_example_images:164 - 获取 12 个示例图像
2025-07-28 16:20:54 | [32mINFO[0m | yolo_detector.ui.gradio_app:use_example_image:195 - 使用示例图像: 1007_20250524_170520.jpg
2025-07-28 16:20:55 | [32mINFO[0m | yolo_detector.core.detector:detect:456 - 图像分割完成
2025-07-28 16:20:55 | [32mINFO[0m | yolo_detector.ui.gradio_app:detect_image:134 - 检测完成: 1 个对象
2025-07-28 16:21:03 | [32mINFO[0m | yolo_detector.utils.file_utils:get_image_files:68 - 找到 891 个图像文件在 D:\Python\00雪橇打标\20250524
2025-07-28 16:21:03 | [32mINFO[0m | yolo_detector.utils.file_utils:get_example_images:164 - 获取 12 个示例图像
2025-07-28 16:21:03 | [32mINFO[0m | yolo_detector.ui.gradio_app:use_example_image:195 - 使用示例图像: 1008_20250524_052917.jpg
2025-07-28 16:21:04 | [32mINFO[0m | yolo_detector.core.detector:detect:456 - 图像分割完成
2025-07-28 16:21:04 | [32mINFO[0m | yolo_detector.ui.gradio_app:detect_image:134 - 检测完成: 5 个对象
2025-07-28 16:24:06 | [32mINFO[0m | httpx:_send_single_request:1025 - HTTP Request: GET https://api.gradio.app/pkg-version "HTTP/1.1 200 OK"
2025-07-28 16:26:12 | [32mINFO[0m | httpx:_send_single_request:1025 - HTTP Request: GET http://127.0.0.1:7862/gradio_api/startup-events "HTTP/1.1 200 OK"
2025-07-28 16:26:12 | [32mINFO[0m | httpx:_send_single_request:1025 - HTTP Request: HEAD http://127.0.0.1:7862/ "HTTP/1.1 200 OK"
2025-07-28 16:26:59 | [32mINFO[0m | yolo_detector.models.model_loader:unload_model:185 - 成功卸载detection模型
2025-07-28 16:26:59 | [32mINFO[0m | yolo_detector.models.model_loader:unload_model:185 - 成功卸载segmentation模型
2025-07-28 16:26:59 | [32mINFO[0m | yolo_detector.models.model_loader:unload_all_models:201 - 所有模型已卸载
2025-07-28 16:29:32 | [32mINFO[0m | yolo_detector.config.settings:_load_config:49 - 成功加载配置文件: D:\00deeplearn\yolo11\gradi_yolo\configs\default.yaml
2025-07-28 16:29:32 | [32mINFO[0m | yolo_detector.config.settings:_validate_config:126 - 配置验证完成
2025-07-28 16:30:34 | [32mINFO[0m | yolo_detector.config.settings:_load_config:49 - 成功加载配置文件: D:\00deeplearn\yolo11\gradi_yolo\configs\default.yaml
2025-07-28 16:30:34 | [32mINFO[0m | yolo_detector.config.settings:_validate_config:126 - 配置验证完成
2025-07-28 16:30:51 | [32mINFO[0m | yolo_detector.config.settings:_load_config:49 - 成功加载配置文件: D:\00deeplearn\yolo11\gradi_yolo\configs\default.yaml
2025-07-28 16:30:51 | [32mINFO[0m | yolo_detector.config.settings:_validate_config:126 - 配置验证完成
2025-07-28 16:36:08 | [32mINFO[0m | yolo_detector.config.settings:_load_config:49 - 成功加载配置文件: D:\00deeplearn\yolo11\gradi_yolo\configs\default.yaml
2025-07-28 16:36:08 | [32mINFO[0m | yolo_detector.config.settings:_validate_config:126 - 配置验证完成
2025-07-28 16:36:08 | [32mINFO[0m | __main__:setup_environment:36 - 环境设置完成
2025-07-28 16:36:08 | [32mINFO[0m | __main__:run_web_interface:49 - 启动Web界面...
2025-07-28 16:36:08 | [32mINFO[0m | yolo_detector.ui.gradio_app:__init__:55 - Gradio应用初始化完成
2025-07-28 16:36:09 | [32mINFO[0m | yolo_detector.utils.file_utils:get_image_files:68 - 找到 891 个图像文件在 D:\Python\00雪橇打标\20250524
2025-07-28 16:36:09 | [32mINFO[0m | yolo_detector.utils.file_utils:get_example_images:164 - 获取 12 个示例图像
2025-07-28 16:36:09 | [32mINFO[0m | yolo_detector.ui.gradio_app:create_interface:382 - Gradio界面创建完成
2025-07-28 16:36:09 | [32mINFO[0m | httpx:_send_single_request:1025 - HTTP Request: GET http://127.0.0.1:7861/gradio_api/startup-events "HTTP/1.1 200 OK"
2025-07-28 16:36:09 | [32mINFO[0m | httpx:_send_single_request:1025 - HTTP Request: HEAD http://127.0.0.1:7861/ "HTTP/1.1 200 OK"
2025-07-28 16:36:37 | [32mINFO[0m | yolo_detector.utils.file_utils:get_image_files:68 - 找到 891 个图像文件在 D:\Python\00雪橇打标\20250524
2025-07-28 16:36:37 | [32mINFO[0m | yolo_detector.utils.file_utils:get_example_images:164 - 获取 12 个示例图像
2025-07-28 16:36:37 | [32mINFO[0m | yolo_detector.ui.gradio_app:use_example_image:195 - 使用示例图像: 1004_20250524_091904.jpg
2025-07-28 16:36:38 | [32mINFO[0m | yolo_detector.models.model_loader:load_model:81 - 开始加载segmentation模型: D:/00deeplearn/yolo11/【2】训练模型/seg/train2_new/weights/best.pt
2025-07-28 16:36:38 | [32mINFO[0m | yolo_detector.models.model_loader:load_model:92 - 成功加载segmentation模型: D:/00deeplearn/yolo11/【2】训练模型/seg/train2_new/weights/best.pt
2025-07-28 16:36:38 | [32mINFO[0m | yolo_detector.core.detector:load_model:408 - 图像分割模型加载成功
2025-07-28 16:36:38 | [32mINFO[0m | yolo_detector.ui.gradio_app:switch_detector:88 - 切换到图像分割模式
2025-07-28 16:36:43 | [32mINFO[0m | yolo_detector.core.detector:detect:459 - 图像分割完成
2025-07-28 16:36:43 | [32mINFO[0m | yolo_detector.ui.gradio_app:detect_image:134 - 检测完成: 2 个对象
2025-07-28 16:36:54 | [32mINFO[0m | yolo_detector.utils.file_utils:get_image_files:68 - 找到 891 个图像文件在 D:\Python\00雪橇打标\20250524
2025-07-28 16:36:54 | [32mINFO[0m | yolo_detector.utils.file_utils:get_example_images:164 - 获取 12 个示例图像
2025-07-28 16:36:54 | [32mINFO[0m | yolo_detector.ui.gradio_app:use_example_image:195 - 使用示例图像: 1005_20250524_210715.jpg
2025-07-28 16:36:55 | [32mINFO[0m | yolo_detector.core.detector:detect:459 - 图像分割完成
2025-07-28 16:36:55 | [32mINFO[0m | yolo_detector.ui.gradio_app:detect_image:134 - 检测完成: 7 个对象
2025-07-28 16:37:17 | [32mINFO[0m | yolo_detector.utils.file_utils:get_image_files:68 - 找到 891 个图像文件在 D:\Python\00雪橇打标\20250524
2025-07-28 16:37:17 | [32mINFO[0m | yolo_detector.utils.file_utils:get_example_images:164 - 获取 12 个示例图像
2025-07-28 16:37:17 | [32mINFO[0m | yolo_detector.ui.gradio_app:use_example_image:195 - 使用示例图像: 1007_20250524_170520.jpg
2025-07-28 16:37:18 | [32mINFO[0m | yolo_detector.core.detector:detect:459 - 图像分割完成
2025-07-28 16:37:18 | [32mINFO[0m | yolo_detector.ui.gradio_app:detect_image:134 - 检测完成: 1 个对象
2025-07-28 16:37:26 | [32mINFO[0m | yolo_detector.utils.file_utils:get_image_files:68 - 找到 891 个图像文件在 D:\Python\00雪橇打标\20250524
2025-07-28 16:37:26 | [32mINFO[0m | yolo_detector.utils.file_utils:get_example_images:164 - 获取 12 个示例图像
2025-07-28 16:37:26 | [32mINFO[0m | yolo_detector.ui.gradio_app:use_example_image:195 - 使用示例图像: 1008_20250524_052917.jpg
2025-07-28 16:37:27 | [32mINFO[0m | yolo_detector.core.detector:detect:459 - 图像分割完成
2025-07-28 16:37:27 | [32mINFO[0m | yolo_detector.ui.gradio_app:detect_image:134 - 检测完成: 5 个对象
2025-07-28 16:37:41 | [32mINFO[0m | yolo_detector.utils.file_utils:get_image_files:68 - 找到 891 个图像文件在 D:\Python\00雪橇打标\20250524
2025-07-28 16:37:41 | [32mINFO[0m | yolo_detector.utils.file_utils:get_example_images:164 - 获取 12 个示例图像
2025-07-28 16:37:41 | [32mINFO[0m | yolo_detector.ui.gradio_app:use_example_image:195 - 使用示例图像: 1015_20250524_003415.jpg
2025-07-28 16:37:42 | [32mINFO[0m | yolo_detector.core.detector:detect:459 - 图像分割完成
2025-07-28 16:37:42 | [32mINFO[0m | yolo_detector.ui.gradio_app:detect_image:134 - 检测完成: 9 个对象
2025-07-28 16:37:52 | [32mINFO[0m | yolo_detector.utils.file_utils:get_image_files:68 - 找到 891 个图像文件在 D:\Python\00雪橇打标\20250524
2025-07-28 16:37:52 | [32mINFO[0m | yolo_detector.utils.file_utils:get_example_images:164 - 获取 12 个示例图像
2025-07-28 16:37:52 | [32mINFO[0m | yolo_detector.ui.gradio_app:use_example_image:195 - 使用示例图像: 1015_20250524_190611.jpg
2025-07-28 16:37:53 | [32mINFO[0m | yolo_detector.core.detector:detect:459 - 图像分割完成
2025-07-28 16:37:53 | [32mINFO[0m | yolo_detector.ui.gradio_app:detect_image:134 - 检测完成: 7 个对象
2025-07-28 16:37:59 | [32mINFO[0m | yolo_detector.utils.file_utils:get_image_files:68 - 找到 891 个图像文件在 D:\Python\00雪橇打标\20250524
2025-07-28 16:37:59 | [32mINFO[0m | yolo_detector.utils.file_utils:get_example_images:164 - 获取 12 个示例图像
2025-07-28 16:37:59 | [32mINFO[0m | yolo_detector.ui.gradio_app:use_example_image:195 - 使用示例图像: 1018_20250524_055148.jpg
2025-07-28 16:37:59 | [32mINFO[0m | yolo_detector.core.detector:detect:459 - 图像分割完成
2025-07-28 16:37:59 | [32mINFO[0m | yolo_detector.ui.gradio_app:detect_image:134 - 检测完成: 2 个对象
2025-07-28 16:38:04 | [32mINFO[0m | yolo_detector.utils.file_utils:get_image_files:68 - 找到 891 个图像文件在 D:\Python\00雪橇打标\20250524
2025-07-28 16:38:04 | [32mINFO[0m | yolo_detector.utils.file_utils:get_example_images:164 - 获取 12 个示例图像
2025-07-28 16:38:04 | [32mINFO[0m | yolo_detector.ui.gradio_app:use_example_image:195 - 使用示例图像: 1018_20250524_135432.jpg
2025-07-28 16:38:05 | [32mINFO[0m | yolo_detector.core.detector:detect:459 - 图像分割完成
2025-07-28 16:38:05 | [32mINFO[0m | yolo_detector.ui.gradio_app:detect_image:134 - 检测完成: 3 个对象
2025-07-28 16:38:07 | [32mINFO[0m | yolo_detector.utils.file_utils:get_image_files:68 - 找到 891 个图像文件在 D:\Python\00雪橇打标\20250524
2025-07-28 16:38:07 | [32mINFO[0m | yolo_detector.utils.file_utils:get_example_images:164 - 获取 12 个示例图像
2025-07-28 16:38:07 | [32mINFO[0m | yolo_detector.ui.gradio_app:use_example_image:195 - 使用示例图像: 1018_20250524_213242.jpg
2025-07-28 16:38:08 | [32mINFO[0m | yolo_detector.core.detector:detect:459 - 图像分割完成
2025-07-28 16:38:08 | [32mINFO[0m | yolo_detector.ui.gradio_app:detect_image:134 - 检测完成: 2 个对象
2025-07-28 16:38:10 | [32mINFO[0m | yolo_detector.utils.file_utils:get_image_files:68 - 找到 891 个图像文件在 D:\Python\00雪橇打标\20250524
2025-07-28 16:38:10 | [32mINFO[0m | yolo_detector.utils.file_utils:get_example_images:164 - 获取 12 个示例图像
2025-07-28 16:38:10 | [32mINFO[0m | yolo_detector.ui.gradio_app:use_example_image:195 - 使用示例图像: 1020_20250524_091517.jpg
2025-07-28 16:38:10 | [32mINFO[0m | yolo_detector.core.detector:detect:459 - 图像分割完成
2025-07-28 16:38:11 | [32mINFO[0m | yolo_detector.ui.gradio_app:detect_image:134 - 检测完成: 3 个对象
2025-07-28 16:38:14 | [32mINFO[0m | yolo_detector.utils.file_utils:get_image_files:68 - 找到 891 个图像文件在 D:\Python\00雪橇打标\20250524
2025-07-28 16:38:14 | [32mINFO[0m | yolo_detector.utils.file_utils:get_example_images:164 - 获取 12 个示例图像
2025-07-28 16:38:14 | [32mINFO[0m | yolo_detector.ui.gradio_app:use_example_image:195 - 使用示例图像: 1004_20250524_091904.jpg
2025-07-28 16:38:15 | [32mINFO[0m | yolo_detector.core.detector:detect:459 - 图像分割完成
2025-07-28 16:38:15 | [32mINFO[0m | yolo_detector.ui.gradio_app:detect_image:134 - 检测完成: 2 个对象
2025-07-28 16:38:21 | [32mINFO[0m | yolo_detector.utils.file_utils:get_image_files:68 - 找到 891 个图像文件在 D:\Python\00雪橇打标\20250524
2025-07-28 16:38:21 | [32mINFO[0m | yolo_detector.utils.file_utils:get_example_images:164 - 获取 12 个示例图像
2025-07-28 16:38:21 | [32mINFO[0m | yolo_detector.ui.gradio_app:use_example_image:195 - 使用示例图像: 1004_20250524_215518.jpg
2025-07-28 16:38:22 | [32mINFO[0m | yolo_detector.core.detector:detect:459 - 图像分割完成
2025-07-28 16:38:23 | [32mINFO[0m | yolo_detector.ui.gradio_app:detect_image:134 - 检测完成: 4 个对象
2025-07-28 16:38:26 | [32mINFO[0m | yolo_detector.utils.file_utils:get_image_files:68 - 找到 891 个图像文件在 D:\Python\00雪橇打标\20250524
2025-07-28 16:38:26 | [32mINFO[0m | yolo_detector.utils.file_utils:get_example_images:164 - 获取 12 个示例图像
2025-07-28 16:38:26 | [32mINFO[0m | yolo_detector.ui.gradio_app:use_example_image:195 - 使用示例图像: 1018_20250524_135432.jpg
2025-07-28 16:38:27 | [32mINFO[0m | yolo_detector.core.detector:detect:459 - 图像分割完成
2025-07-28 16:38:27 | [32mINFO[0m | yolo_detector.ui.gradio_app:detect_image:134 - 检测完成: 3 个对象
2025-07-28 16:38:30 | [32mINFO[0m | yolo_detector.utils.file_utils:get_image_files:68 - 找到 891 个图像文件在 D:\Python\00雪橇打标\20250524
2025-07-28 16:38:30 | [32mINFO[0m | yolo_detector.utils.file_utils:get_example_images:164 - 获取 12 个示例图像
2025-07-28 16:38:30 | [32mINFO[0m | yolo_detector.ui.gradio_app:use_example_image:195 - 使用示例图像: 1018_20250524_213242.jpg
2025-07-28 16:38:31 | [32mINFO[0m | yolo_detector.core.detector:detect:459 - 图像分割完成
2025-07-28 16:38:31 | [32mINFO[0m | yolo_detector.ui.gradio_app:detect_image:134 - 检测完成: 2 个对象
2025-07-28 16:38:37 | [32mINFO[0m | yolo_detector.utils.file_utils:get_image_files:68 - 找到 891 个图像文件在 D:\Python\00雪橇打标\20250524
2025-07-28 16:38:37 | [32mINFO[0m | yolo_detector.utils.file_utils:get_example_images:164 - 获取 12 个示例图像
2025-07-28 16:38:37 | [32mINFO[0m | yolo_detector.ui.gradio_app:use_example_image:195 - 使用示例图像: 1020_20250524_091517.jpg
2025-07-28 16:38:38 | [32mINFO[0m | yolo_detector.core.detector:detect:459 - 图像分割完成
2025-07-28 16:38:38 | [32mINFO[0m | yolo_detector.ui.gradio_app:detect_image:134 - 检测完成: 3 个对象
2025-07-28 16:38:41 | [32mINFO[0m | yolo_detector.utils.file_utils:get_image_files:68 - 找到 891 个图像文件在 D:\Python\00雪橇打标\20250524
2025-07-28 16:38:41 | [32mINFO[0m | yolo_detector.utils.file_utils:get_example_images:164 - 获取 12 个示例图像
2025-07-28 16:38:41 | [32mINFO[0m | yolo_detector.ui.gradio_app:use_example_image:195 - 使用示例图像: 1004_20250524_091904.jpg
2025-07-28 16:38:42 | [32mINFO[0m | yolo_detector.core.detector:detect:459 - 图像分割完成
2025-07-28 16:38:42 | [32mINFO[0m | yolo_detector.ui.gradio_app:detect_image:134 - 检测完成: 2 个对象
2025-07-28 16:38:44 | [32mINFO[0m | yolo_detector.utils.file_utils:get_image_files:68 - 找到 891 个图像文件在 D:\Python\00雪橇打标\20250524
2025-07-28 16:38:44 | [32mINFO[0m | yolo_detector.utils.file_utils:get_example_images:164 - 获取 12 个示例图像
2025-07-28 16:38:44 | [32mINFO[0m | yolo_detector.ui.gradio_app:use_example_image:195 - 使用示例图像: 1004_20250524_215518.jpg
2025-07-28 16:38:45 | [32mINFO[0m | yolo_detector.core.detector:detect:459 - 图像分割完成
2025-07-28 16:38:45 | [32mINFO[0m | yolo_detector.ui.gradio_app:detect_image:134 - 检测完成: 4 个对象
2025-07-28 16:38:51 | [32mINFO[0m | yolo_detector.utils.file_utils:get_image_files:68 - 找到 891 个图像文件在 D:\Python\00雪橇打标\20250524
2025-07-28 16:38:51 | [32mINFO[0m | yolo_detector.utils.file_utils:get_example_images:164 - 获取 12 个示例图像
2025-07-28 16:38:51 | [32mINFO[0m | yolo_detector.ui.gradio_app:use_example_image:195 - 使用示例图像: 1005_20250524_055233.jpg
2025-07-28 16:38:52 | [32mINFO[0m | yolo_detector.core.detector:detect:459 - 图像分割完成
2025-07-28 16:38:52 | [32mINFO[0m | yolo_detector.ui.gradio_app:detect_image:134 - 检测完成: 3 个对象
2025-07-28 16:38:54 | [32mINFO[0m | yolo_detector.utils.file_utils:get_image_files:68 - 找到 891 个图像文件在 D:\Python\00雪橇打标\20250524
2025-07-28 16:38:54 | [32mINFO[0m | yolo_detector.utils.file_utils:get_example_images:164 - 获取 12 个示例图像
2025-07-28 16:38:54 | [32mINFO[0m | yolo_detector.ui.gradio_app:use_example_image:195 - 使用示例图像: 1005_20250524_210715.jpg
2025-07-28 16:38:55 | [32mINFO[0m | yolo_detector.core.detector:detect:459 - 图像分割完成
2025-07-28 16:38:55 | [32mINFO[0m | yolo_detector.ui.gradio_app:detect_image:134 - 检测完成: 7 个对象
2025-07-28 16:38:58 | [32mINFO[0m | yolo_detector.utils.file_utils:get_image_files:68 - 找到 891 个图像文件在 D:\Python\00雪橇打标\20250524
2025-07-28 16:38:58 | [32mINFO[0m | yolo_detector.utils.file_utils:get_example_images:164 - 获取 12 个示例图像
2025-07-28 16:38:58 | [32mINFO[0m | yolo_detector.ui.gradio_app:use_example_image:195 - 使用示例图像: 1007_20250524_170520.jpg
2025-07-28 16:38:59 | [32mINFO[0m | yolo_detector.core.detector:detect:459 - 图像分割完成
2025-07-28 16:38:59 | [32mINFO[0m | yolo_detector.ui.gradio_app:detect_image:134 - 检测完成: 1 个对象
2025-07-28 16:39:01 | [32mINFO[0m | yolo_detector.utils.file_utils:get_image_files:68 - 找到 891 个图像文件在 D:\Python\00雪橇打标\20250524
2025-07-28 16:39:01 | [32mINFO[0m | yolo_detector.utils.file_utils:get_example_images:164 - 获取 12 个示例图像
2025-07-28 16:39:01 | [32mINFO[0m | yolo_detector.ui.gradio_app:use_example_image:195 - 使用示例图像: 1008_20250524_052917.jpg
2025-07-28 16:39:01 | [32mINFO[0m | yolo_detector.core.detector:detect:459 - 图像分割完成
2025-07-28 16:39:01 | [32mINFO[0m | yolo_detector.ui.gradio_app:detect_image:134 - 检测完成: 5 个对象
2025-07-28 16:39:04 | [32mINFO[0m | yolo_detector.utils.file_utils:get_image_files:68 - 找到 891 个图像文件在 D:\Python\00雪橇打标\20250524
2025-07-28 16:39:04 | [32mINFO[0m | yolo_detector.utils.file_utils:get_example_images:164 - 获取 12 个示例图像
2025-07-28 16:39:04 | [32mINFO[0m | yolo_detector.ui.gradio_app:use_example_image:195 - 使用示例图像: 1015_20250524_003415.jpg
2025-07-28 16:39:05 | [32mINFO[0m | yolo_detector.core.detector:detect:459 - 图像分割完成
2025-07-28 16:39:06 | [32mINFO[0m | yolo_detector.ui.gradio_app:detect_image:134 - 检测完成: 9 个对象
2025-07-28 16:39:14 | [32mINFO[0m | yolo_detector.utils.file_utils:get_image_files:68 - 找到 891 个图像文件在 D:\Python\00雪橇打标\20250524
2025-07-28 16:39:14 | [32mINFO[0m | yolo_detector.utils.file_utils:get_example_images:164 - 获取 12 个示例图像
2025-07-28 16:39:14 | [32mINFO[0m | yolo_detector.ui.gradio_app:use_example_image:195 - 使用示例图像: 1015_20250524_190611.jpg
2025-07-28 16:39:15 | [32mINFO[0m | yolo_detector.core.detector:detect:459 - 图像分割完成
2025-07-28 16:39:15 | [32mINFO[0m | yolo_detector.ui.gradio_app:detect_image:134 - 检测完成: 7 个对象
2025-07-28 16:39:21 | [32mINFO[0m | yolo_detector.utils.file_utils:get_image_files:68 - 找到 891 个图像文件在 D:\Python\00雪橇打标\20250524
2025-07-28 16:39:21 | [32mINFO[0m | yolo_detector.utils.file_utils:get_example_images:164 - 获取 12 个示例图像
2025-07-28 16:39:21 | [32mINFO[0m | yolo_detector.ui.gradio_app:use_example_image:195 - 使用示例图像: 1018_20250524_055148.jpg
2025-07-28 16:39:22 | [32mINFO[0m | yolo_detector.core.detector:detect:459 - 图像分割完成
2025-07-28 16:39:22 | [32mINFO[0m | yolo_detector.ui.gradio_app:detect_image:134 - 检测完成: 2 个对象
2025-07-28 16:39:24 | [32mINFO[0m | yolo_detector.utils.file_utils:get_image_files:68 - 找到 891 个图像文件在 D:\Python\00雪橇打标\20250524
2025-07-28 16:39:24 | [32mINFO[0m | yolo_detector.utils.file_utils:get_example_images:164 - 获取 12 个示例图像
2025-07-28 16:39:24 | [32mINFO[0m | yolo_detector.ui.gradio_app:use_example_image:195 - 使用示例图像: 1018_20250524_135432.jpg
2025-07-28 16:39:25 | [32mINFO[0m | yolo_detector.core.detector:detect:459 - 图像分割完成
2025-07-28 16:39:25 | [32mINFO[0m | yolo_detector.ui.gradio_app:detect_image:134 - 检测完成: 3 个对象
2025-07-28 16:39:27 | [32mINFO[0m | yolo_detector.utils.file_utils:get_image_files:68 - 找到 891 个图像文件在 D:\Python\00雪橇打标\20250524
2025-07-28 16:39:27 | [32mINFO[0m | yolo_detector.utils.file_utils:get_example_images:164 - 获取 12 个示例图像
2025-07-28 16:39:27 | [32mINFO[0m | yolo_detector.ui.gradio_app:use_example_image:195 - 使用示例图像: 1018_20250524_213242.jpg
2025-07-28 16:39:28 | [32mINFO[0m | yolo_detector.core.detector:detect:459 - 图像分割完成
2025-07-28 16:39:28 | [32mINFO[0m | yolo_detector.ui.gradio_app:detect_image:134 - 检测完成: 2 个对象
2025-07-28 16:39:30 | [32mINFO[0m | yolo_detector.utils.file_utils:get_image_files:68 - 找到 891 个图像文件在 D:\Python\00雪橇打标\20250524
2025-07-28 16:39:30 | [32mINFO[0m | yolo_detector.utils.file_utils:get_example_images:164 - 获取 12 个示例图像
2025-07-28 16:39:30 | [32mINFO[0m | yolo_detector.ui.gradio_app:use_example_image:195 - 使用示例图像: 1020_20250524_091517.jpg
2025-07-28 16:39:31 | [32mINFO[0m | yolo_detector.core.detector:detect:459 - 图像分割完成
2025-07-28 16:39:31 | [32mINFO[0m | yolo_detector.ui.gradio_app:detect_image:134 - 检测完成: 3 个对象
2025-07-28 16:39:32 | [32mINFO[0m | yolo_detector.utils.file_utils:get_image_files:68 - 找到 891 个图像文件在 D:\Python\00雪橇打标\20250524
2025-07-28 16:39:32 | [32mINFO[0m | yolo_detector.utils.file_utils:get_example_images:164 - 获取 12 个示例图像
2025-07-28 16:39:32 | [32mINFO[0m | yolo_detector.ui.gradio_app:use_example_image:195 - 使用示例图像: 1004_20250524_091904.jpg
2025-07-28 16:39:33 | [32mINFO[0m | yolo_detector.core.detector:detect:459 - 图像分割完成
2025-07-28 16:39:33 | [32mINFO[0m | yolo_detector.ui.gradio_app:detect_image:134 - 检测完成: 2 个对象
2025-07-28 16:39:35 | [32mINFO[0m | yolo_detector.utils.file_utils:get_image_files:68 - 找到 891 个图像文件在 D:\Python\00雪橇打标\20250524
2025-07-28 16:39:35 | [32mINFO[0m | yolo_detector.utils.file_utils:get_example_images:164 - 获取 12 个示例图像
2025-07-28 16:39:35 | [32mINFO[0m | yolo_detector.ui.gradio_app:use_example_image:195 - 使用示例图像: 1004_20250524_215518.jpg
2025-07-28 16:39:36 | [32mINFO[0m | yolo_detector.core.detector:detect:459 - 图像分割完成
2025-07-28 16:39:36 | [32mINFO[0m | yolo_detector.ui.gradio_app:detect_image:134 - 检测完成: 4 个对象
2025-07-28 16:39:38 | [32mINFO[0m | yolo_detector.utils.file_utils:get_image_files:68 - 找到 891 个图像文件在 D:\Python\00雪橇打标\20250524
2025-07-28 16:39:38 | [32mINFO[0m | yolo_detector.utils.file_utils:get_example_images:164 - 获取 12 个示例图像
2025-07-28 16:39:38 | [32mINFO[0m | yolo_detector.ui.gradio_app:use_example_image:195 - 使用示例图像: 1005_20250524_055233.jpg
2025-07-28 16:39:39 | [32mINFO[0m | yolo_detector.core.detector:detect:459 - 图像分割完成
2025-07-28 16:39:39 | [32mINFO[0m | yolo_detector.ui.gradio_app:detect_image:134 - 检测完成: 3 个对象
2025-07-28 16:39:41 | [32mINFO[0m | yolo_detector.utils.file_utils:get_image_files:68 - 找到 891 个图像文件在 D:\Python\00雪橇打标\20250524
2025-07-28 16:39:41 | [32mINFO[0m | yolo_detector.utils.file_utils:get_example_images:164 - 获取 12 个示例图像
2025-07-28 16:39:41 | [32mINFO[0m | yolo_detector.ui.gradio_app:use_example_image:195 - 使用示例图像: 1005_20250524_210715.jpg
2025-07-28 16:39:42 | [32mINFO[0m | yolo_detector.core.detector:detect:459 - 图像分割完成
2025-07-28 16:39:42 | [32mINFO[0m | yolo_detector.ui.gradio_app:detect_image:134 - 检测完成: 7 个对象
2025-07-28 16:39:44 | [32mINFO[0m | yolo_detector.utils.file_utils:get_image_files:68 - 找到 891 个图像文件在 D:\Python\00雪橇打标\20250524
2025-07-28 16:39:44 | [32mINFO[0m | yolo_detector.utils.file_utils:get_example_images:164 - 获取 12 个示例图像
2025-07-28 16:39:44 | [32mINFO[0m | yolo_detector.ui.gradio_app:use_example_image:195 - 使用示例图像: 1007_20250524_170520.jpg
2025-07-28 16:39:45 | [32mINFO[0m | yolo_detector.core.detector:detect:459 - 图像分割完成
2025-07-28 16:39:45 | [32mINFO[0m | yolo_detector.ui.gradio_app:detect_image:134 - 检测完成: 1 个对象
2025-07-28 16:39:46 | [32mINFO[0m | yolo_detector.utils.file_utils:get_image_files:68 - 找到 891 个图像文件在 D:\Python\00雪橇打标\20250524
2025-07-28 16:39:46 | [32mINFO[0m | yolo_detector.utils.file_utils:get_example_images:164 - 获取 12 个示例图像
2025-07-28 16:39:46 | [32mINFO[0m | yolo_detector.ui.gradio_app:use_example_image:195 - 使用示例图像: 1008_20250524_052917.jpg
2025-07-28 16:39:47 | [32mINFO[0m | yolo_detector.core.detector:detect:459 - 图像分割完成
2025-07-28 16:39:47 | [32mINFO[0m | yolo_detector.ui.gradio_app:detect_image:134 - 检测完成: 5 个对象
2025-07-28 16:39:50 | [32mINFO[0m | yolo_detector.utils.file_utils:get_image_files:68 - 找到 891 个图像文件在 D:\Python\00雪橇打标\20250524
2025-07-28 16:39:50 | [32mINFO[0m | yolo_detector.utils.file_utils:get_example_images:164 - 获取 12 个示例图像
2025-07-28 16:39:50 | [32mINFO[0m | yolo_detector.ui.gradio_app:use_example_image:195 - 使用示例图像: 1015_20250524_003415.jpg
2025-07-28 16:39:51 | [32mINFO[0m | yolo_detector.core.detector:detect:459 - 图像分割完成
2025-07-28 16:39:51 | [32mINFO[0m | yolo_detector.ui.gradio_app:detect_image:134 - 检测完成: 9 个对象
2025-07-28 16:39:54 | [32mINFO[0m | yolo_detector.utils.file_utils:get_image_files:68 - 找到 891 个图像文件在 D:\Python\00雪橇打标\20250524
2025-07-28 16:39:54 | [32mINFO[0m | yolo_detector.utils.file_utils:get_example_images:164 - 获取 12 个示例图像
2025-07-28 16:39:54 | [32mINFO[0m | yolo_detector.ui.gradio_app:use_example_image:195 - 使用示例图像: 1015_20250524_190611.jpg
2025-07-28 16:39:55 | [32mINFO[0m | yolo_detector.core.detector:detect:459 - 图像分割完成
2025-07-28 16:39:55 | [32mINFO[0m | yolo_detector.ui.gradio_app:detect_image:134 - 检测完成: 7 个对象
2025-07-28 16:39:58 | [32mINFO[0m | yolo_detector.utils.file_utils:get_image_files:68 - 找到 891 个图像文件在 D:\Python\00雪橇打标\20250524
2025-07-28 16:39:58 | [32mINFO[0m | yolo_detector.utils.file_utils:get_example_images:164 - 获取 12 个示例图像
2025-07-28 16:39:58 | [32mINFO[0m | yolo_detector.ui.gradio_app:use_example_image:195 - 使用示例图像: 1018_20250524_055148.jpg
2025-07-28 16:39:59 | [32mINFO[0m | yolo_detector.core.detector:detect:459 - 图像分割完成
2025-07-28 16:39:59 | [32mINFO[0m | yolo_detector.ui.gradio_app:detect_image:134 - 检测完成: 2 个对象
2025-07-28 16:40:02 | [32mINFO[0m | yolo_detector.utils.file_utils:get_image_files:68 - 找到 891 个图像文件在 D:\Python\00雪橇打标\20250524
2025-07-28 16:40:02 | [32mINFO[0m | yolo_detector.utils.file_utils:get_example_images:164 - 获取 12 个示例图像
2025-07-28 16:40:02 | [32mINFO[0m | yolo_detector.ui.gradio_app:use_example_image:195 - 使用示例图像: 1018_20250524_135432.jpg
2025-07-28 16:40:03 | [32mINFO[0m | yolo_detector.core.detector:detect:459 - 图像分割完成
2025-07-28 16:40:03 | [32mINFO[0m | yolo_detector.ui.gradio_app:detect_image:134 - 检测完成: 3 个对象
2025-07-28 16:40:05 | [32mINFO[0m | yolo_detector.utils.file_utils:get_image_files:68 - 找到 891 个图像文件在 D:\Python\00雪橇打标\20250524
2025-07-28 16:40:05 | [32mINFO[0m | yolo_detector.utils.file_utils:get_example_images:164 - 获取 12 个示例图像
2025-07-28 16:40:05 | [32mINFO[0m | yolo_detector.ui.gradio_app:use_example_image:195 - 使用示例图像: 1018_20250524_213242.jpg
2025-07-28 16:40:05 | [32mINFO[0m | yolo_detector.core.detector:detect:459 - 图像分割完成
2025-07-28 16:40:05 | [32mINFO[0m | yolo_detector.ui.gradio_app:detect_image:134 - 检测完成: 2 个对象
2025-07-28 16:40:07 | [32mINFO[0m | yolo_detector.utils.file_utils:get_image_files:68 - 找到 891 个图像文件在 D:\Python\00雪橇打标\20250524
2025-07-28 16:40:07 | [32mINFO[0m | yolo_detector.utils.file_utils:get_example_images:164 - 获取 12 个示例图像
2025-07-28 16:40:07 | [32mINFO[0m | yolo_detector.ui.gradio_app:use_example_image:195 - 使用示例图像: 1020_20250524_091517.jpg
2025-07-28 16:40:08 | [32mINFO[0m | yolo_detector.core.detector:detect:459 - 图像分割完成
2025-07-28 16:40:08 | [32mINFO[0m | yolo_detector.ui.gradio_app:detect_image:134 - 检测完成: 3 个对象
2025-07-28 16:40:10 | [32mINFO[0m | yolo_detector.utils.file_utils:get_image_files:68 - 找到 891 个图像文件在 D:\Python\00雪橇打标\20250524
2025-07-28 16:40:10 | [32mINFO[0m | yolo_detector.utils.file_utils:get_example_images:164 - 获取 12 个示例图像
2025-07-28 16:40:10 | [32mINFO[0m | yolo_detector.ui.gradio_app:use_example_image:195 - 使用示例图像: 1004_20250524_091904.jpg
2025-07-28 16:40:11 | [32mINFO[0m | yolo_detector.core.detector:detect:459 - 图像分割完成
2025-07-28 16:40:11 | [32mINFO[0m | yolo_detector.ui.gradio_app:detect_image:134 - 检测完成: 2 个对象
2025-07-28 16:40:12 | [32mINFO[0m | yolo_detector.utils.file_utils:get_image_files:68 - 找到 891 个图像文件在 D:\Python\00雪橇打标\20250524
2025-07-28 16:40:12 | [32mINFO[0m | yolo_detector.utils.file_utils:get_example_images:164 - 获取 12 个示例图像
2025-07-28 16:40:12 | [32mINFO[0m | yolo_detector.ui.gradio_app:use_example_image:195 - 使用示例图像: 1004_20250524_215518.jpg
2025-07-28 16:40:13 | [32mINFO[0m | yolo_detector.core.detector:detect:459 - 图像分割完成
2025-07-28 16:40:13 | [32mINFO[0m | yolo_detector.ui.gradio_app:detect_image:134 - 检测完成: 4 个对象
2025-07-28 16:40:15 | [32mINFO[0m | yolo_detector.utils.file_utils:get_image_files:68 - 找到 891 个图像文件在 D:\Python\00雪橇打标\20250524
2025-07-28 16:40:15 | [32mINFO[0m | yolo_detector.utils.file_utils:get_example_images:164 - 获取 12 个示例图像
2025-07-28 16:40:15 | [32mINFO[0m | yolo_detector.ui.gradio_app:use_example_image:195 - 使用示例图像: 1005_20250524_055233.jpg
2025-07-28 16:40:16 | [32mINFO[0m | yolo_detector.core.detector:detect:459 - 图像分割完成
2025-07-28 16:40:16 | [32mINFO[0m | yolo_detector.ui.gradio_app:detect_image:134 - 检测完成: 3 个对象
2025-07-28 16:40:19 | [32mINFO[0m | yolo_detector.utils.file_utils:get_image_files:68 - 找到 891 个图像文件在 D:\Python\00雪橇打标\20250524
2025-07-28 16:40:19 | [32mINFO[0m | yolo_detector.utils.file_utils:get_example_images:164 - 获取 12 个示例图像
2025-07-28 16:40:19 | [32mINFO[0m | yolo_detector.ui.gradio_app:use_example_image:195 - 使用示例图像: 1005_20250524_210715.jpg
2025-07-28 16:40:19 | [32mINFO[0m | yolo_detector.core.detector:detect:459 - 图像分割完成
2025-07-28 16:40:20 | [32mINFO[0m | yolo_detector.ui.gradio_app:detect_image:134 - 检测完成: 7 个对象
2025-07-28 16:40:22 | [32mINFO[0m | yolo_detector.utils.file_utils:get_image_files:68 - 找到 891 个图像文件在 D:\Python\00雪橇打标\20250524
2025-07-28 16:40:22 | [32mINFO[0m | yolo_detector.utils.file_utils:get_example_images:164 - 获取 12 个示例图像
2025-07-28 16:40:22 | [32mINFO[0m | yolo_detector.ui.gradio_app:use_example_image:195 - 使用示例图像: 1007_20250524_170520.jpg
2025-07-28 16:40:23 | [32mINFO[0m | yolo_detector.core.detector:detect:459 - 图像分割完成
2025-07-28 16:40:23 | [32mINFO[0m | yolo_detector.ui.gradio_app:detect_image:134 - 检测完成: 1 个对象
2025-07-28 16:40:25 | [32mINFO[0m | yolo_detector.utils.file_utils:get_image_files:68 - 找到 891 个图像文件在 D:\Python\00雪橇打标\20250524
2025-07-28 16:40:25 | [32mINFO[0m | yolo_detector.utils.file_utils:get_example_images:164 - 获取 12 个示例图像
2025-07-28 16:40:25 | [32mINFO[0m | yolo_detector.ui.gradio_app:use_example_image:195 - 使用示例图像: 1008_20250524_052917.jpg
2025-07-28 16:40:26 | [32mINFO[0m | yolo_detector.core.detector:detect:459 - 图像分割完成
2025-07-28 16:40:26 | [32mINFO[0m | yolo_detector.ui.gradio_app:detect_image:134 - 检测完成: 5 个对象
2025-07-28 16:40:29 | [32mINFO[0m | yolo_detector.utils.file_utils:get_image_files:68 - 找到 891 个图像文件在 D:\Python\00雪橇打标\20250524
2025-07-28 16:40:29 | [32mINFO[0m | yolo_detector.utils.file_utils:get_example_images:164 - 获取 12 个示例图像
2025-07-28 16:40:29 | [32mINFO[0m | yolo_detector.ui.gradio_app:use_example_image:195 - 使用示例图像: 1015_20250524_003415.jpg
2025-07-28 16:40:30 | [32mINFO[0m | yolo_detector.core.detector:detect:459 - 图像分割完成
2025-07-28 16:40:30 | [32mINFO[0m | yolo_detector.ui.gradio_app:detect_image:134 - 检测完成: 9 个对象
2025-07-28 16:40:33 | [32mINFO[0m | yolo_detector.utils.file_utils:get_image_files:68 - 找到 891 个图像文件在 D:\Python\00雪橇打标\20250524
2025-07-28 16:40:33 | [32mINFO[0m | yolo_detector.utils.file_utils:get_example_images:164 - 获取 12 个示例图像
2025-07-28 16:40:33 | [32mINFO[0m | yolo_detector.ui.gradio_app:use_example_image:195 - 使用示例图像: 1015_20250524_190611.jpg
2025-07-28 16:40:34 | [32mINFO[0m | yolo_detector.core.detector:detect:459 - 图像分割完成
2025-07-28 16:40:34 | [32mINFO[0m | yolo_detector.ui.gradio_app:detect_image:134 - 检测完成: 7 个对象
2025-07-28 16:40:36 | [32mINFO[0m | yolo_detector.utils.file_utils:get_image_files:68 - 找到 891 个图像文件在 D:\Python\00雪橇打标\20250524
2025-07-28 16:40:36 | [32mINFO[0m | yolo_detector.utils.file_utils:get_example_images:164 - 获取 12 个示例图像
2025-07-28 16:40:36 | [32mINFO[0m | yolo_detector.ui.gradio_app:use_example_image:195 - 使用示例图像: 1018_20250524_055148.jpg
2025-07-28 16:40:37 | [32mINFO[0m | yolo_detector.core.detector:detect:459 - 图像分割完成
2025-07-28 16:40:37 | [32mINFO[0m | yolo_detector.ui.gradio_app:detect_image:134 - 检测完成: 2 个对象
2025-07-28 16:40:39 | [32mINFO[0m | yolo_detector.utils.file_utils:get_image_files:68 - 找到 891 个图像文件在 D:\Python\00雪橇打标\20250524
2025-07-28 16:40:39 | [32mINFO[0m | yolo_detector.utils.file_utils:get_example_images:164 - 获取 12 个示例图像
2025-07-28 16:40:39 | [32mINFO[0m | yolo_detector.ui.gradio_app:use_example_image:195 - 使用示例图像: 1018_20250524_135432.jpg
2025-07-28 16:40:40 | [32mINFO[0m | yolo_detector.core.detector:detect:459 - 图像分割完成
2025-07-28 16:40:40 | [32mINFO[0m | yolo_detector.ui.gradio_app:detect_image:134 - 检测完成: 3 个对象
2025-07-28 16:40:41 | [32mINFO[0m | yolo_detector.utils.file_utils:get_image_files:68 - 找到 891 个图像文件在 D:\Python\00雪橇打标\20250524
2025-07-28 16:40:41 | [32mINFO[0m | yolo_detector.utils.file_utils:get_example_images:164 - 获取 12 个示例图像
2025-07-28 16:40:41 | [32mINFO[0m | yolo_detector.ui.gradio_app:use_example_image:195 - 使用示例图像: 1018_20250524_213242.jpg
2025-07-28 16:40:42 | [32mINFO[0m | yolo_detector.core.detector:detect:459 - 图像分割完成
2025-07-28 16:40:42 | [32mINFO[0m | yolo_detector.ui.gradio_app:detect_image:134 - 检测完成: 2 个对象
2025-07-28 16:40:44 | [32mINFO[0m | yolo_detector.utils.file_utils:get_image_files:68 - 找到 891 个图像文件在 D:\Python\00雪橇打标\20250524
2025-07-28 16:40:44 | [32mINFO[0m | yolo_detector.utils.file_utils:get_example_images:164 - 获取 12 个示例图像
2025-07-28 16:40:44 | [32mINFO[0m | yolo_detector.ui.gradio_app:use_example_image:195 - 使用示例图像: 1020_20250524_091517.jpg
2025-07-28 16:40:45 | [32mINFO[0m | yolo_detector.core.detector:detect:459 - 图像分割完成
2025-07-28 16:40:45 | [32mINFO[0m | yolo_detector.ui.gradio_app:detect_image:134 - 检测完成: 3 个对象
2025-07-28 16:40:47 | [32mINFO[0m | yolo_detector.utils.file_utils:get_image_files:68 - 找到 891 个图像文件在 D:\Python\00雪橇打标\20250524
2025-07-28 16:40:47 | [32mINFO[0m | yolo_detector.utils.file_utils:get_example_images:164 - 获取 12 个示例图像
2025-07-28 16:40:47 | [32mINFO[0m | yolo_detector.ui.gradio_app:use_example_image:195 - 使用示例图像: 1004_20250524_091904.jpg
2025-07-28 16:40:48 | [32mINFO[0m | yolo_detector.core.detector:detect:459 - 图像分割完成
2025-07-28 16:40:48 | [32mINFO[0m | yolo_detector.ui.gradio_app:detect_image:134 - 检测完成: 2 个对象
2025-07-28 16:40:50 | [32mINFO[0m | yolo_detector.utils.file_utils:get_image_files:68 - 找到 891 个图像文件在 D:\Python\00雪橇打标\20250524
2025-07-28 16:40:50 | [32mINFO[0m | yolo_detector.utils.file_utils:get_example_images:164 - 获取 12 个示例图像
2025-07-28 16:40:50 | [32mINFO[0m | yolo_detector.ui.gradio_app:use_example_image:195 - 使用示例图像: 1004_20250524_215518.jpg
2025-07-28 16:40:51 | [32mINFO[0m | yolo_detector.core.detector:detect:459 - 图像分割完成
2025-07-28 16:40:51 | [32mINFO[0m | yolo_detector.ui.gradio_app:detect_image:134 - 检测完成: 4 个对象
2025-07-28 16:40:53 | [32mINFO[0m | yolo_detector.utils.file_utils:get_image_files:68 - 找到 891 个图像文件在 D:\Python\00雪橇打标\20250524
2025-07-28 16:40:53 | [32mINFO[0m | yolo_detector.utils.file_utils:get_example_images:164 - 获取 12 个示例图像
2025-07-28 16:40:53 | [32mINFO[0m | yolo_detector.ui.gradio_app:use_example_image:195 - 使用示例图像: 1005_20250524_055233.jpg
2025-07-28 16:40:54 | [32mINFO[0m | yolo_detector.core.detector:detect:459 - 图像分割完成
2025-07-28 16:40:54 | [32mINFO[0m | yolo_detector.ui.gradio_app:detect_image:134 - 检测完成: 3 个对象
2025-07-28 16:40:56 | [32mINFO[0m | yolo_detector.utils.file_utils:get_image_files:68 - 找到 891 个图像文件在 D:\Python\00雪橇打标\20250524
2025-07-28 16:40:56 | [32mINFO[0m | yolo_detector.utils.file_utils:get_example_images:164 - 获取 12 个示例图像
2025-07-28 16:40:56 | [32mINFO[0m | yolo_detector.ui.gradio_app:use_example_image:195 - 使用示例图像: 1005_20250524_210715.jpg
2025-07-28 16:40:57 | [32mINFO[0m | yolo_detector.core.detector:detect:459 - 图像分割完成
2025-07-28 16:40:57 | [32mINFO[0m | yolo_detector.ui.gradio_app:detect_image:134 - 检测完成: 7 个对象
2025-07-28 16:40:59 | [32mINFO[0m | yolo_detector.utils.file_utils:get_image_files:68 - 找到 891 个图像文件在 D:\Python\00雪橇打标\20250524
2025-07-28 16:40:59 | [32mINFO[0m | yolo_detector.utils.file_utils:get_example_images:164 - 获取 12 个示例图像
2025-07-28 16:40:59 | [32mINFO[0m | yolo_detector.ui.gradio_app:use_example_image:195 - 使用示例图像: 1007_20250524_170520.jpg
2025-07-28 16:41:00 | [32mINFO[0m | yolo_detector.core.detector:detect:459 - 图像分割完成
2025-07-28 16:41:00 | [32mINFO[0m | yolo_detector.ui.gradio_app:detect_image:134 - 检测完成: 1 个对象
2025-07-28 16:41:02 | [32mINFO[0m | yolo_detector.utils.file_utils:get_image_files:68 - 找到 891 个图像文件在 D:\Python\00雪橇打标\20250524
2025-07-28 16:41:02 | [32mINFO[0m | yolo_detector.utils.file_utils:get_example_images:164 - 获取 12 个示例图像
2025-07-28 16:41:02 | [32mINFO[0m | yolo_detector.ui.gradio_app:use_example_image:195 - 使用示例图像: 1008_20250524_052917.jpg
2025-07-28 16:41:03 | [32mINFO[0m | yolo_detector.core.detector:detect:459 - 图像分割完成
2025-07-28 16:41:03 | [32mINFO[0m | yolo_detector.ui.gradio_app:detect_image:134 - 检测完成: 5 个对象
2025-07-28 16:41:05 | [32mINFO[0m | yolo_detector.utils.file_utils:get_image_files:68 - 找到 891 个图像文件在 D:\Python\00雪橇打标\20250524
2025-07-28 16:41:05 | [32mINFO[0m | yolo_detector.utils.file_utils:get_example_images:164 - 获取 12 个示例图像
2025-07-28 16:41:05 | [32mINFO[0m | yolo_detector.ui.gradio_app:use_example_image:195 - 使用示例图像: 1015_20250524_003415.jpg
2025-07-28 16:41:06 | [32mINFO[0m | yolo_detector.core.detector:detect:459 - 图像分割完成
2025-07-28 16:41:06 | [32mINFO[0m | yolo_detector.ui.gradio_app:detect_image:134 - 检测完成: 9 个对象
2025-07-28 16:41:12 | [32mINFO[0m | yolo_detector.utils.file_utils:get_image_files:68 - 找到 891 个图像文件在 D:\Python\00雪橇打标\20250524
2025-07-28 16:41:12 | [32mINFO[0m | yolo_detector.utils.file_utils:get_example_images:164 - 获取 12 个示例图像
2025-07-28 16:41:12 | [32mINFO[0m | yolo_detector.ui.gradio_app:use_example_image:195 - 使用示例图像: 1015_20250524_190611.jpg
2025-07-28 16:41:13 | [32mINFO[0m | yolo_detector.core.detector:detect:459 - 图像分割完成
2025-07-28 16:41:13 | [32mINFO[0m | yolo_detector.ui.gradio_app:detect_image:134 - 检测完成: 7 个对象
2025-07-28 16:41:17 | [32mINFO[0m | yolo_detector.utils.file_utils:get_image_files:68 - 找到 891 个图像文件在 D:\Python\00雪橇打标\20250524
2025-07-28 16:41:17 | [32mINFO[0m | yolo_detector.utils.file_utils:get_example_images:164 - 获取 12 个示例图像
2025-07-28 16:41:17 | [32mINFO[0m | yolo_detector.ui.gradio_app:use_example_image:195 - 使用示例图像: 1018_20250524_055148.jpg
2025-07-28 16:41:18 | [32mINFO[0m | yolo_detector.core.detector:detect:459 - 图像分割完成
2025-07-28 16:41:18 | [32mINFO[0m | yolo_detector.ui.gradio_app:detect_image:134 - 检测完成: 2 个对象
2025-07-28 16:41:21 | [32mINFO[0m | yolo_detector.utils.file_utils:get_image_files:68 - 找到 891 个图像文件在 D:\Python\00雪橇打标\20250524
2025-07-28 16:41:21 | [32mINFO[0m | yolo_detector.utils.file_utils:get_example_images:164 - 获取 12 个示例图像
2025-07-28 16:41:21 | [32mINFO[0m | yolo_detector.ui.gradio_app:use_example_image:195 - 使用示例图像: 1018_20250524_135432.jpg
2025-07-28 16:41:22 | [32mINFO[0m | yolo_detector.core.detector:detect:459 - 图像分割完成
2025-07-28 16:41:22 | [32mINFO[0m | yolo_detector.ui.gradio_app:detect_image:134 - 检测完成: 3 个对象
2025-07-28 16:41:23 | [32mINFO[0m | yolo_detector.utils.file_utils:get_image_files:68 - 找到 891 个图像文件在 D:\Python\00雪橇打标\20250524
2025-07-28 16:41:23 | [32mINFO[0m | yolo_detector.utils.file_utils:get_example_images:164 - 获取 12 个示例图像
2025-07-28 16:41:23 | [32mINFO[0m | yolo_detector.ui.gradio_app:use_example_image:195 - 使用示例图像: 1018_20250524_213242.jpg
2025-07-28 16:41:24 | [32mINFO[0m | yolo_detector.core.detector:detect:459 - 图像分割完成
2025-07-28 16:41:24 | [32mINFO[0m | yolo_detector.ui.gradio_app:detect_image:134 - 检测完成: 2 个对象
2025-07-28 16:41:26 | [32mINFO[0m | yolo_detector.utils.file_utils:get_image_files:68 - 找到 891 个图像文件在 D:\Python\00雪橇打标\20250524
2025-07-28 16:41:26 | [32mINFO[0m | yolo_detector.utils.file_utils:get_example_images:164 - 获取 12 个示例图像
2025-07-28 16:41:26 | [32mINFO[0m | yolo_detector.ui.gradio_app:use_example_image:195 - 使用示例图像: 1020_20250524_091517.jpg
2025-07-28 16:41:26 | [32mINFO[0m | yolo_detector.core.detector:detect:459 - 图像分割完成
2025-07-28 16:41:26 | [32mINFO[0m | yolo_detector.ui.gradio_app:detect_image:134 - 检测完成: 3 个对象
2025-07-28 16:41:28 | [32mINFO[0m | yolo_detector.utils.file_utils:get_image_files:68 - 找到 891 个图像文件在 D:\Python\00雪橇打标\20250524
2025-07-28 16:41:28 | [32mINFO[0m | yolo_detector.utils.file_utils:get_example_images:164 - 获取 12 个示例图像
2025-07-28 16:41:28 | [32mINFO[0m | yolo_detector.ui.gradio_app:use_example_image:195 - 使用示例图像: 1004_20250524_091904.jpg
2025-07-28 16:41:29 | [32mINFO[0m | yolo_detector.core.detector:detect:459 - 图像分割完成
2025-07-28 16:41:29 | [32mINFO[0m | yolo_detector.ui.gradio_app:detect_image:134 - 检测完成: 2 个对象
2025-07-28 16:41:31 | [32mINFO[0m | yolo_detector.utils.file_utils:get_image_files:68 - 找到 891 个图像文件在 D:\Python\00雪橇打标\20250524
2025-07-28 16:41:31 | [32mINFO[0m | yolo_detector.utils.file_utils:get_example_images:164 - 获取 12 个示例图像
2025-07-28 16:41:31 | [32mINFO[0m | yolo_detector.ui.gradio_app:use_example_image:195 - 使用示例图像: 1004_20250524_215518.jpg
2025-07-28 16:41:31 | [32mINFO[0m | yolo_detector.core.detector:detect:459 - 图像分割完成
2025-07-28 16:41:31 | [32mINFO[0m | yolo_detector.ui.gradio_app:detect_image:134 - 检测完成: 4 个对象
2025-07-28 16:41:33 | [32mINFO[0m | yolo_detector.utils.file_utils:get_image_files:68 - 找到 891 个图像文件在 D:\Python\00雪橇打标\20250524
2025-07-28 16:41:33 | [32mINFO[0m | yolo_detector.utils.file_utils:get_example_images:164 - 获取 12 个示例图像
2025-07-28 16:41:33 | [32mINFO[0m | yolo_detector.ui.gradio_app:use_example_image:195 - 使用示例图像: 1005_20250524_055233.jpg
2025-07-28 16:41:34 | [32mINFO[0m | yolo_detector.core.detector:detect:459 - 图像分割完成
2025-07-28 16:41:34 | [32mINFO[0m | yolo_detector.ui.gradio_app:detect_image:134 - 检测完成: 3 个对象
2025-07-28 16:41:36 | [32mINFO[0m | yolo_detector.utils.file_utils:get_image_files:68 - 找到 891 个图像文件在 D:\Python\00雪橇打标\20250524
2025-07-28 16:41:36 | [32mINFO[0m | yolo_detector.utils.file_utils:get_example_images:164 - 获取 12 个示例图像
2025-07-28 16:41:36 | [32mINFO[0m | yolo_detector.ui.gradio_app:use_example_image:195 - 使用示例图像: 1005_20250524_210715.jpg
2025-07-28 16:41:37 | [32mINFO[0m | yolo_detector.core.detector:detect:459 - 图像分割完成
2025-07-28 16:41:37 | [32mINFO[0m | yolo_detector.ui.gradio_app:detect_image:134 - 检测完成: 7 个对象
2025-07-28 16:41:38 | [32mINFO[0m | yolo_detector.utils.file_utils:get_image_files:68 - 找到 891 个图像文件在 D:\Python\00雪橇打标\20250524
2025-07-28 16:41:38 | [32mINFO[0m | yolo_detector.utils.file_utils:get_example_images:164 - 获取 12 个示例图像
2025-07-28 16:41:38 | [32mINFO[0m | yolo_detector.ui.gradio_app:use_example_image:195 - 使用示例图像: 1007_20250524_170520.jpg
2025-07-28 16:41:39 | [32mINFO[0m | yolo_detector.core.detector:detect:459 - 图像分割完成
2025-07-28 16:41:39 | [32mINFO[0m | yolo_detector.ui.gradio_app:detect_image:134 - 检测完成: 1 个对象
2025-07-28 16:41:41 | [32mINFO[0m | yolo_detector.utils.file_utils:get_image_files:68 - 找到 891 个图像文件在 D:\Python\00雪橇打标\20250524
2025-07-28 16:41:41 | [32mINFO[0m | yolo_detector.utils.file_utils:get_example_images:164 - 获取 12 个示例图像
2025-07-28 16:41:41 | [32mINFO[0m | yolo_detector.ui.gradio_app:use_example_image:195 - 使用示例图像: 1008_20250524_052917.jpg
2025-07-28 16:41:42 | [32mINFO[0m | yolo_detector.core.detector:detect:459 - 图像分割完成
2025-07-28 16:41:42 | [32mINFO[0m | yolo_detector.ui.gradio_app:detect_image:134 - 检测完成: 5 个对象
2025-07-28 16:41:43 | [32mINFO[0m | yolo_detector.utils.file_utils:get_image_files:68 - 找到 891 个图像文件在 D:\Python\00雪橇打标\20250524
2025-07-28 16:41:43 | [32mINFO[0m | yolo_detector.utils.file_utils:get_example_images:164 - 获取 12 个示例图像
2025-07-28 16:41:43 | [32mINFO[0m | yolo_detector.ui.gradio_app:use_example_image:195 - 使用示例图像: 1015_20250524_003415.jpg
2025-07-28 16:41:44 | [32mINFO[0m | yolo_detector.core.detector:detect:459 - 图像分割完成
2025-07-28 16:41:44 | [32mINFO[0m | yolo_detector.ui.gradio_app:detect_image:134 - 检测完成: 9 个对象
2025-07-28 16:41:48 | [32mINFO[0m | yolo_detector.utils.file_utils:get_image_files:68 - 找到 891 个图像文件在 D:\Python\00雪橇打标\20250524
2025-07-28 16:41:48 | [32mINFO[0m | yolo_detector.utils.file_utils:get_example_images:164 - 获取 12 个示例图像
2025-07-28 16:41:48 | [32mINFO[0m | yolo_detector.ui.gradio_app:use_example_image:195 - 使用示例图像: 1015_20250524_190611.jpg
2025-07-28 16:41:49 | [32mINFO[0m | yolo_detector.core.detector:detect:459 - 图像分割完成
2025-07-28 16:41:49 | [32mINFO[0m | yolo_detector.ui.gradio_app:detect_image:134 - 检测完成: 7 个对象
2025-07-28 16:41:51 | [32mINFO[0m | yolo_detector.utils.file_utils:get_image_files:68 - 找到 891 个图像文件在 D:\Python\00雪橇打标\20250524
2025-07-28 16:41:51 | [32mINFO[0m | yolo_detector.utils.file_utils:get_example_images:164 - 获取 12 个示例图像
2025-07-28 16:41:51 | [32mINFO[0m | yolo_detector.ui.gradio_app:use_example_image:195 - 使用示例图像: 1018_20250524_055148.jpg
2025-07-28 16:41:52 | [32mINFO[0m | yolo_detector.core.detector:detect:459 - 图像分割完成
2025-07-28 16:41:52 | [32mINFO[0m | yolo_detector.ui.gradio_app:detect_image:134 - 检测完成: 2 个对象
2025-07-28 16:41:54 | [32mINFO[0m | yolo_detector.utils.file_utils:get_image_files:68 - 找到 891 个图像文件在 D:\Python\00雪橇打标\20250524
2025-07-28 16:41:54 | [32mINFO[0m | yolo_detector.utils.file_utils:get_example_images:164 - 获取 12 个示例图像
2025-07-28 16:41:54 | [32mINFO[0m | yolo_detector.ui.gradio_app:use_example_image:195 - 使用示例图像: 1018_20250524_135432.jpg
2025-07-28 16:41:55 | [32mINFO[0m | yolo_detector.core.detector:detect:459 - 图像分割完成
2025-07-28 16:41:55 | [32mINFO[0m | yolo_detector.ui.gradio_app:detect_image:134 - 检测完成: 3 个对象
2025-07-28 16:41:56 | [32mINFO[0m | yolo_detector.utils.file_utils:get_image_files:68 - 找到 891 个图像文件在 D:\Python\00雪橇打标\20250524
2025-07-28 16:41:56 | [32mINFO[0m | yolo_detector.utils.file_utils:get_example_images:164 - 获取 12 个示例图像
2025-07-28 16:41:56 | [32mINFO[0m | yolo_detector.ui.gradio_app:use_example_image:195 - 使用示例图像: 1018_20250524_213242.jpg
2025-07-28 16:41:57 | [32mINFO[0m | yolo_detector.core.detector:detect:459 - 图像分割完成
2025-07-28 16:41:57 | [32mINFO[0m | yolo_detector.ui.gradio_app:detect_image:134 - 检测完成: 2 个对象
2025-07-28 16:41:58 | [32mINFO[0m | yolo_detector.utils.file_utils:get_image_files:68 - 找到 891 个图像文件在 D:\Python\00雪橇打标\20250524
2025-07-28 16:41:58 | [32mINFO[0m | yolo_detector.utils.file_utils:get_example_images:164 - 获取 12 个示例图像
2025-07-28 16:41:58 | [32mINFO[0m | yolo_detector.ui.gradio_app:use_example_image:195 - 使用示例图像: 1020_20250524_091517.jpg
2025-07-28 16:41:59 | [32mINFO[0m | yolo_detector.core.detector:detect:459 - 图像分割完成
2025-07-28 16:41:59 | [32mINFO[0m | yolo_detector.ui.gradio_app:detect_image:134 - 检测完成: 3 个对象
2025-07-28 16:42:01 | [32mINFO[0m | yolo_detector.utils.file_utils:get_image_files:68 - 找到 891 个图像文件在 D:\Python\00雪橇打标\20250524
2025-07-28 16:42:01 | [32mINFO[0m | yolo_detector.utils.file_utils:get_example_images:164 - 获取 12 个示例图像
2025-07-28 16:42:01 | [32mINFO[0m | yolo_detector.ui.gradio_app:use_example_image:195 - 使用示例图像: 1004_20250524_091904.jpg
2025-07-28 16:42:01 | [32mINFO[0m | yolo_detector.core.detector:detect:459 - 图像分割完成
2025-07-28 16:42:01 | [32mINFO[0m | yolo_detector.ui.gradio_app:detect_image:134 - 检测完成: 2 个对象
2025-07-28 16:42:03 | [32mINFO[0m | yolo_detector.utils.file_utils:get_image_files:68 - 找到 891 个图像文件在 D:\Python\00雪橇打标\20250524
2025-07-28 16:42:03 | [32mINFO[0m | yolo_detector.utils.file_utils:get_example_images:164 - 获取 12 个示例图像
2025-07-28 16:42:03 | [32mINFO[0m | yolo_detector.ui.gradio_app:use_example_image:195 - 使用示例图像: 1004_20250524_215518.jpg
2025-07-28 16:42:04 | [32mINFO[0m | yolo_detector.core.detector:detect:459 - 图像分割完成
2025-07-28 16:42:04 | [32mINFO[0m | yolo_detector.ui.gradio_app:detect_image:134 - 检测完成: 4 个对象
2025-07-28 16:42:05 | [32mINFO[0m | yolo_detector.utils.file_utils:get_image_files:68 - 找到 891 个图像文件在 D:\Python\00雪橇打标\20250524
2025-07-28 16:42:05 | [32mINFO[0m | yolo_detector.utils.file_utils:get_example_images:164 - 获取 12 个示例图像
2025-07-28 16:42:05 | [32mINFO[0m | yolo_detector.ui.gradio_app:use_example_image:195 - 使用示例图像: 1005_20250524_055233.jpg
2025-07-28 16:42:06 | [32mINFO[0m | yolo_detector.core.detector:detect:459 - 图像分割完成
2025-07-28 16:42:06 | [32mINFO[0m | yolo_detector.ui.gradio_app:detect_image:134 - 检测完成: 3 个对象
2025-07-28 16:42:08 | [32mINFO[0m | yolo_detector.utils.file_utils:get_image_files:68 - 找到 891 个图像文件在 D:\Python\00雪橇打标\20250524
2025-07-28 16:42:08 | [32mINFO[0m | yolo_detector.utils.file_utils:get_example_images:164 - 获取 12 个示例图像
2025-07-28 16:42:08 | [32mINFO[0m | yolo_detector.ui.gradio_app:use_example_image:195 - 使用示例图像: 1005_20250524_210715.jpg
2025-07-28 16:42:09 | [32mINFO[0m | yolo_detector.core.detector:detect:459 - 图像分割完成
2025-07-28 16:42:10 | [32mINFO[0m | yolo_detector.ui.gradio_app:detect_image:134 - 检测完成: 7 个对象
2025-07-28 16:42:13 | [32mINFO[0m | yolo_detector.utils.file_utils:get_image_files:68 - 找到 891 个图像文件在 D:\Python\00雪橇打标\20250524
2025-07-28 16:42:13 | [32mINFO[0m | yolo_detector.utils.file_utils:get_example_images:164 - 获取 12 个示例图像
2025-07-28 16:42:13 | [32mINFO[0m | yolo_detector.ui.gradio_app:use_example_image:195 - 使用示例图像: 1007_20250524_170520.jpg
2025-07-28 16:42:14 | [32mINFO[0m | yolo_detector.core.detector:detect:459 - 图像分割完成
2025-07-28 16:42:14 | [32mINFO[0m | yolo_detector.ui.gradio_app:detect_image:134 - 检测完成: 1 个对象
2025-07-28 16:42:16 | [32mINFO[0m | yolo_detector.utils.file_utils:get_image_files:68 - 找到 891 个图像文件在 D:\Python\00雪橇打标\20250524
2025-07-28 16:42:16 | [32mINFO[0m | yolo_detector.utils.file_utils:get_example_images:164 - 获取 12 个示例图像
2025-07-28 16:42:16 | [32mINFO[0m | yolo_detector.ui.gradio_app:use_example_image:195 - 使用示例图像: 1008_20250524_052917.jpg
2025-07-28 16:42:17 | [32mINFO[0m | yolo_detector.core.detector:detect:459 - 图像分割完成
2025-07-28 16:42:17 | [32mINFO[0m | yolo_detector.ui.gradio_app:detect_image:134 - 检测完成: 5 个对象
2025-07-28 16:42:18 | [32mINFO[0m | yolo_detector.utils.file_utils:get_image_files:68 - 找到 891 个图像文件在 D:\Python\00雪橇打标\20250524
2025-07-28 16:42:18 | [32mINFO[0m | yolo_detector.utils.file_utils:get_example_images:164 - 获取 12 个示例图像
2025-07-28 16:42:18 | [32mINFO[0m | yolo_detector.ui.gradio_app:use_example_image:195 - 使用示例图像: 1015_20250524_003415.jpg
2025-07-28 16:42:19 | [32mINFO[0m | yolo_detector.core.detector:detect:459 - 图像分割完成
2025-07-28 16:42:20 | [32mINFO[0m | yolo_detector.ui.gradio_app:detect_image:134 - 检测完成: 9 个对象
2025-07-28 16:42:24 | [32mINFO[0m | yolo_detector.utils.file_utils:get_image_files:68 - 找到 891 个图像文件在 D:\Python\00雪橇打标\20250524
2025-07-28 16:42:24 | [32mINFO[0m | yolo_detector.utils.file_utils:get_example_images:164 - 获取 12 个示例图像
2025-07-28 16:42:24 | [32mINFO[0m | yolo_detector.ui.gradio_app:use_example_image:195 - 使用示例图像: 1015_20250524_190611.jpg
2025-07-28 16:42:25 | [32mINFO[0m | yolo_detector.core.detector:detect:459 - 图像分割完成
2025-07-28 16:42:25 | [32mINFO[0m | yolo_detector.ui.gradio_app:detect_image:134 - 检测完成: 7 个对象
2025-07-28 16:42:31 | [32mINFO[0m | yolo_detector.utils.file_utils:get_image_files:68 - 找到 891 个图像文件在 D:\Python\00雪橇打标\20250524
2025-07-28 16:42:31 | [32mINFO[0m | yolo_detector.utils.file_utils:get_example_images:164 - 获取 12 个示例图像
2025-07-28 16:42:31 | [32mINFO[0m | yolo_detector.ui.gradio_app:use_example_image:195 - 使用示例图像: 1018_20250524_055148.jpg
2025-07-28 16:42:32 | [32mINFO[0m | yolo_detector.core.detector:detect:459 - 图像分割完成
2025-07-28 16:42:32 | [32mINFO[0m | yolo_detector.ui.gradio_app:detect_image:134 - 检测完成: 2 个对象
2025-07-28 16:42:34 | [32mINFO[0m | yolo_detector.utils.file_utils:get_image_files:68 - 找到 891 个图像文件在 D:\Python\00雪橇打标\20250524
2025-07-28 16:42:34 | [32mINFO[0m | yolo_detector.utils.file_utils:get_example_images:164 - 获取 12 个示例图像
2025-07-28 16:42:34 | [32mINFO[0m | yolo_detector.ui.gradio_app:use_example_image:195 - 使用示例图像: 1018_20250524_135432.jpg
2025-07-28 16:42:35 | [32mINFO[0m | yolo_detector.core.detector:detect:459 - 图像分割完成
2025-07-28 16:42:35 | [32mINFO[0m | yolo_detector.ui.gradio_app:detect_image:134 - 检测完成: 3 个对象
2025-07-28 16:42:37 | [32mINFO[0m | yolo_detector.utils.file_utils:get_image_files:68 - 找到 891 个图像文件在 D:\Python\00雪橇打标\20250524
2025-07-28 16:42:37 | [32mINFO[0m | yolo_detector.utils.file_utils:get_example_images:164 - 获取 12 个示例图像
2025-07-28 16:42:37 | [32mINFO[0m | yolo_detector.ui.gradio_app:use_example_image:195 - 使用示例图像: 1018_20250524_213242.jpg
2025-07-28 16:42:38 | [32mINFO[0m | yolo_detector.core.detector:detect:459 - 图像分割完成
2025-07-28 16:42:38 | [32mINFO[0m | yolo_detector.ui.gradio_app:detect_image:134 - 检测完成: 2 个对象
2025-07-28 16:42:39 | [32mINFO[0m | yolo_detector.utils.file_utils:get_image_files:68 - 找到 891 个图像文件在 D:\Python\00雪橇打标\20250524
2025-07-28 16:42:39 | [32mINFO[0m | yolo_detector.utils.file_utils:get_example_images:164 - 获取 12 个示例图像
2025-07-28 16:42:39 | [32mINFO[0m | yolo_detector.ui.gradio_app:use_example_image:195 - 使用示例图像: 1020_20250524_091517.jpg
2025-07-28 16:42:40 | [32mINFO[0m | yolo_detector.core.detector:detect:459 - 图像分割完成
2025-07-28 16:42:40 | [32mINFO[0m | yolo_detector.ui.gradio_app:detect_image:134 - 检测完成: 3 个对象
2025-07-28 16:42:42 | [32mINFO[0m | yolo_detector.utils.file_utils:get_image_files:68 - 找到 891 个图像文件在 D:\Python\00雪橇打标\20250524
2025-07-28 16:42:42 | [32mINFO[0m | yolo_detector.utils.file_utils:get_example_images:164 - 获取 12 个示例图像
2025-07-28 16:42:42 | [32mINFO[0m | yolo_detector.ui.gradio_app:use_example_image:195 - 使用示例图像: 1004_20250524_091904.jpg
2025-07-28 16:42:43 | [32mINFO[0m | yolo_detector.core.detector:detect:459 - 图像分割完成
2025-07-28 16:42:43 | [32mINFO[0m | yolo_detector.ui.gradio_app:detect_image:134 - 检测完成: 2 个对象
2025-07-28 16:42:44 | [32mINFO[0m | yolo_detector.utils.file_utils:get_image_files:68 - 找到 891 个图像文件在 D:\Python\00雪橇打标\20250524
2025-07-28 16:42:44 | [32mINFO[0m | yolo_detector.utils.file_utils:get_example_images:164 - 获取 12 个示例图像
2025-07-28 16:42:44 | [32mINFO[0m | yolo_detector.ui.gradio_app:use_example_image:195 - 使用示例图像: 1004_20250524_215518.jpg
2025-07-28 16:42:45 | [32mINFO[0m | yolo_detector.core.detector:detect:459 - 图像分割完成
2025-07-28 16:42:45 | [32mINFO[0m | yolo_detector.ui.gradio_app:detect_image:134 - 检测完成: 4 个对象
2025-07-28 16:42:47 | [32mINFO[0m | yolo_detector.utils.file_utils:get_image_files:68 - 找到 891 个图像文件在 D:\Python\00雪橇打标\20250524
2025-07-28 16:42:47 | [32mINFO[0m | yolo_detector.utils.file_utils:get_example_images:164 - 获取 12 个示例图像
2025-07-28 16:42:47 | [32mINFO[0m | yolo_detector.ui.gradio_app:use_example_image:195 - 使用示例图像: 1005_20250524_055233.jpg
2025-07-28 16:42:48 | [32mINFO[0m | yolo_detector.core.detector:detect:459 - 图像分割完成
2025-07-28 16:42:48 | [32mINFO[0m | yolo_detector.ui.gradio_app:detect_image:134 - 检测完成: 3 个对象
2025-07-28 16:43:13 | [32mINFO[0m | yolo_detector.utils.file_utils:get_image_files:68 - 找到 891 个图像文件在 D:\Python\00雪橇打标\20250524
2025-07-28 16:43:13 | [32mINFO[0m | yolo_detector.utils.file_utils:get_example_images:164 - 获取 12 个示例图像
2025-07-28 16:43:13 | [32mINFO[0m | yolo_detector.ui.gradio_app:use_example_image:195 - 使用示例图像: 1005_20250524_210715.jpg
2025-07-28 16:43:14 | [32mINFO[0m | yolo_detector.core.detector:detect:459 - 图像分割完成
2025-07-28 16:43:14 | [32mINFO[0m | yolo_detector.ui.gradio_app:detect_image:134 - 检测完成: 7 个对象
2025-07-28 16:43:16 | [32mINFO[0m | yolo_detector.utils.file_utils:get_image_files:68 - 找到 891 个图像文件在 D:\Python\00雪橇打标\20250524
2025-07-28 16:43:16 | [32mINFO[0m | yolo_detector.utils.file_utils:get_example_images:164 - 获取 12 个示例图像
2025-07-28 16:43:16 | [32mINFO[0m | yolo_detector.ui.gradio_app:use_example_image:195 - 使用示例图像: 1007_20250524_170520.jpg
2025-07-28 16:43:16 | [32mINFO[0m | yolo_detector.core.detector:detect:459 - 图像分割完成
2025-07-28 16:43:16 | [32mINFO[0m | yolo_detector.ui.gradio_app:detect_image:134 - 检测完成: 1 个对象
2025-07-28 16:43:18 | [32mINFO[0m | yolo_detector.utils.file_utils:get_image_files:68 - 找到 891 个图像文件在 D:\Python\00雪橇打标\20250524
2025-07-28 16:43:18 | [32mINFO[0m | yolo_detector.utils.file_utils:get_example_images:164 - 获取 12 个示例图像
2025-07-28 16:43:18 | [32mINFO[0m | yolo_detector.ui.gradio_app:use_example_image:195 - 使用示例图像: 1008_20250524_052917.jpg
2025-07-28 16:43:19 | [32mINFO[0m | yolo_detector.core.detector:detect:459 - 图像分割完成
2025-07-28 16:43:19 | [32mINFO[0m | yolo_detector.ui.gradio_app:detect_image:134 - 检测完成: 5 个对象
2025-07-28 16:43:20 | [32mINFO[0m | yolo_detector.utils.file_utils:get_image_files:68 - 找到 891 个图像文件在 D:\Python\00雪橇打标\20250524
2025-07-28 16:43:20 | [32mINFO[0m | yolo_detector.utils.file_utils:get_example_images:164 - 获取 12 个示例图像
2025-07-28 16:43:20 | [32mINFO[0m | yolo_detector.ui.gradio_app:use_example_image:195 - 使用示例图像: 1015_20250524_003415.jpg
2025-07-28 16:43:21 | [32mINFO[0m | yolo_detector.core.detector:detect:459 - 图像分割完成
2025-07-28 16:43:21 | [32mINFO[0m | yolo_detector.ui.gradio_app:detect_image:134 - 检测完成: 9 个对象
2025-07-28 16:43:24 | [32mINFO[0m | yolo_detector.utils.file_utils:get_image_files:68 - 找到 891 个图像文件在 D:\Python\00雪橇打标\20250524
2025-07-28 16:43:24 | [32mINFO[0m | yolo_detector.utils.file_utils:get_example_images:164 - 获取 12 个示例图像
2025-07-28 16:43:24 | [32mINFO[0m | yolo_detector.ui.gradio_app:use_example_image:195 - 使用示例图像: 1015_20250524_190611.jpg
2025-07-28 16:43:25 | [32mINFO[0m | yolo_detector.core.detector:detect:459 - 图像分割完成
2025-07-28 16:43:25 | [32mINFO[0m | yolo_detector.ui.gradio_app:detect_image:134 - 检测完成: 7 个对象
2025-07-28 16:43:27 | [32mINFO[0m | yolo_detector.utils.file_utils:get_image_files:68 - 找到 891 个图像文件在 D:\Python\00雪橇打标\20250524
2025-07-28 16:43:27 | [32mINFO[0m | yolo_detector.utils.file_utils:get_example_images:164 - 获取 12 个示例图像
2025-07-28 16:43:27 | [32mINFO[0m | yolo_detector.ui.gradio_app:use_example_image:195 - 使用示例图像: 1018_20250524_055148.jpg
2025-07-28 16:43:28 | [32mINFO[0m | yolo_detector.core.detector:detect:459 - 图像分割完成
2025-07-28 16:43:28 | [32mINFO[0m | yolo_detector.ui.gradio_app:detect_image:134 - 检测完成: 2 个对象
2025-07-28 16:43:30 | [32mINFO[0m | yolo_detector.utils.file_utils:get_image_files:68 - 找到 891 个图像文件在 D:\Python\00雪橇打标\20250524
2025-07-28 16:43:30 | [32mINFO[0m | yolo_detector.utils.file_utils:get_example_images:164 - 获取 12 个示例图像
2025-07-28 16:43:30 | [32mINFO[0m | yolo_detector.ui.gradio_app:use_example_image:195 - 使用示例图像: 1018_20250524_135432.jpg
2025-07-28 16:43:31 | [32mINFO[0m | yolo_detector.core.detector:detect:459 - 图像分割完成
2025-07-28 16:43:31 | [32mINFO[0m | yolo_detector.ui.gradio_app:detect_image:134 - 检测完成: 3 个对象
2025-07-28 16:43:32 | [32mINFO[0m | yolo_detector.utils.file_utils:get_image_files:68 - 找到 891 个图像文件在 D:\Python\00雪橇打标\20250524
2025-07-28 16:43:32 | [32mINFO[0m | yolo_detector.utils.file_utils:get_example_images:164 - 获取 12 个示例图像
2025-07-28 16:43:32 | [32mINFO[0m | yolo_detector.ui.gradio_app:use_example_image:195 - 使用示例图像: 1018_20250524_213242.jpg
2025-07-28 16:43:33 | [32mINFO[0m | yolo_detector.core.detector:detect:459 - 图像分割完成
2025-07-28 16:43:33 | [32mINFO[0m | yolo_detector.ui.gradio_app:detect_image:134 - 检测完成: 2 个对象
2025-07-28 16:43:35 | [32mINFO[0m | yolo_detector.utils.file_utils:get_image_files:68 - 找到 891 个图像文件在 D:\Python\00雪橇打标\20250524
2025-07-28 16:43:35 | [32mINFO[0m | yolo_detector.utils.file_utils:get_example_images:164 - 获取 12 个示例图像
2025-07-28 16:43:35 | [32mINFO[0m | yolo_detector.ui.gradio_app:use_example_image:195 - 使用示例图像: 1020_20250524_091517.jpg
2025-07-28 16:43:36 | [32mINFO[0m | yolo_detector.core.detector:detect:459 - 图像分割完成
2025-07-28 16:43:36 | [32mINFO[0m | yolo_detector.ui.gradio_app:detect_image:134 - 检测完成: 3 个对象
2025-07-28 16:43:38 | [32mINFO[0m | yolo_detector.utils.file_utils:get_image_files:68 - 找到 891 个图像文件在 D:\Python\00雪橇打标\20250524
2025-07-28 16:43:38 | [32mINFO[0m | yolo_detector.utils.file_utils:get_example_images:164 - 获取 12 个示例图像
2025-07-28 16:43:38 | [32mINFO[0m | yolo_detector.ui.gradio_app:use_example_image:195 - 使用示例图像: 1004_20250524_091904.jpg
2025-07-28 16:43:38 | [32mINFO[0m | yolo_detector.core.detector:detect:459 - 图像分割完成
2025-07-28 16:43:38 | [32mINFO[0m | yolo_detector.ui.gradio_app:detect_image:134 - 检测完成: 2 个对象
2025-07-28 16:43:40 | [32mINFO[0m | yolo_detector.utils.file_utils:get_image_files:68 - 找到 891 个图像文件在 D:\Python\00雪橇打标\20250524
2025-07-28 16:43:40 | [32mINFO[0m | yolo_detector.utils.file_utils:get_example_images:164 - 获取 12 个示例图像
2025-07-28 16:43:40 | [32mINFO[0m | yolo_detector.ui.gradio_app:use_example_image:195 - 使用示例图像: 1004_20250524_215518.jpg
2025-07-28 16:43:41 | [32mINFO[0m | yolo_detector.core.detector:detect:459 - 图像分割完成
2025-07-28 16:43:41 | [32mINFO[0m | yolo_detector.ui.gradio_app:detect_image:134 - 检测完成: 4 个对象
2025-07-28 16:43:42 | [32mINFO[0m | yolo_detector.utils.file_utils:get_image_files:68 - 找到 891 个图像文件在 D:\Python\00雪橇打标\20250524
2025-07-28 16:43:42 | [32mINFO[0m | yolo_detector.utils.file_utils:get_example_images:164 - 获取 12 个示例图像
2025-07-28 16:43:42 | [32mINFO[0m | yolo_detector.ui.gradio_app:use_example_image:195 - 使用示例图像: 1005_20250524_055233.jpg
2025-07-28 16:43:43 | [32mINFO[0m | yolo_detector.core.detector:detect:459 - 图像分割完成
2025-07-28 16:43:43 | [32mINFO[0m | yolo_detector.ui.gradio_app:detect_image:134 - 检测完成: 3 个对象
2025-07-28 16:43:45 | [32mINFO[0m | yolo_detector.utils.file_utils:get_image_files:68 - 找到 891 个图像文件在 D:\Python\00雪橇打标\20250524
2025-07-28 16:43:45 | [32mINFO[0m | yolo_detector.utils.file_utils:get_example_images:164 - 获取 12 个示例图像
2025-07-28 16:43:45 | [32mINFO[0m | yolo_detector.ui.gradio_app:use_example_image:195 - 使用示例图像: 1005_20250524_210715.jpg
2025-07-28 16:43:46 | [32mINFO[0m | yolo_detector.core.detector:detect:459 - 图像分割完成
2025-07-28 16:43:46 | [32mINFO[0m | yolo_detector.ui.gradio_app:detect_image:134 - 检测完成: 7 个对象
2025-07-28 16:43:47 | [32mINFO[0m | yolo_detector.utils.file_utils:get_image_files:68 - 找到 891 个图像文件在 D:\Python\00雪橇打标\20250524
2025-07-28 16:43:47 | [32mINFO[0m | yolo_detector.utils.file_utils:get_example_images:164 - 获取 12 个示例图像
2025-07-28 16:43:47 | [32mINFO[0m | yolo_detector.ui.gradio_app:use_example_image:195 - 使用示例图像: 1007_20250524_170520.jpg
2025-07-28 16:43:48 | [32mINFO[0m | yolo_detector.core.detector:detect:459 - 图像分割完成
2025-07-28 16:43:48 | [32mINFO[0m | yolo_detector.ui.gradio_app:detect_image:134 - 检测完成: 1 个对象
2025-07-28 16:43:49 | [32mINFO[0m | yolo_detector.utils.file_utils:get_image_files:68 - 找到 891 个图像文件在 D:\Python\00雪橇打标\20250524
2025-07-28 16:43:49 | [32mINFO[0m | yolo_detector.utils.file_utils:get_example_images:164 - 获取 12 个示例图像
2025-07-28 16:43:49 | [32mINFO[0m | yolo_detector.ui.gradio_app:use_example_image:195 - 使用示例图像: 1008_20250524_052917.jpg
2025-07-28 16:43:50 | [32mINFO[0m | yolo_detector.core.detector:detect:459 - 图像分割完成
2025-07-28 16:43:50 | [32mINFO[0m | yolo_detector.ui.gradio_app:detect_image:134 - 检测完成: 5 个对象
2025-07-28 16:43:51 | [32mINFO[0m | yolo_detector.utils.file_utils:get_image_files:68 - 找到 891 个图像文件在 D:\Python\00雪橇打标\20250524
2025-07-28 16:43:51 | [32mINFO[0m | yolo_detector.utils.file_utils:get_example_images:164 - 获取 12 个示例图像
2025-07-28 16:43:51 | [32mINFO[0m | yolo_detector.ui.gradio_app:use_example_image:195 - 使用示例图像: 1015_20250524_003415.jpg
2025-07-28 16:43:52 | [32mINFO[0m | yolo_detector.core.detector:detect:459 - 图像分割完成
2025-07-28 16:43:52 | [32mINFO[0m | yolo_detector.ui.gradio_app:detect_image:134 - 检测完成: 9 个对象
2025-07-28 16:43:53 | [32mINFO[0m | yolo_detector.utils.file_utils:get_image_files:68 - 找到 891 个图像文件在 D:\Python\00雪橇打标\20250524
2025-07-28 16:43:53 | [32mINFO[0m | yolo_detector.utils.file_utils:get_example_images:164 - 获取 12 个示例图像
2025-07-28 16:43:53 | [32mINFO[0m | yolo_detector.ui.gradio_app:use_example_image:195 - 使用示例图像: 1015_20250524_190611.jpg
2025-07-28 16:43:54 | [32mINFO[0m | yolo_detector.core.detector:detect:459 - 图像分割完成
2025-07-28 16:43:54 | [32mINFO[0m | yolo_detector.ui.gradio_app:detect_image:134 - 检测完成: 7 个对象
2025-07-28 16:43:55 | [32mINFO[0m | yolo_detector.utils.file_utils:get_image_files:68 - 找到 891 个图像文件在 D:\Python\00雪橇打标\20250524
2025-07-28 16:43:55 | [32mINFO[0m | yolo_detector.utils.file_utils:get_example_images:164 - 获取 12 个示例图像
2025-07-28 16:43:55 | [32mINFO[0m | yolo_detector.ui.gradio_app:use_example_image:195 - 使用示例图像: 1018_20250524_055148.jpg
2025-07-28 16:43:56 | [32mINFO[0m | yolo_detector.core.detector:detect:459 - 图像分割完成
2025-07-28 16:43:56 | [32mINFO[0m | yolo_detector.ui.gradio_app:detect_image:134 - 检测完成: 2 个对象
2025-07-28 16:43:57 | [32mINFO[0m | yolo_detector.utils.file_utils:get_image_files:68 - 找到 891 个图像文件在 D:\Python\00雪橇打标\20250524
2025-07-28 16:43:57 | [32mINFO[0m | yolo_detector.utils.file_utils:get_example_images:164 - 获取 12 个示例图像
2025-07-28 16:43:57 | [32mINFO[0m | yolo_detector.ui.gradio_app:use_example_image:195 - 使用示例图像: 1018_20250524_135432.jpg
2025-07-28 16:43:57 | [32mINFO[0m | yolo_detector.core.detector:detect:459 - 图像分割完成
2025-07-28 16:43:57 | [32mINFO[0m | yolo_detector.ui.gradio_app:detect_image:134 - 检测完成: 3 个对象
2025-07-28 16:44:00 | [32mINFO[0m | yolo_detector.utils.file_utils:get_image_files:68 - 找到 891 个图像文件在 D:\Python\00雪橇打标\20250524
2025-07-28 16:44:00 | [32mINFO[0m | yolo_detector.utils.file_utils:get_example_images:164 - 获取 12 个示例图像
2025-07-28 16:44:00 | [32mINFO[0m | yolo_detector.ui.gradio_app:use_example_image:195 - 使用示例图像: 1018_20250524_213242.jpg
2025-07-28 16:44:01 | [32mINFO[0m | yolo_detector.core.detector:detect:459 - 图像分割完成
2025-07-28 16:44:01 | [32mINFO[0m | yolo_detector.ui.gradio_app:detect_image:134 - 检测完成: 2 个对象
2025-07-28 16:44:12 | [32mINFO[0m | yolo_detector.utils.file_utils:get_image_files:68 - 找到 891 个图像文件在 D:\Python\00雪橇打标\20250524
2025-07-28 16:44:12 | [32mINFO[0m | yolo_detector.utils.file_utils:get_example_images:164 - 获取 12 个示例图像
2025-07-28 16:44:12 | [32mINFO[0m | yolo_detector.ui.gradio_app:use_example_image:195 - 使用示例图像: 1020_20250524_091517.jpg
2025-07-28 16:44:13 | [32mINFO[0m | yolo_detector.core.detector:detect:459 - 图像分割完成
2025-07-28 16:44:13 | [32mINFO[0m | yolo_detector.ui.gradio_app:detect_image:134 - 检测完成: 3 个对象
2025-07-28 16:44:22 | [32mINFO[0m | yolo_detector.utils.file_utils:get_image_files:68 - 找到 891 个图像文件在 D:\Python\00雪橇打标\20250524
2025-07-28 16:44:22 | [32mINFO[0m | yolo_detector.utils.file_utils:get_example_images:164 - 获取 12 个示例图像
2025-07-28 16:44:22 | [32mINFO[0m | yolo_detector.ui.gradio_app:use_example_image:195 - 使用示例图像: 1004_20250524_091904.jpg
2025-07-28 16:44:23 | [32mINFO[0m | yolo_detector.core.detector:detect:459 - 图像分割完成
2025-07-28 16:44:23 | [32mINFO[0m | yolo_detector.ui.gradio_app:detect_image:134 - 检测完成: 2 个对象
2025-07-28 16:44:25 | [32mINFO[0m | yolo_detector.utils.file_utils:get_image_files:68 - 找到 891 个图像文件在 D:\Python\00雪橇打标\20250524
2025-07-28 16:44:25 | [32mINFO[0m | yolo_detector.utils.file_utils:get_example_images:164 - 获取 12 个示例图像
2025-07-28 16:44:25 | [32mINFO[0m | yolo_detector.ui.gradio_app:use_example_image:195 - 使用示例图像: 1004_20250524_215518.jpg
2025-07-28 16:44:26 | [32mINFO[0m | yolo_detector.core.detector:detect:459 - 图像分割完成
2025-07-28 16:44:26 | [32mINFO[0m | yolo_detector.ui.gradio_app:detect_image:134 - 检测完成: 4 个对象
2025-07-28 16:44:32 | [32mINFO[0m | yolo_detector.utils.file_utils:get_image_files:68 - 找到 891 个图像文件在 D:\Python\00雪橇打标\20250524
2025-07-28 16:44:32 | [32mINFO[0m | yolo_detector.utils.file_utils:get_example_images:164 - 获取 12 个示例图像
2025-07-28 16:44:32 | [32mINFO[0m | yolo_detector.ui.gradio_app:use_example_image:195 - 使用示例图像: 1005_20250524_055233.jpg
2025-07-28 16:44:33 | [32mINFO[0m | yolo_detector.core.detector:detect:459 - 图像分割完成
2025-07-28 16:44:33 | [32mINFO[0m | yolo_detector.ui.gradio_app:detect_image:134 - 检测完成: 3 个对象
2025-07-28 16:44:37 | [32mINFO[0m | yolo_detector.utils.file_utils:get_image_files:68 - 找到 891 个图像文件在 D:\Python\00雪橇打标\20250524
2025-07-28 16:44:37 | [32mINFO[0m | yolo_detector.utils.file_utils:get_example_images:164 - 获取 12 个示例图像
2025-07-28 16:44:37 | [32mINFO[0m | yolo_detector.ui.gradio_app:use_example_image:195 - 使用示例图像: 1005_20250524_210715.jpg
2025-07-28 16:44:38 | [32mINFO[0m | yolo_detector.core.detector:detect:459 - 图像分割完成
2025-07-28 16:44:38 | [32mINFO[0m | yolo_detector.ui.gradio_app:detect_image:134 - 检测完成: 7 个对象
2025-07-28 16:44:40 | [32mINFO[0m | yolo_detector.utils.file_utils:get_image_files:68 - 找到 891 个图像文件在 D:\Python\00雪橇打标\20250524
2025-07-28 16:44:40 | [32mINFO[0m | yolo_detector.utils.file_utils:get_example_images:164 - 获取 12 个示例图像
2025-07-28 16:44:40 | [32mINFO[0m | yolo_detector.ui.gradio_app:use_example_image:195 - 使用示例图像: 1007_20250524_170520.jpg
2025-07-28 16:44:41 | [32mINFO[0m | yolo_detector.core.detector:detect:459 - 图像分割完成
2025-07-28 16:44:41 | [32mINFO[0m | yolo_detector.ui.gradio_app:detect_image:134 - 检测完成: 1 个对象
2025-07-28 16:44:45 | [32mINFO[0m | yolo_detector.utils.file_utils:get_image_files:68 - 找到 891 个图像文件在 D:\Python\00雪橇打标\20250524
2025-07-28 16:44:45 | [32mINFO[0m | yolo_detector.utils.file_utils:get_example_images:164 - 获取 12 个示例图像
2025-07-28 16:44:45 | [32mINFO[0m | yolo_detector.ui.gradio_app:use_example_image:195 - 使用示例图像: 1008_20250524_052917.jpg
2025-07-28 16:44:46 | [32mINFO[0m | yolo_detector.core.detector:detect:459 - 图像分割完成
2025-07-28 16:44:46 | [32mINFO[0m | yolo_detector.ui.gradio_app:detect_image:134 - 检测完成: 5 个对象
2025-07-28 16:44:49 | [32mINFO[0m | yolo_detector.utils.file_utils:get_image_files:68 - 找到 891 个图像文件在 D:\Python\00雪橇打标\20250524
2025-07-28 16:44:49 | [32mINFO[0m | yolo_detector.utils.file_utils:get_example_images:164 - 获取 12 个示例图像
2025-07-28 16:44:49 | [32mINFO[0m | yolo_detector.ui.gradio_app:use_example_image:195 - 使用示例图像: 1015_20250524_003415.jpg
2025-07-28 16:44:50 | [32mINFO[0m | yolo_detector.core.detector:detect:459 - 图像分割完成
2025-07-28 16:44:50 | [32mINFO[0m | yolo_detector.ui.gradio_app:detect_image:134 - 检测完成: 9 个对象
2025-07-28 16:44:53 | [32mINFO[0m | yolo_detector.utils.file_utils:get_image_files:68 - 找到 891 个图像文件在 D:\Python\00雪橇打标\20250524
2025-07-28 16:44:53 | [32mINFO[0m | yolo_detector.utils.file_utils:get_example_images:164 - 获取 12 个示例图像
2025-07-28 16:44:53 | [32mINFO[0m | yolo_detector.ui.gradio_app:use_example_image:195 - 使用示例图像: 1015_20250524_190611.jpg
2025-07-28 16:44:54 | [32mINFO[0m | yolo_detector.core.detector:detect:459 - 图像分割完成
2025-07-28 16:44:54 | [32mINFO[0m | yolo_detector.ui.gradio_app:detect_image:134 - 检测完成: 7 个对象
2025-07-28 16:44:56 | [32mINFO[0m | yolo_detector.utils.file_utils:get_image_files:68 - 找到 891 个图像文件在 D:\Python\00雪橇打标\20250524
2025-07-28 16:44:56 | [32mINFO[0m | yolo_detector.utils.file_utils:get_example_images:164 - 获取 12 个示例图像
2025-07-28 16:44:56 | [32mINFO[0m | yolo_detector.ui.gradio_app:use_example_image:195 - 使用示例图像: 1018_20250524_055148.jpg
2025-07-28 16:44:57 | [32mINFO[0m | yolo_detector.core.detector:detect:459 - 图像分割完成
2025-07-28 16:44:57 | [32mINFO[0m | yolo_detector.ui.gradio_app:detect_image:134 - 检测完成: 2 个对象
2025-07-28 16:44:58 | [32mINFO[0m | yolo_detector.utils.file_utils:get_image_files:68 - 找到 891 个图像文件在 D:\Python\00雪橇打标\20250524
2025-07-28 16:44:58 | [32mINFO[0m | yolo_detector.utils.file_utils:get_example_images:164 - 获取 12 个示例图像
2025-07-28 16:44:58 | [32mINFO[0m | yolo_detector.ui.gradio_app:use_example_image:195 - 使用示例图像: 1018_20250524_135432.jpg
2025-07-28 16:44:59 | [32mINFO[0m | yolo_detector.core.detector:detect:459 - 图像分割完成
2025-07-28 16:44:59 | [32mINFO[0m | yolo_detector.ui.gradio_app:detect_image:134 - 检测完成: 3 个对象
2025-07-28 16:45:00 | [32mINFO[0m | yolo_detector.utils.file_utils:get_image_files:68 - 找到 891 个图像文件在 D:\Python\00雪橇打标\20250524
2025-07-28 16:45:00 | [32mINFO[0m | yolo_detector.utils.file_utils:get_example_images:164 - 获取 12 个示例图像
2025-07-28 16:45:00 | [32mINFO[0m | yolo_detector.ui.gradio_app:use_example_image:195 - 使用示例图像: 1018_20250524_213242.jpg
2025-07-28 16:45:01 | [32mINFO[0m | yolo_detector.core.detector:detect:459 - 图像分割完成
2025-07-28 16:45:01 | [32mINFO[0m | yolo_detector.ui.gradio_app:detect_image:134 - 检测完成: 2 个对象
2025-07-28 16:45:01 | [32mINFO[0m | yolo_detector.utils.file_utils:get_image_files:68 - 找到 891 个图像文件在 D:\Python\00雪橇打标\20250524
2025-07-28 16:45:01 | [32mINFO[0m | yolo_detector.utils.file_utils:get_example_images:164 - 获取 12 个示例图像
2025-07-28 16:45:01 | [32mINFO[0m | yolo_detector.ui.gradio_app:use_example_image:195 - 使用示例图像: 1020_20250524_091517.jpg
2025-07-28 16:45:02 | [32mINFO[0m | yolo_detector.core.detector:detect:459 - 图像分割完成
2025-07-28 16:45:02 | [32mINFO[0m | yolo_detector.ui.gradio_app:detect_image:134 - 检测完成: 3 个对象
2025-07-28 16:45:02 | [32mINFO[0m | yolo_detector.utils.file_utils:get_image_files:68 - 找到 891 个图像文件在 D:\Python\00雪橇打标\20250524
2025-07-28 16:45:02 | [32mINFO[0m | yolo_detector.utils.file_utils:get_example_images:164 - 获取 12 个示例图像
2025-07-28 16:45:02 | [32mINFO[0m | yolo_detector.ui.gradio_app:use_example_image:195 - 使用示例图像: 1004_20250524_091904.jpg
2025-07-28 16:45:03 | [32mINFO[0m | yolo_detector.core.detector:detect:459 - 图像分割完成
2025-07-28 16:45:03 | [32mINFO[0m | yolo_detector.ui.gradio_app:detect_image:134 - 检测完成: 2 个对象
2025-07-28 16:45:03 | [32mINFO[0m | yolo_detector.utils.file_utils:get_image_files:68 - 找到 891 个图像文件在 D:\Python\00雪橇打标\20250524
2025-07-28 16:45:03 | [32mINFO[0m | yolo_detector.utils.file_utils:get_example_images:164 - 获取 12 个示例图像
2025-07-28 16:45:03 | [32mINFO[0m | yolo_detector.ui.gradio_app:use_example_image:195 - 使用示例图像: 1004_20250524_215518.jpg
2025-07-28 16:45:04 | [32mINFO[0m | yolo_detector.core.detector:detect:459 - 图像分割完成
2025-07-28 16:45:04 | [32mINFO[0m | yolo_detector.ui.gradio_app:detect_image:134 - 检测完成: 4 个对象
2025-07-28 16:45:05 | [32mINFO[0m | yolo_detector.utils.file_utils:get_image_files:68 - 找到 891 个图像文件在 D:\Python\00雪橇打标\20250524
2025-07-28 16:45:05 | [32mINFO[0m | yolo_detector.utils.file_utils:get_example_images:164 - 获取 12 个示例图像
2025-07-28 16:45:05 | [32mINFO[0m | yolo_detector.ui.gradio_app:use_example_image:195 - 使用示例图像: 1005_20250524_055233.jpg
2025-07-28 16:45:06 | [32mINFO[0m | yolo_detector.core.detector:detect:459 - 图像分割完成
2025-07-28 16:45:06 | [32mINFO[0m | yolo_detector.ui.gradio_app:detect_image:134 - 检测完成: 3 个对象
2025-07-28 16:46:33 | [32mINFO[0m | yolo_detector.models.model_loader:unload_model:185 - 成功卸载segmentation模型
2025-07-28 16:46:33 | [32mINFO[0m | yolo_detector.models.model_loader:unload_all_models:201 - 所有模型已卸载
2025-07-28 16:46:54 | [32mINFO[0m | yolo_detector.config.settings:_load_config:49 - 成功加载配置文件: D:\00deeplearn\yolo11\gradi_yolo\configs\default.yaml
2025-07-28 16:46:54 | [32mINFO[0m | yolo_detector.config.settings:_validate_config:126 - 配置验证完成
2025-07-28 16:46:54 | [32mINFO[0m | __main__:setup_environment:36 - 环境设置完成
2025-07-28 16:46:54 | [32mINFO[0m | __main__:run_web_interface:49 - 启动Web界面...
2025-07-28 16:46:54 | [32mINFO[0m | yolo_detector.ui.gradio_app:__init__:55 - Gradio应用初始化完成
2025-07-28 16:46:55 | [32mINFO[0m | yolo_detector.utils.file_utils:get_image_files:68 - 找到 891 个图像文件在 D:\Python\00雪橇打标\20250524
2025-07-28 16:46:55 | [32mINFO[0m | yolo_detector.utils.file_utils:get_example_images:164 - 获取 12 个示例图像
2025-07-28 16:46:55 | [32mINFO[0m | yolo_detector.ui.gradio_app:create_interface:382 - Gradio界面创建完成
2025-07-28 16:46:55 | [32mINFO[0m | httpx:_send_single_request:1025 - HTTP Request: GET http://127.0.0.1:7861/gradio_api/startup-events "HTTP/1.1 200 OK"
2025-07-28 16:46:55 | [32mINFO[0m | httpx:_send_single_request:1025 - HTTP Request: HEAD http://127.0.0.1:7861/ "HTTP/1.1 200 OK"
2025-07-28 16:46:56 | [32mINFO[0m | httpx:_send_single_request:1025 - HTTP Request: GET https://api.gradio.app/pkg-version "HTTP/1.1 200 OK"
2025-07-28 16:47:20 | [32mINFO[0m | yolo_detector.utils.file_utils:get_image_files:68 - 找到 891 个图像文件在 D:\Python\00雪橇打标\20250524
2025-07-28 16:47:20 | [32mINFO[0m | yolo_detector.utils.file_utils:get_example_images:164 - 获取 12 个示例图像
2025-07-28 16:47:20 | [32mINFO[0m | yolo_detector.ui.gradio_app:use_example_image:195 - 使用示例图像: 1004_20250524_091904.jpg
2025-07-28 16:47:20 | [32mINFO[0m | yolo_detector.models.model_loader:load_model:81 - 开始加载detection模型: D:/00deeplearn/yolo11/【2】训练模型/cls/train_new/weights/best.pt
2025-07-28 16:47:20 | [32mINFO[0m | yolo_detector.models.model_loader:load_model:92 - 成功加载detection模型: D:/00deeplearn/yolo11/【2】训练模型/cls/train_new/weights/best.pt
2025-07-28 16:47:20 | [32mINFO[0m | yolo_detector.core.detector:load_model:339 - 目标检测模型加载成功
2025-07-28 16:47:21 | [32mINFO[0m | yolo_detector.utils.file_utils:get_image_files:68 - 找到 891 个图像文件在 D:\Python\00雪橇打标\20250524
2025-07-28 16:47:21 | [32mINFO[0m | yolo_detector.utils.file_utils:get_example_images:164 - 获取 12 个示例图像
2025-07-28 16:47:21 | [32mINFO[0m | yolo_detector.ui.gradio_app:use_example_image:195 - 使用示例图像: 1004_20250524_215518.jpg
2025-07-28 16:47:25 | [32mINFO[0m | yolo_detector.core.detector:detect:385 - 目标检测完成
2025-07-28 16:47:25 | [32mINFO[0m | yolo_detector.ui.gradio_app:detect_image:134 - 检测完成: 1 个对象
2025-07-28 16:47:25 | [32mINFO[0m | yolo_detector.core.detector:detect:385 - 目标检测完成
2025-07-28 16:47:25 | [32mINFO[0m | yolo_detector.ui.gradio_app:detect_image:134 - 检测完成: 1 个对象
2025-07-28 16:47:29 | [32mINFO[0m | yolo_detector.utils.file_utils:get_image_files:68 - 找到 891 个图像文件在 D:\Python\00雪橇打标\20250524
2025-07-28 16:47:29 | [32mINFO[0m | yolo_detector.utils.file_utils:get_example_images:164 - 获取 12 个示例图像
2025-07-28 16:47:29 | [32mINFO[0m | yolo_detector.ui.gradio_app:use_example_image:195 - 使用示例图像: 1005_20250524_055233.jpg
2025-07-28 16:47:30 | [32mINFO[0m | yolo_detector.models.model_loader:load_model:81 - 开始加载segmentation模型: D:/00deeplearn/yolo11/【2】训练模型/seg/train2_new/weights/best.pt
2025-07-28 16:47:30 | [32mINFO[0m | yolo_detector.models.model_loader:load_model:92 - 成功加载segmentation模型: D:/00deeplearn/yolo11/【2】训练模型/seg/train2_new/weights/best.pt
2025-07-28 16:47:30 | [32mINFO[0m | yolo_detector.core.detector:load_model:408 - 图像分割模型加载成功
2025-07-28 16:47:30 | [32mINFO[0m | yolo_detector.ui.gradio_app:switch_detector:88 - 切换到图像分割模式
2025-07-28 16:47:31 | [32mINFO[0m | yolo_detector.core.detector:detect:459 - 图像分割完成
2025-07-28 16:47:31 | [32mINFO[0m | yolo_detector.ui.gradio_app:detect_image:134 - 检测完成: 3 个对象
2025-07-28 16:47:34 | [32mINFO[0m | yolo_detector.utils.file_utils:get_image_files:68 - 找到 891 个图像文件在 D:\Python\00雪橇打标\20250524
2025-07-28 16:47:34 | [32mINFO[0m | yolo_detector.utils.file_utils:get_example_images:164 - 获取 12 个示例图像
2025-07-28 16:47:34 | [32mINFO[0m | yolo_detector.ui.gradio_app:use_example_image:195 - 使用示例图像: 1005_20250524_210715.jpg
2025-07-28 16:47:35 | [32mINFO[0m | yolo_detector.core.detector:detect:459 - 图像分割完成
2025-07-28 16:47:35 | [32mINFO[0m | yolo_detector.ui.gradio_app:detect_image:134 - 检测完成: 7 个对象
2025-07-28 16:47:36 | [32mINFO[0m | yolo_detector.utils.file_utils:get_image_files:68 - 找到 891 个图像文件在 D:\Python\00雪橇打标\20250524
2025-07-28 16:47:36 | [32mINFO[0m | yolo_detector.utils.file_utils:get_example_images:164 - 获取 12 个示例图像
2025-07-28 16:47:36 | [32mINFO[0m | yolo_detector.ui.gradio_app:use_example_image:195 - 使用示例图像: 1007_20250524_170520.jpg
2025-07-28 16:47:37 | [32mINFO[0m | yolo_detector.core.detector:detect:459 - 图像分割完成
2025-07-28 16:47:37 | [32mINFO[0m | yolo_detector.ui.gradio_app:detect_image:134 - 检测完成: 1 个对象
2025-07-28 16:47:38 | [32mINFO[0m | yolo_detector.utils.file_utils:get_image_files:68 - 找到 891 个图像文件在 D:\Python\00雪橇打标\20250524
2025-07-28 16:47:38 | [32mINFO[0m | yolo_detector.utils.file_utils:get_example_images:164 - 获取 12 个示例图像
2025-07-28 16:47:38 | [32mINFO[0m | yolo_detector.ui.gradio_app:use_example_image:195 - 使用示例图像: 1008_20250524_052917.jpg
2025-07-28 16:47:39 | [32mINFO[0m | yolo_detector.core.detector:detect:459 - 图像分割完成
2025-07-28 16:47:39 | [32mINFO[0m | yolo_detector.ui.gradio_app:detect_image:134 - 检测完成: 5 个对象
2025-07-28 16:47:43 | [32mINFO[0m | yolo_detector.utils.file_utils:get_image_files:68 - 找到 891 个图像文件在 D:\Python\00雪橇打标\20250524
2025-07-28 16:47:43 | [32mINFO[0m | yolo_detector.utils.file_utils:get_example_images:164 - 获取 12 个示例图像
2025-07-28 16:47:43 | [32mINFO[0m | yolo_detector.ui.gradio_app:use_example_image:195 - 使用示例图像: 1015_20250524_003415.jpg
2025-07-28 16:47:44 | [32mINFO[0m | yolo_detector.core.detector:detect:459 - 图像分割完成
2025-07-28 16:47:44 | [32mINFO[0m | yolo_detector.ui.gradio_app:detect_image:134 - 检测完成: 9 个对象
2025-07-28 16:47:54 | [32mINFO[0m | yolo_detector.utils.file_utils:get_image_files:68 - 找到 891 个图像文件在 D:\Python\00雪橇打标\20250524
2025-07-28 16:47:54 | [32mINFO[0m | yolo_detector.utils.file_utils:get_example_images:164 - 获取 12 个示例图像
2025-07-28 16:47:54 | [32mINFO[0m | yolo_detector.ui.gradio_app:use_example_image:195 - 使用示例图像: 1015_20250524_190611.jpg
2025-07-28 16:47:55 | [32mINFO[0m | yolo_detector.core.detector:detect:459 - 图像分割完成
2025-07-28 16:47:55 | [32mINFO[0m | yolo_detector.ui.gradio_app:detect_image:134 - 检测完成: 7 个对象
2025-07-28 16:47:58 | [32mINFO[0m | yolo_detector.utils.file_utils:get_image_files:68 - 找到 891 个图像文件在 D:\Python\00雪橇打标\20250524
2025-07-28 16:47:58 | [32mINFO[0m | yolo_detector.utils.file_utils:get_example_images:164 - 获取 12 个示例图像
2025-07-28 16:47:58 | [32mINFO[0m | yolo_detector.ui.gradio_app:use_example_image:195 - 使用示例图像: 1018_20250524_055148.jpg
2025-07-28 16:47:59 | [32mINFO[0m | yolo_detector.core.detector:detect:459 - 图像分割完成
2025-07-28 16:47:59 | [32mINFO[0m | yolo_detector.ui.gradio_app:detect_image:134 - 检测完成: 2 个对象
2025-07-28 16:48:00 | [32mINFO[0m | yolo_detector.utils.file_utils:get_image_files:68 - 找到 891 个图像文件在 D:\Python\00雪橇打标\20250524
2025-07-28 16:48:00 | [32mINFO[0m | yolo_detector.utils.file_utils:get_example_images:164 - 获取 12 个示例图像
2025-07-28 16:48:00 | [32mINFO[0m | yolo_detector.ui.gradio_app:use_example_image:195 - 使用示例图像: 1018_20250524_135432.jpg
2025-07-28 16:48:01 | [32mINFO[0m | yolo_detector.core.detector:detect:459 - 图像分割完成
2025-07-28 16:48:01 | [32mINFO[0m | yolo_detector.ui.gradio_app:detect_image:134 - 检测完成: 3 个对象
2025-07-28 16:48:02 | [32mINFO[0m | yolo_detector.utils.file_utils:get_image_files:68 - 找到 891 个图像文件在 D:\Python\00雪橇打标\20250524
2025-07-28 16:48:02 | [32mINFO[0m | yolo_detector.utils.file_utils:get_example_images:164 - 获取 12 个示例图像
2025-07-28 16:48:02 | [32mINFO[0m | yolo_detector.ui.gradio_app:use_example_image:195 - 使用示例图像: 1018_20250524_213242.jpg
2025-07-28 16:48:03 | [32mINFO[0m | yolo_detector.core.detector:detect:459 - 图像分割完成
2025-07-28 16:48:03 | [32mINFO[0m | yolo_detector.ui.gradio_app:detect_image:134 - 检测完成: 2 个对象
2025-07-28 16:48:05 | [32mINFO[0m | yolo_detector.utils.file_utils:get_image_files:68 - 找到 891 个图像文件在 D:\Python\00雪橇打标\20250524
2025-07-28 16:48:05 | [32mINFO[0m | yolo_detector.utils.file_utils:get_example_images:164 - 获取 12 个示例图像
2025-07-28 16:48:05 | [32mINFO[0m | yolo_detector.ui.gradio_app:use_example_image:195 - 使用示例图像: 1020_20250524_091517.jpg
2025-07-28 16:48:05 | [32mINFO[0m | yolo_detector.core.detector:detect:459 - 图像分割完成
2025-07-28 16:48:05 | [32mINFO[0m | yolo_detector.ui.gradio_app:detect_image:134 - 检测完成: 3 个对象
2025-07-28 16:48:07 | [32mINFO[0m | yolo_detector.utils.file_utils:get_image_files:68 - 找到 891 个图像文件在 D:\Python\00雪橇打标\20250524
2025-07-28 16:48:07 | [32mINFO[0m | yolo_detector.utils.file_utils:get_example_images:164 - 获取 12 个示例图像
2025-07-28 16:48:07 | [32mINFO[0m | yolo_detector.ui.gradio_app:use_example_image:195 - 使用示例图像: 1004_20250524_091904.jpg
2025-07-28 16:48:08 | [32mINFO[0m | yolo_detector.core.detector:detect:459 - 图像分割完成
2025-07-28 16:48:08 | [32mINFO[0m | yolo_detector.ui.gradio_app:detect_image:134 - 检测完成: 2 个对象
2025-07-28 16:48:09 | [32mINFO[0m | yolo_detector.utils.file_utils:get_image_files:68 - 找到 891 个图像文件在 D:\Python\00雪橇打标\20250524
2025-07-28 16:48:09 | [32mINFO[0m | yolo_detector.utils.file_utils:get_example_images:164 - 获取 12 个示例图像
2025-07-28 16:48:09 | [32mINFO[0m | yolo_detector.ui.gradio_app:use_example_image:195 - 使用示例图像: 1004_20250524_215518.jpg
2025-07-28 16:48:10 | [32mINFO[0m | yolo_detector.core.detector:detect:459 - 图像分割完成
2025-07-28 16:48:10 | [32mINFO[0m | yolo_detector.ui.gradio_app:detect_image:134 - 检测完成: 4 个对象
2025-07-28 16:48:11 | [32mINFO[0m | yolo_detector.utils.file_utils:get_image_files:68 - 找到 891 个图像文件在 D:\Python\00雪橇打标\20250524
2025-07-28 16:48:11 | [32mINFO[0m | yolo_detector.utils.file_utils:get_example_images:164 - 获取 12 个示例图像
2025-07-28 16:48:11 | [32mINFO[0m | yolo_detector.ui.gradio_app:use_example_image:195 - 使用示例图像: 1005_20250524_055233.jpg
2025-07-28 16:48:12 | [32mINFO[0m | yolo_detector.core.detector:detect:459 - 图像分割完成
2025-07-28 16:48:12 | [32mINFO[0m | yolo_detector.ui.gradio_app:detect_image:134 - 检测完成: 3 个对象
2025-07-28 16:48:13 | [32mINFO[0m | yolo_detector.utils.file_utils:get_image_files:68 - 找到 891 个图像文件在 D:\Python\00雪橇打标\20250524
2025-07-28 16:48:13 | [32mINFO[0m | yolo_detector.utils.file_utils:get_example_images:164 - 获取 12 个示例图像
2025-07-28 16:48:13 | [32mINFO[0m | yolo_detector.ui.gradio_app:use_example_image:195 - 使用示例图像: 1005_20250524_210715.jpg
2025-07-28 16:48:14 | [32mINFO[0m | yolo_detector.core.detector:detect:459 - 图像分割完成
2025-07-28 16:48:14 | [32mINFO[0m | yolo_detector.ui.gradio_app:detect_image:134 - 检测完成: 7 个对象
2025-07-28 16:48:15 | [32mINFO[0m | yolo_detector.utils.file_utils:get_image_files:68 - 找到 891 个图像文件在 D:\Python\00雪橇打标\20250524
2025-07-28 16:48:15 | [32mINFO[0m | yolo_detector.utils.file_utils:get_example_images:164 - 获取 12 个示例图像
2025-07-28 16:48:15 | [32mINFO[0m | yolo_detector.ui.gradio_app:use_example_image:195 - 使用示例图像: 1007_20250524_170520.jpg
2025-07-28 16:48:16 | [32mINFO[0m | yolo_detector.core.detector:detect:459 - 图像分割完成
2025-07-28 16:48:16 | [32mINFO[0m | yolo_detector.ui.gradio_app:detect_image:134 - 检测完成: 1 个对象
2025-07-28 16:48:18 | [32mINFO[0m | yolo_detector.utils.file_utils:get_image_files:68 - 找到 891 个图像文件在 D:\Python\00雪橇打标\20250524
2025-07-28 16:48:18 | [32mINFO[0m | yolo_detector.utils.file_utils:get_example_images:164 - 获取 12 个示例图像
2025-07-28 16:48:18 | [32mINFO[0m | yolo_detector.ui.gradio_app:use_example_image:195 - 使用示例图像: 1008_20250524_052917.jpg
2025-07-28 16:48:19 | [32mINFO[0m | yolo_detector.core.detector:detect:459 - 图像分割完成
2025-07-28 16:48:19 | [32mINFO[0m | yolo_detector.ui.gradio_app:detect_image:134 - 检测完成: 5 个对象
2025-07-28 16:48:20 | [32mINFO[0m | yolo_detector.utils.file_utils:get_image_files:68 - 找到 891 个图像文件在 D:\Python\00雪橇打标\20250524
2025-07-28 16:48:20 | [32mINFO[0m | yolo_detector.utils.file_utils:get_example_images:164 - 获取 12 个示例图像
2025-07-28 16:48:20 | [32mINFO[0m | yolo_detector.ui.gradio_app:use_example_image:195 - 使用示例图像: 1015_20250524_003415.jpg
2025-07-28 16:48:21 | [32mINFO[0m | yolo_detector.core.detector:detect:459 - 图像分割完成
2025-07-28 16:48:21 | [32mINFO[0m | yolo_detector.ui.gradio_app:detect_image:134 - 检测完成: 9 个对象
2025-07-28 16:48:23 | [32mINFO[0m | yolo_detector.utils.file_utils:get_image_files:68 - 找到 891 个图像文件在 D:\Python\00雪橇打标\20250524
2025-07-28 16:48:23 | [32mINFO[0m | yolo_detector.utils.file_utils:get_example_images:164 - 获取 12 个示例图像
2025-07-28 16:48:23 | [32mINFO[0m | yolo_detector.ui.gradio_app:use_example_image:195 - 使用示例图像: 1015_20250524_190611.jpg
2025-07-28 16:48:24 | [32mINFO[0m | yolo_detector.core.detector:detect:459 - 图像分割完成
2025-07-28 16:48:24 | [32mINFO[0m | yolo_detector.ui.gradio_app:detect_image:134 - 检测完成: 7 个对象
2025-07-28 16:48:26 | [32mINFO[0m | yolo_detector.utils.file_utils:get_image_files:68 - 找到 891 个图像文件在 D:\Python\00雪橇打标\20250524
2025-07-28 16:48:26 | [32mINFO[0m | yolo_detector.utils.file_utils:get_example_images:164 - 获取 12 个示例图像
2025-07-28 16:48:26 | [32mINFO[0m | yolo_detector.ui.gradio_app:use_example_image:195 - 使用示例图像: 1018_20250524_055148.jpg
2025-07-28 16:48:27 | [32mINFO[0m | yolo_detector.core.detector:detect:459 - 图像分割完成
2025-07-28 16:48:27 | [32mINFO[0m | yolo_detector.ui.gradio_app:detect_image:134 - 检测完成: 2 个对象
2025-07-28 16:48:29 | [32mINFO[0m | yolo_detector.utils.file_utils:get_image_files:68 - 找到 891 个图像文件在 D:\Python\00雪橇打标\20250524
2025-07-28 16:48:29 | [32mINFO[0m | yolo_detector.utils.file_utils:get_example_images:164 - 获取 12 个示例图像
2025-07-28 16:48:29 | [32mINFO[0m | yolo_detector.ui.gradio_app:use_example_image:195 - 使用示例图像: 1018_20250524_135432.jpg
2025-07-28 16:48:29 | [32mINFO[0m | yolo_detector.core.detector:detect:459 - 图像分割完成
2025-07-28 16:48:29 | [32mINFO[0m | yolo_detector.ui.gradio_app:detect_image:134 - 检测完成: 3 个对象
2025-07-28 16:48:45 | [32mINFO[0m | yolo_detector.utils.file_utils:get_image_files:68 - 找到 891 个图像文件在 D:\Python\00雪橇打标\20250524
2025-07-28 16:48:45 | [32mINFO[0m | yolo_detector.utils.file_utils:get_example_images:164 - 获取 12 个示例图像
2025-07-28 16:48:45 | [32mINFO[0m | yolo_detector.ui.gradio_app:use_example_image:195 - 使用示例图像: 1018_20250524_213242.jpg
2025-07-28 16:48:46 | [32mINFO[0m | yolo_detector.core.detector:detect:459 - 图像分割完成
2025-07-28 16:48:46 | [32mINFO[0m | yolo_detector.ui.gradio_app:detect_image:134 - 检测完成: 2 个对象
2025-07-28 16:48:47 | [32mINFO[0m | yolo_detector.utils.file_utils:get_image_files:68 - 找到 891 个图像文件在 D:\Python\00雪橇打标\20250524
2025-07-28 16:48:47 | [32mINFO[0m | yolo_detector.utils.file_utils:get_example_images:164 - 获取 12 个示例图像
2025-07-28 16:48:47 | [32mINFO[0m | yolo_detector.ui.gradio_app:use_example_image:195 - 使用示例图像: 1020_20250524_091517.jpg
2025-07-28 16:48:48 | [32mINFO[0m | yolo_detector.core.detector:detect:459 - 图像分割完成
2025-07-28 16:48:48 | [32mINFO[0m | yolo_detector.ui.gradio_app:detect_image:134 - 检测完成: 3 个对象
2025-07-28 16:48:50 | [32mINFO[0m | yolo_detector.utils.file_utils:get_image_files:68 - 找到 891 个图像文件在 D:\Python\00雪橇打标\20250524
2025-07-28 16:48:50 | [32mINFO[0m | yolo_detector.utils.file_utils:get_example_images:164 - 获取 12 个示例图像
2025-07-28 16:48:50 | [32mINFO[0m | yolo_detector.ui.gradio_app:use_example_image:195 - 使用示例图像: 1004_20250524_091904.jpg
2025-07-28 16:48:50 | [32mINFO[0m | yolo_detector.core.detector:detect:459 - 图像分割完成
2025-07-28 16:48:50 | [32mINFO[0m | yolo_detector.ui.gradio_app:detect_image:134 - 检测完成: 2 个对象
2025-07-28 16:48:52 | [32mINFO[0m | yolo_detector.utils.file_utils:get_image_files:68 - 找到 891 个图像文件在 D:\Python\00雪橇打标\20250524
2025-07-28 16:48:52 | [32mINFO[0m | yolo_detector.utils.file_utils:get_example_images:164 - 获取 12 个示例图像
2025-07-28 16:48:52 | [32mINFO[0m | yolo_detector.ui.gradio_app:use_example_image:195 - 使用示例图像: 1004_20250524_215518.jpg
2025-07-28 16:48:53 | [32mINFO[0m | yolo_detector.core.detector:detect:459 - 图像分割完成
2025-07-28 16:48:53 | [32mINFO[0m | yolo_detector.ui.gradio_app:detect_image:134 - 检测完成: 4 个对象
2025-07-28 16:48:54 | [32mINFO[0m | yolo_detector.utils.file_utils:get_image_files:68 - 找到 891 个图像文件在 D:\Python\00雪橇打标\20250524
2025-07-28 16:48:54 | [32mINFO[0m | yolo_detector.utils.file_utils:get_example_images:164 - 获取 12 个示例图像
2025-07-28 16:48:55 | [32mINFO[0m | yolo_detector.ui.gradio_app:use_example_image:195 - 使用示例图像: 1005_20250524_055233.jpg
2025-07-28 16:48:55 | [32mINFO[0m | yolo_detector.core.detector:detect:459 - 图像分割完成
2025-07-28 16:48:55 | [32mINFO[0m | yolo_detector.ui.gradio_app:detect_image:134 - 检测完成: 3 个对象
2025-07-28 16:48:56 | [32mINFO[0m | yolo_detector.utils.file_utils:get_image_files:68 - 找到 891 个图像文件在 D:\Python\00雪橇打标\20250524
2025-07-28 16:48:56 | [32mINFO[0m | yolo_detector.utils.file_utils:get_example_images:164 - 获取 12 个示例图像
2025-07-28 16:48:56 | [32mINFO[0m | yolo_detector.ui.gradio_app:use_example_image:195 - 使用示例图像: 1005_20250524_210715.jpg
2025-07-28 16:48:57 | [32mINFO[0m | yolo_detector.core.detector:detect:459 - 图像分割完成
2025-07-28 16:48:57 | [32mINFO[0m | yolo_detector.ui.gradio_app:detect_image:134 - 检测完成: 7 个对象
2025-07-28 16:49:00 | [32mINFO[0m | yolo_detector.utils.file_utils:get_image_files:68 - 找到 891 个图像文件在 D:\Python\00雪橇打标\20250524
2025-07-28 16:49:00 | [32mINFO[0m | yolo_detector.utils.file_utils:get_example_images:164 - 获取 12 个示例图像
2025-07-28 16:49:00 | [32mINFO[0m | yolo_detector.ui.gradio_app:use_example_image:195 - 使用示例图像: 1007_20250524_170520.jpg
2025-07-28 16:49:01 | [32mINFO[0m | yolo_detector.core.detector:detect:459 - 图像分割完成
2025-07-28 16:49:01 | [32mINFO[0m | yolo_detector.ui.gradio_app:detect_image:134 - 检测完成: 1 个对象
2025-07-28 16:49:02 | [32mINFO[0m | yolo_detector.utils.file_utils:get_image_files:68 - 找到 891 个图像文件在 D:\Python\00雪橇打标\20250524
2025-07-28 16:49:02 | [32mINFO[0m | yolo_detector.utils.file_utils:get_example_images:164 - 获取 12 个示例图像
2025-07-28 16:49:02 | [32mINFO[0m | yolo_detector.ui.gradio_app:use_example_image:195 - 使用示例图像: 1008_20250524_052917.jpg
2025-07-28 16:49:03 | [32mINFO[0m | yolo_detector.core.detector:detect:459 - 图像分割完成
2025-07-28 16:49:03 | [32mINFO[0m | yolo_detector.ui.gradio_app:detect_image:134 - 检测完成: 5 个对象
2025-07-28 16:49:05 | [32mINFO[0m | yolo_detector.utils.file_utils:get_image_files:68 - 找到 891 个图像文件在 D:\Python\00雪橇打标\20250524
2025-07-28 16:49:05 | [32mINFO[0m | yolo_detector.utils.file_utils:get_example_images:164 - 获取 12 个示例图像
2025-07-28 16:49:05 | [32mINFO[0m | yolo_detector.ui.gradio_app:use_example_image:195 - 使用示例图像: 1015_20250524_003415.jpg
2025-07-28 16:49:06 | [32mINFO[0m | yolo_detector.core.detector:detect:459 - 图像分割完成
2025-07-28 16:49:06 | [32mINFO[0m | yolo_detector.ui.gradio_app:detect_image:134 - 检测完成: 9 个对象
2025-07-28 16:49:08 | [32mINFO[0m | yolo_detector.utils.file_utils:get_image_files:68 - 找到 891 个图像文件在 D:\Python\00雪橇打标\20250524
2025-07-28 16:49:08 | [32mINFO[0m | yolo_detector.utils.file_utils:get_example_images:164 - 获取 12 个示例图像
2025-07-28 16:49:08 | [32mINFO[0m | yolo_detector.ui.gradio_app:use_example_image:195 - 使用示例图像: 1015_20250524_190611.jpg
2025-07-28 16:49:09 | [32mINFO[0m | yolo_detector.core.detector:detect:459 - 图像分割完成
2025-07-28 16:49:09 | [32mINFO[0m | yolo_detector.ui.gradio_app:detect_image:134 - 检测完成: 7 个对象
2025-07-28 16:49:11 | [32mINFO[0m | yolo_detector.utils.file_utils:get_image_files:68 - 找到 891 个图像文件在 D:\Python\00雪橇打标\20250524
2025-07-28 16:49:11 | [32mINFO[0m | yolo_detector.utils.file_utils:get_example_images:164 - 获取 12 个示例图像
2025-07-28 16:49:11 | [32mINFO[0m | yolo_detector.ui.gradio_app:use_example_image:195 - 使用示例图像: 1018_20250524_055148.jpg
2025-07-28 16:49:12 | [32mINFO[0m | yolo_detector.core.detector:detect:459 - 图像分割完成
2025-07-28 16:49:12 | [32mINFO[0m | yolo_detector.ui.gradio_app:detect_image:134 - 检测完成: 2 个对象
2025-07-28 16:49:27 | [32mINFO[0m | yolo_detector.utils.file_utils:get_image_files:68 - 找到 891 个图像文件在 D:\Python\00雪橇打标\20250524
2025-07-28 16:49:27 | [32mINFO[0m | yolo_detector.utils.file_utils:get_example_images:164 - 获取 12 个示例图像
2025-07-28 16:49:27 | [32mINFO[0m | yolo_detector.ui.gradio_app:use_example_image:195 - 使用示例图像: 1018_20250524_135432.jpg
2025-07-28 16:49:28 | [32mINFO[0m | yolo_detector.core.detector:detect:459 - 图像分割完成
2025-07-28 16:49:28 | [32mINFO[0m | yolo_detector.ui.gradio_app:detect_image:134 - 检测完成: 3 个对象
2025-07-28 16:49:33 | [32mINFO[0m | yolo_detector.utils.file_utils:get_image_files:68 - 找到 891 个图像文件在 D:\Python\00雪橇打标\20250524
2025-07-28 16:49:33 | [32mINFO[0m | yolo_detector.utils.file_utils:get_example_images:164 - 获取 12 个示例图像
2025-07-28 16:49:33 | [32mINFO[0m | yolo_detector.ui.gradio_app:use_example_image:195 - 使用示例图像: 1018_20250524_213242.jpg
2025-07-28 16:49:34 | [32mINFO[0m | yolo_detector.core.detector:detect:459 - 图像分割完成
2025-07-28 16:49:34 | [32mINFO[0m | yolo_detector.ui.gradio_app:detect_image:134 - 检测完成: 2 个对象
2025-07-28 16:49:36 | [32mINFO[0m | yolo_detector.utils.file_utils:get_image_files:68 - 找到 891 个图像文件在 D:\Python\00雪橇打标\20250524
2025-07-28 16:49:36 | [32mINFO[0m | yolo_detector.utils.file_utils:get_example_images:164 - 获取 12 个示例图像
2025-07-28 16:49:36 | [32mINFO[0m | yolo_detector.ui.gradio_app:use_example_image:195 - 使用示例图像: 1020_20250524_091517.jpg
2025-07-28 16:49:37 | [32mINFO[0m | yolo_detector.core.detector:detect:459 - 图像分割完成
2025-07-28 16:49:37 | [32mINFO[0m | yolo_detector.ui.gradio_app:detect_image:134 - 检测完成: 3 个对象
2025-07-28 16:49:38 | [32mINFO[0m | yolo_detector.utils.file_utils:get_image_files:68 - 找到 891 个图像文件在 D:\Python\00雪橇打标\20250524
2025-07-28 16:49:38 | [32mINFO[0m | yolo_detector.utils.file_utils:get_example_images:164 - 获取 12 个示例图像
2025-07-28 16:49:38 | [32mINFO[0m | yolo_detector.ui.gradio_app:use_example_image:195 - 使用示例图像: 1004_20250524_091904.jpg
2025-07-28 16:49:39 | [32mINFO[0m | yolo_detector.core.detector:detect:459 - 图像分割完成
2025-07-28 16:49:39 | [32mINFO[0m | yolo_detector.ui.gradio_app:detect_image:134 - 检测完成: 2 个对象
2025-07-28 16:49:41 | [32mINFO[0m | yolo_detector.utils.file_utils:get_image_files:68 - 找到 891 个图像文件在 D:\Python\00雪橇打标\20250524
2025-07-28 16:49:41 | [32mINFO[0m | yolo_detector.utils.file_utils:get_example_images:164 - 获取 12 个示例图像
2025-07-28 16:49:41 | [32mINFO[0m | yolo_detector.ui.gradio_app:use_example_image:195 - 使用示例图像: 1004_20250524_215518.jpg
2025-07-28 16:49:42 | [32mINFO[0m | yolo_detector.core.detector:detect:459 - 图像分割完成
2025-07-28 16:49:42 | [32mINFO[0m | yolo_detector.ui.gradio_app:detect_image:134 - 检测完成: 4 个对象
2025-07-28 16:49:43 | [32mINFO[0m | yolo_detector.utils.file_utils:get_image_files:68 - 找到 891 个图像文件在 D:\Python\00雪橇打标\20250524
2025-07-28 16:49:43 | [32mINFO[0m | yolo_detector.utils.file_utils:get_example_images:164 - 获取 12 个示例图像
2025-07-28 16:49:43 | [32mINFO[0m | yolo_detector.ui.gradio_app:use_example_image:195 - 使用示例图像: 1005_20250524_055233.jpg
2025-07-28 16:49:44 | [32mINFO[0m | yolo_detector.core.detector:detect:459 - 图像分割完成
2025-07-28 16:49:44 | [32mINFO[0m | yolo_detector.ui.gradio_app:detect_image:134 - 检测完成: 3 个对象
2025-07-28 16:49:45 | [32mINFO[0m | yolo_detector.utils.file_utils:get_image_files:68 - 找到 891 个图像文件在 D:\Python\00雪橇打标\20250524
2025-07-28 16:49:45 | [32mINFO[0m | yolo_detector.utils.file_utils:get_example_images:164 - 获取 12 个示例图像
2025-07-28 16:49:45 | [32mINFO[0m | yolo_detector.ui.gradio_app:use_example_image:195 - 使用示例图像: 1005_20250524_210715.jpg
2025-07-28 16:49:46 | [32mINFO[0m | yolo_detector.core.detector:detect:459 - 图像分割完成
2025-07-28 16:49:46 | [32mINFO[0m | yolo_detector.ui.gradio_app:detect_image:134 - 检测完成: 7 个对象
2025-07-28 16:49:48 | [32mINFO[0m | yolo_detector.utils.file_utils:get_image_files:68 - 找到 891 个图像文件在 D:\Python\00雪橇打标\20250524
2025-07-28 16:49:48 | [32mINFO[0m | yolo_detector.utils.file_utils:get_example_images:164 - 获取 12 个示例图像
2025-07-28 16:49:48 | [32mINFO[0m | yolo_detector.ui.gradio_app:use_example_image:195 - 使用示例图像: 1007_20250524_170520.jpg
2025-07-28 16:49:48 | [32mINFO[0m | yolo_detector.core.detector:detect:459 - 图像分割完成
2025-07-28 16:49:48 | [32mINFO[0m | yolo_detector.ui.gradio_app:detect_image:134 - 检测完成: 1 个对象
2025-07-28 16:49:50 | [32mINFO[0m | yolo_detector.utils.file_utils:get_image_files:68 - 找到 891 个图像文件在 D:\Python\00雪橇打标\20250524
2025-07-28 16:49:50 | [32mINFO[0m | yolo_detector.utils.file_utils:get_example_images:164 - 获取 12 个示例图像
2025-07-28 16:49:50 | [32mINFO[0m | yolo_detector.ui.gradio_app:use_example_image:195 - 使用示例图像: 1008_20250524_052917.jpg
2025-07-28 16:49:51 | [32mINFO[0m | yolo_detector.core.detector:detect:459 - 图像分割完成
2025-07-28 16:49:51 | [32mINFO[0m | yolo_detector.ui.gradio_app:detect_image:134 - 检测完成: 5 个对象
2025-07-28 16:49:52 | [32mINFO[0m | yolo_detector.utils.file_utils:get_image_files:68 - 找到 891 个图像文件在 D:\Python\00雪橇打标\20250524
2025-07-28 16:49:52 | [32mINFO[0m | yolo_detector.utils.file_utils:get_example_images:164 - 获取 12 个示例图像
2025-07-28 16:49:52 | [32mINFO[0m | yolo_detector.ui.gradio_app:use_example_image:195 - 使用示例图像: 1015_20250524_003415.jpg
2025-07-28 16:49:53 | [32mINFO[0m | yolo_detector.core.detector:detect:459 - 图像分割完成
2025-07-28 16:49:53 | [32mINFO[0m | yolo_detector.ui.gradio_app:detect_image:134 - 检测完成: 9 个对象
2025-07-28 16:50:04 | [32mINFO[0m | yolo_detector.utils.file_utils:get_image_files:68 - 找到 891 个图像文件在 D:\Python\00雪橇打标\20250524
2025-07-28 16:50:04 | [32mINFO[0m | yolo_detector.utils.file_utils:get_example_images:164 - 获取 12 个示例图像
2025-07-28 16:50:04 | [32mINFO[0m | yolo_detector.ui.gradio_app:use_example_image:195 - 使用示例图像: 1015_20250524_190611.jpg
2025-07-28 16:50:05 | [32mINFO[0m | yolo_detector.core.detector:detect:459 - 图像分割完成
2025-07-28 16:50:05 | [32mINFO[0m | yolo_detector.ui.gradio_app:detect_image:134 - 检测完成: 7 个对象
2025-07-28 16:50:06 | [32mINFO[0m | yolo_detector.utils.file_utils:get_image_files:68 - 找到 891 个图像文件在 D:\Python\00雪橇打标\20250524
2025-07-28 16:50:06 | [32mINFO[0m | yolo_detector.utils.file_utils:get_example_images:164 - 获取 12 个示例图像
2025-07-28 16:50:06 | [32mINFO[0m | yolo_detector.ui.gradio_app:use_example_image:195 - 使用示例图像: 1018_20250524_055148.jpg
2025-07-28 16:50:07 | [32mINFO[0m | yolo_detector.core.detector:detect:459 - 图像分割完成
2025-07-28 16:50:07 | [32mINFO[0m | yolo_detector.ui.gradio_app:detect_image:134 - 检测完成: 2 个对象
2025-07-28 16:50:08 | [32mINFO[0m | yolo_detector.utils.file_utils:get_image_files:68 - 找到 891 个图像文件在 D:\Python\00雪橇打标\20250524
2025-07-28 16:50:08 | [32mINFO[0m | yolo_detector.utils.file_utils:get_example_images:164 - 获取 12 个示例图像
2025-07-28 16:50:08 | [32mINFO[0m | yolo_detector.ui.gradio_app:use_example_image:195 - 使用示例图像: 1018_20250524_135432.jpg
2025-07-28 16:50:09 | [32mINFO[0m | yolo_detector.core.detector:detect:459 - 图像分割完成
2025-07-28 16:50:09 | [32mINFO[0m | yolo_detector.ui.gradio_app:detect_image:134 - 检测完成: 3 个对象
2025-07-28 16:50:11 | [32mINFO[0m | yolo_detector.utils.file_utils:get_image_files:68 - 找到 891 个图像文件在 D:\Python\00雪橇打标\20250524
2025-07-28 16:50:11 | [32mINFO[0m | yolo_detector.utils.file_utils:get_example_images:164 - 获取 12 个示例图像
2025-07-28 16:50:11 | [32mINFO[0m | yolo_detector.ui.gradio_app:use_example_image:195 - 使用示例图像: 1018_20250524_213242.jpg
2025-07-28 16:50:12 | [32mINFO[0m | yolo_detector.core.detector:detect:459 - 图像分割完成
2025-07-28 16:50:12 | [32mINFO[0m | yolo_detector.ui.gradio_app:detect_image:134 - 检测完成: 2 个对象
2025-07-28 16:50:13 | [32mINFO[0m | yolo_detector.utils.file_utils:get_image_files:68 - 找到 891 个图像文件在 D:\Python\00雪橇打标\20250524
2025-07-28 16:50:13 | [32mINFO[0m | yolo_detector.utils.file_utils:get_example_images:164 - 获取 12 个示例图像
2025-07-28 16:50:13 | [32mINFO[0m | yolo_detector.ui.gradio_app:use_example_image:195 - 使用示例图像: 1020_20250524_091517.jpg
2025-07-28 16:50:14 | [32mINFO[0m | yolo_detector.core.detector:detect:459 - 图像分割完成
2025-07-28 16:50:14 | [32mINFO[0m | yolo_detector.ui.gradio_app:detect_image:134 - 检测完成: 3 个对象
2025-07-28 16:50:16 | [32mINFO[0m | yolo_detector.utils.file_utils:get_image_files:68 - 找到 891 个图像文件在 D:\Python\00雪橇打标\20250524
2025-07-28 16:50:16 | [32mINFO[0m | yolo_detector.utils.file_utils:get_example_images:164 - 获取 12 个示例图像
2025-07-28 16:50:16 | [32mINFO[0m | yolo_detector.ui.gradio_app:use_example_image:195 - 使用示例图像: 1004_20250524_091904.jpg
2025-07-28 16:50:16 | [32mINFO[0m | yolo_detector.core.detector:detect:459 - 图像分割完成
2025-07-28 16:50:16 | [32mINFO[0m | yolo_detector.ui.gradio_app:detect_image:134 - 检测完成: 2 个对象
2025-07-28 16:50:21 | [32mINFO[0m | yolo_detector.utils.file_utils:get_image_files:68 - 找到 891 个图像文件在 D:\Python\00雪橇打标\20250524
2025-07-28 16:50:21 | [32mINFO[0m | yolo_detector.utils.file_utils:get_example_images:164 - 获取 12 个示例图像
2025-07-28 16:50:21 | [32mINFO[0m | yolo_detector.ui.gradio_app:use_example_image:195 - 使用示例图像: 1004_20250524_215518.jpg
2025-07-28 16:50:22 | [32mINFO[0m | yolo_detector.core.detector:detect:459 - 图像分割完成
2025-07-28 16:50:22 | [32mINFO[0m | yolo_detector.ui.gradio_app:detect_image:134 - 检测完成: 4 个对象
2025-07-28 16:50:25 | [32mINFO[0m | yolo_detector.utils.file_utils:get_image_files:68 - 找到 891 个图像文件在 D:\Python\00雪橇打标\20250524
2025-07-28 16:50:25 | [32mINFO[0m | yolo_detector.utils.file_utils:get_example_images:164 - 获取 12 个示例图像
2025-07-28 16:50:25 | [32mINFO[0m | yolo_detector.ui.gradio_app:use_example_image:195 - 使用示例图像: 1005_20250524_055233.jpg
2025-07-28 16:50:26 | [32mINFO[0m | yolo_detector.core.detector:detect:459 - 图像分割完成
2025-07-28 16:50:26 | [32mINFO[0m | yolo_detector.ui.gradio_app:detect_image:134 - 检测完成: 3 个对象
2025-07-28 16:50:28 | [32mINFO[0m | yolo_detector.utils.file_utils:get_image_files:68 - 找到 891 个图像文件在 D:\Python\00雪橇打标\20250524
2025-07-28 16:50:28 | [32mINFO[0m | yolo_detector.utils.file_utils:get_example_images:164 - 获取 12 个示例图像
2025-07-28 16:50:28 | [32mINFO[0m | yolo_detector.ui.gradio_app:use_example_image:195 - 使用示例图像: 1005_20250524_210715.jpg
2025-07-28 16:50:29 | [32mINFO[0m | yolo_detector.core.detector:detect:459 - 图像分割完成
2025-07-28 16:50:29 | [32mINFO[0m | yolo_detector.ui.gradio_app:detect_image:134 - 检测完成: 7 个对象
2025-07-28 16:50:31 | [32mINFO[0m | yolo_detector.utils.file_utils:get_image_files:68 - 找到 891 个图像文件在 D:\Python\00雪橇打标\20250524
2025-07-28 16:50:31 | [32mINFO[0m | yolo_detector.utils.file_utils:get_example_images:164 - 获取 12 个示例图像
2025-07-28 16:50:31 | [32mINFO[0m | yolo_detector.ui.gradio_app:use_example_image:195 - 使用示例图像: 1007_20250524_170520.jpg
2025-07-28 16:50:32 | [32mINFO[0m | yolo_detector.core.detector:detect:459 - 图像分割完成
2025-07-28 16:50:32 | [32mINFO[0m | yolo_detector.ui.gradio_app:detect_image:134 - 检测完成: 1 个对象
2025-07-28 16:50:34 | [32mINFO[0m | yolo_detector.utils.file_utils:get_image_files:68 - 找到 891 个图像文件在 D:\Python\00雪橇打标\20250524
2025-07-28 16:50:34 | [32mINFO[0m | yolo_detector.utils.file_utils:get_example_images:164 - 获取 12 个示例图像
2025-07-28 16:50:34 | [32mINFO[0m | yolo_detector.ui.gradio_app:use_example_image:195 - 使用示例图像: 1008_20250524_052917.jpg
2025-07-28 16:50:35 | [32mINFO[0m | yolo_detector.core.detector:detect:459 - 图像分割完成
2025-07-28 16:50:35 | [32mINFO[0m | yolo_detector.ui.gradio_app:detect_image:134 - 检测完成: 5 个对象
2025-07-28 16:50:37 | [32mINFO[0m | yolo_detector.utils.file_utils:get_image_files:68 - 找到 891 个图像文件在 D:\Python\00雪橇打标\20250524
2025-07-28 16:50:37 | [32mINFO[0m | yolo_detector.utils.file_utils:get_example_images:164 - 获取 12 个示例图像
2025-07-28 16:50:37 | [32mINFO[0m | yolo_detector.ui.gradio_app:use_example_image:195 - 使用示例图像: 1015_20250524_003415.jpg
2025-07-28 16:50:38 | [32mINFO[0m | yolo_detector.core.detector:detect:459 - 图像分割完成
2025-07-28 16:50:38 | [32mINFO[0m | yolo_detector.ui.gradio_app:detect_image:134 - 检测完成: 9 个对象
2025-07-28 16:50:42 | [32mINFO[0m | yolo_detector.utils.file_utils:get_image_files:68 - 找到 891 个图像文件在 D:\Python\00雪橇打标\20250524
2025-07-28 16:50:42 | [32mINFO[0m | yolo_detector.utils.file_utils:get_example_images:164 - 获取 12 个示例图像
2025-07-28 16:50:42 | [32mINFO[0m | yolo_detector.ui.gradio_app:use_example_image:195 - 使用示例图像: 1015_20250524_190611.jpg
2025-07-28 16:50:43 | [32mINFO[0m | yolo_detector.core.detector:detect:459 - 图像分割完成
2025-07-28 16:50:44 | [32mINFO[0m | yolo_detector.ui.gradio_app:detect_image:134 - 检测完成: 7 个对象
2025-07-28 16:50:45 | [32mINFO[0m | yolo_detector.utils.file_utils:get_image_files:68 - 找到 891 个图像文件在 D:\Python\00雪橇打标\20250524
2025-07-28 16:50:45 | [32mINFO[0m | yolo_detector.utils.file_utils:get_example_images:164 - 获取 12 个示例图像
2025-07-28 16:50:45 | [32mINFO[0m | yolo_detector.ui.gradio_app:use_example_image:195 - 使用示例图像: 1018_20250524_055148.jpg
2025-07-28 16:50:46 | [32mINFO[0m | yolo_detector.core.detector:detect:459 - 图像分割完成
2025-07-28 16:50:46 | [32mINFO[0m | yolo_detector.ui.gradio_app:detect_image:134 - 检测完成: 2 个对象
2025-07-28 16:50:48 | [32mINFO[0m | yolo_detector.utils.file_utils:get_image_files:68 - 找到 891 个图像文件在 D:\Python\00雪橇打标\20250524
2025-07-28 16:50:48 | [32mINFO[0m | yolo_detector.utils.file_utils:get_example_images:164 - 获取 12 个示例图像
2025-07-28 16:50:48 | [32mINFO[0m | yolo_detector.ui.gradio_app:use_example_image:195 - 使用示例图像: 1018_20250524_135432.jpg
2025-07-28 16:50:49 | [32mINFO[0m | yolo_detector.core.detector:detect:459 - 图像分割完成
2025-07-28 16:50:49 | [32mINFO[0m | yolo_detector.ui.gradio_app:detect_image:134 - 检测完成: 3 个对象
2025-07-28 16:50:49 | [32mINFO[0m | yolo_detector.utils.file_utils:get_image_files:68 - 找到 891 个图像文件在 D:\Python\00雪橇打标\20250524
2025-07-28 16:50:49 | [32mINFO[0m | yolo_detector.utils.file_utils:get_example_images:164 - 获取 12 个示例图像
2025-07-28 16:50:49 | [32mINFO[0m | yolo_detector.ui.gradio_app:use_example_image:195 - 使用示例图像: 1018_20250524_213242.jpg
2025-07-28 16:50:50 | [32mINFO[0m | yolo_detector.core.detector:detect:459 - 图像分割完成
2025-07-28 16:50:50 | [32mINFO[0m | yolo_detector.ui.gradio_app:detect_image:134 - 检测完成: 2 个对象
2025-07-28 16:50:50 | [32mINFO[0m | yolo_detector.utils.file_utils:get_image_files:68 - 找到 891 个图像文件在 D:\Python\00雪橇打标\20250524
2025-07-28 16:50:50 | [32mINFO[0m | yolo_detector.utils.file_utils:get_example_images:164 - 获取 12 个示例图像
2025-07-28 16:50:50 | [32mINFO[0m | yolo_detector.ui.gradio_app:use_example_image:195 - 使用示例图像: 1020_20250524_091517.jpg
2025-07-28 16:50:51 | [32mINFO[0m | yolo_detector.core.detector:detect:459 - 图像分割完成
2025-07-28 16:50:51 | [32mINFO[0m | yolo_detector.ui.gradio_app:detect_image:134 - 检测完成: 3 个对象
2025-07-28 16:50:52 | [32mINFO[0m | yolo_detector.utils.file_utils:get_image_files:68 - 找到 891 个图像文件在 D:\Python\00雪橇打标\20250524
2025-07-28 16:50:52 | [32mINFO[0m | yolo_detector.utils.file_utils:get_example_images:164 - 获取 12 个示例图像
2025-07-28 16:50:52 | [32mINFO[0m | yolo_detector.ui.gradio_app:use_example_image:195 - 使用示例图像: 1004_20250524_091904.jpg
2025-07-28 16:50:53 | [32mINFO[0m | yolo_detector.core.detector:detect:459 - 图像分割完成
2025-07-28 16:50:53 | [32mINFO[0m | yolo_detector.ui.gradio_app:detect_image:134 - 检测完成: 2 个对象
2025-07-28 16:50:53 | [32mINFO[0m | yolo_detector.utils.file_utils:get_image_files:68 - 找到 891 个图像文件在 D:\Python\00雪橇打标\20250524
2025-07-28 16:50:53 | [32mINFO[0m | yolo_detector.utils.file_utils:get_example_images:164 - 获取 12 个示例图像
2025-07-28 16:50:53 | [32mINFO[0m | yolo_detector.ui.gradio_app:use_example_image:195 - 使用示例图像: 1004_20250524_215518.jpg
2025-07-28 16:50:54 | [32mINFO[0m | yolo_detector.core.detector:detect:459 - 图像分割完成
2025-07-28 16:50:54 | [32mINFO[0m | yolo_detector.ui.gradio_app:detect_image:134 - 检测完成: 4 个对象
2025-07-28 16:50:54 | [32mINFO[0m | yolo_detector.utils.file_utils:get_image_files:68 - 找到 891 个图像文件在 D:\Python\00雪橇打标\20250524
2025-07-28 16:50:54 | [32mINFO[0m | yolo_detector.utils.file_utils:get_example_images:164 - 获取 12 个示例图像
2025-07-28 16:50:54 | [32mINFO[0m | yolo_detector.ui.gradio_app:use_example_image:195 - 使用示例图像: 1005_20250524_055233.jpg
2025-07-28 16:50:55 | [32mINFO[0m | yolo_detector.core.detector:detect:459 - 图像分割完成
2025-07-28 16:50:55 | [32mINFO[0m | yolo_detector.ui.gradio_app:detect_image:134 - 检测完成: 3 个对象
2025-07-28 16:50:57 | [32mINFO[0m | yolo_detector.utils.file_utils:get_image_files:68 - 找到 891 个图像文件在 D:\Python\00雪橇打标\20250524
2025-07-28 16:50:57 | [32mINFO[0m | yolo_detector.utils.file_utils:get_example_images:164 - 获取 12 个示例图像
2025-07-28 16:50:57 | [32mINFO[0m | yolo_detector.ui.gradio_app:use_example_image:195 - 使用示例图像: 1005_20250524_210715.jpg
2025-07-28 16:50:58 | [32mINFO[0m | yolo_detector.core.detector:detect:459 - 图像分割完成
2025-07-28 16:50:59 | [32mINFO[0m | yolo_detector.ui.gradio_app:detect_image:134 - 检测完成: 7 个对象
2025-07-28 16:51:01 | [32mINFO[0m | yolo_detector.utils.file_utils:get_image_files:68 - 找到 891 个图像文件在 D:\Python\00雪橇打标\20250524
2025-07-28 16:51:01 | [32mINFO[0m | yolo_detector.utils.file_utils:get_example_images:164 - 获取 12 个示例图像
2025-07-28 16:51:01 | [32mINFO[0m | yolo_detector.ui.gradio_app:use_example_image:195 - 使用示例图像: 1007_20250524_170520.jpg
2025-07-28 16:51:02 | [32mINFO[0m | yolo_detector.core.detector:detect:459 - 图像分割完成
2025-07-28 16:51:02 | [32mINFO[0m | yolo_detector.ui.gradio_app:detect_image:134 - 检测完成: 1 个对象
2025-07-28 16:51:02 | [32mINFO[0m | yolo_detector.utils.file_utils:get_image_files:68 - 找到 891 个图像文件在 D:\Python\00雪橇打标\20250524
2025-07-28 16:51:02 | [32mINFO[0m | yolo_detector.utils.file_utils:get_example_images:164 - 获取 12 个示例图像
2025-07-28 16:51:02 | [32mINFO[0m | yolo_detector.ui.gradio_app:use_example_image:195 - 使用示例图像: 1008_20250524_052917.jpg
2025-07-28 16:51:03 | [32mINFO[0m | yolo_detector.core.detector:detect:459 - 图像分割完成
2025-07-28 16:51:03 | [32mINFO[0m | yolo_detector.ui.gradio_app:detect_image:134 - 检测完成: 5 个对象
2025-07-28 16:51:04 | [32mINFO[0m | yolo_detector.utils.file_utils:get_image_files:68 - 找到 891 个图像文件在 D:\Python\00雪橇打标\20250524
2025-07-28 16:51:04 | [32mINFO[0m | yolo_detector.utils.file_utils:get_example_images:164 - 获取 12 个示例图像
2025-07-28 16:51:04 | [32mINFO[0m | yolo_detector.ui.gradio_app:use_example_image:195 - 使用示例图像: 1015_20250524_190611.jpg
2025-07-28 16:51:05 | [32mINFO[0m | yolo_detector.core.detector:detect:459 - 图像分割完成
2025-07-28 16:51:05 | [32mINFO[0m | yolo_detector.ui.gradio_app:detect_image:134 - 检测完成: 7 个对象
2025-07-28 16:51:05 | [32mINFO[0m | yolo_detector.utils.file_utils:get_image_files:68 - 找到 891 个图像文件在 D:\Python\00雪橇打标\20250524
2025-07-28 16:51:05 | [32mINFO[0m | yolo_detector.utils.file_utils:get_example_images:164 - 获取 12 个示例图像
2025-07-28 16:51:05 | [32mINFO[0m | yolo_detector.ui.gradio_app:use_example_image:195 - 使用示例图像: 1018_20250524_135432.jpg
2025-07-28 16:51:06 | [32mINFO[0m | yolo_detector.core.detector:detect:459 - 图像分割完成
2025-07-28 16:51:06 | [32mINFO[0m | yolo_detector.ui.gradio_app:detect_image:134 - 检测完成: 3 个对象
2025-07-28 16:51:07 | [32mINFO[0m | yolo_detector.utils.file_utils:get_image_files:68 - 找到 891 个图像文件在 D:\Python\00雪橇打标\20250524
2025-07-28 16:51:07 | [32mINFO[0m | yolo_detector.utils.file_utils:get_example_images:164 - 获取 12 个示例图像
2025-07-28 16:51:07 | [32mINFO[0m | yolo_detector.ui.gradio_app:use_example_image:195 - 使用示例图像: 1004_20250524_091904.jpg
2025-07-28 16:51:08 | [32mINFO[0m | yolo_detector.core.detector:detect:459 - 图像分割完成
2025-07-28 16:51:08 | [32mINFO[0m | yolo_detector.ui.gradio_app:detect_image:134 - 检测完成: 2 个对象
2025-07-28 16:51:11 | [32mINFO[0m | yolo_detector.utils.file_utils:get_image_files:68 - 找到 891 个图像文件在 D:\Python\00雪橇打标\20250524
2025-07-28 16:51:11 | [32mINFO[0m | yolo_detector.utils.file_utils:get_example_images:164 - 获取 12 个示例图像
2025-07-28 16:51:11 | [32mINFO[0m | yolo_detector.ui.gradio_app:use_example_image:195 - 使用示例图像: 1004_20250524_215518.jpg
2025-07-28 16:51:12 | [32mINFO[0m | yolo_detector.core.detector:detect:459 - 图像分割完成
2025-07-28 16:51:12 | [32mINFO[0m | yolo_detector.ui.gradio_app:detect_image:134 - 检测完成: 4 个对象
2025-07-28 16:51:14 | [32mINFO[0m | yolo_detector.utils.file_utils:get_image_files:68 - 找到 891 个图像文件在 D:\Python\00雪橇打标\20250524
2025-07-28 16:51:14 | [32mINFO[0m | yolo_detector.utils.file_utils:get_example_images:164 - 获取 12 个示例图像
2025-07-28 16:51:14 | [32mINFO[0m | yolo_detector.ui.gradio_app:use_example_image:195 - 使用示例图像: 1005_20250524_055233.jpg
2025-07-28 16:51:15 | [32mINFO[0m | yolo_detector.core.detector:detect:459 - 图像分割完成
2025-07-28 16:51:15 | [32mINFO[0m | yolo_detector.ui.gradio_app:detect_image:134 - 检测完成: 3 个对象
2025-07-28 16:51:17 | [32mINFO[0m | yolo_detector.utils.file_utils:get_image_files:68 - 找到 891 个图像文件在 D:\Python\00雪橇打标\20250524
2025-07-28 16:51:17 | [32mINFO[0m | yolo_detector.utils.file_utils:get_example_images:164 - 获取 12 个示例图像
2025-07-28 16:51:17 | [32mINFO[0m | yolo_detector.ui.gradio_app:use_example_image:195 - 使用示例图像: 1007_20250524_170520.jpg
2025-07-28 16:51:18 | [32mINFO[0m | yolo_detector.core.detector:detect:459 - 图像分割完成
2025-07-28 16:51:18 | [32mINFO[0m | yolo_detector.ui.gradio_app:detect_image:134 - 检测完成: 1 个对象
2025-07-28 16:51:18 | [32mINFO[0m | yolo_detector.utils.file_utils:get_image_files:68 - 找到 891 个图像文件在 D:\Python\00雪橇打标\20250524
2025-07-28 16:51:18 | [32mINFO[0m | yolo_detector.utils.file_utils:get_example_images:164 - 获取 12 个示例图像
2025-07-28 16:51:18 | [32mINFO[0m | yolo_detector.ui.gradio_app:use_example_image:195 - 使用示例图像: 1008_20250524_052917.jpg
2025-07-28 16:51:19 | [32mINFO[0m | yolo_detector.core.detector:detect:459 - 图像分割完成
2025-07-28 16:51:19 | [32mINFO[0m | yolo_detector.ui.gradio_app:detect_image:134 - 检测完成: 5 个对象
2025-07-28 16:51:22 | [32mINFO[0m | yolo_detector.utils.file_utils:get_image_files:68 - 找到 891 个图像文件在 D:\Python\00雪橇打标\20250524
2025-07-28 16:51:22 | [32mINFO[0m | yolo_detector.utils.file_utils:get_example_images:164 - 获取 12 个示例图像
2025-07-28 16:51:22 | [32mINFO[0m | yolo_detector.ui.gradio_app:use_example_image:195 - 使用示例图像: 1015_20250524_190611.jpg
2025-07-28 16:51:23 | [32mINFO[0m | yolo_detector.core.detector:detect:459 - 图像分割完成
2025-07-28 16:51:23 | [32mINFO[0m | yolo_detector.ui.gradio_app:detect_image:134 - 检测完成: 7 个对象
2025-07-28 16:51:24 | [32mINFO[0m | yolo_detector.utils.file_utils:get_image_files:68 - 找到 891 个图像文件在 D:\Python\00雪橇打标\20250524
2025-07-28 16:51:24 | [32mINFO[0m | yolo_detector.utils.file_utils:get_example_images:164 - 获取 12 个示例图像
2025-07-28 16:51:24 | [32mINFO[0m | yolo_detector.ui.gradio_app:use_example_image:195 - 使用示例图像: 1018_20250524_055148.jpg
2025-07-28 16:51:25 | [32mINFO[0m | yolo_detector.core.detector:detect:459 - 图像分割完成
2025-07-28 16:51:25 | [32mINFO[0m | yolo_detector.ui.gradio_app:detect_image:134 - 检测完成: 2 个对象
2025-07-28 16:51:27 | [32mINFO[0m | yolo_detector.utils.file_utils:get_image_files:68 - 找到 891 个图像文件在 D:\Python\00雪橇打标\20250524
2025-07-28 16:51:27 | [32mINFO[0m | yolo_detector.utils.file_utils:get_example_images:164 - 获取 12 个示例图像
2025-07-28 16:51:27 | [32mINFO[0m | yolo_detector.ui.gradio_app:use_example_image:195 - 使用示例图像: 1018_20250524_135432.jpg
2025-07-28 16:51:27 | [32mINFO[0m | yolo_detector.core.detector:detect:459 - 图像分割完成
2025-07-28 16:51:27 | [32mINFO[0m | yolo_detector.ui.gradio_app:detect_image:134 - 检测完成: 3 个对象
2025-07-28 16:51:28 | [32mINFO[0m | yolo_detector.utils.file_utils:get_image_files:68 - 找到 891 个图像文件在 D:\Python\00雪橇打标\20250524
2025-07-28 16:51:28 | [32mINFO[0m | yolo_detector.utils.file_utils:get_example_images:164 - 获取 12 个示例图像
2025-07-28 16:51:28 | [32mINFO[0m | yolo_detector.ui.gradio_app:use_example_image:195 - 使用示例图像: 1020_20250524_091517.jpg
2025-07-28 16:51:30 | [32mINFO[0m | yolo_detector.core.detector:detect:459 - 图像分割完成
2025-07-28 16:51:30 | [32mINFO[0m | yolo_detector.ui.gradio_app:detect_image:134 - 检测完成: 3 个对象
2025-07-28 16:51:36 | [32mINFO[0m | yolo_detector.utils.file_utils:get_image_files:68 - 找到 891 个图像文件在 D:\Python\00雪橇打标\20250524
2025-07-28 16:51:36 | [32mINFO[0m | yolo_detector.utils.file_utils:get_example_images:164 - 获取 12 个示例图像
2025-07-28 16:51:36 | [32mINFO[0m | yolo_detector.ui.gradio_app:use_example_image:195 - 使用示例图像: 1004_20250524_215518.jpg
2025-07-28 16:51:37 | [32mINFO[0m | yolo_detector.core.detector:detect:459 - 图像分割完成
2025-07-28 16:51:38 | [32mINFO[0m | yolo_detector.ui.gradio_app:detect_image:134 - 检测完成: 4 个对象
2025-07-28 16:51:40 | [32mINFO[0m | yolo_detector.utils.file_utils:get_image_files:68 - 找到 891 个图像文件在 D:\Python\00雪橇打标\20250524
2025-07-28 16:51:40 | [32mINFO[0m | yolo_detector.utils.file_utils:get_example_images:164 - 获取 12 个示例图像
2025-07-28 16:51:40 | [32mINFO[0m | yolo_detector.ui.gradio_app:use_example_image:195 - 使用示例图像: 1005_20250524_055233.jpg
2025-07-28 16:51:41 | [32mINFO[0m | yolo_detector.core.detector:detect:459 - 图像分割完成
2025-07-28 16:51:41 | [32mINFO[0m | yolo_detector.ui.gradio_app:detect_image:134 - 检测完成: 3 个对象
2025-07-28 16:51:41 | [32mINFO[0m | yolo_detector.utils.file_utils:get_image_files:68 - 找到 891 个图像文件在 D:\Python\00雪橇打标\20250524
2025-07-28 16:51:41 | [32mINFO[0m | yolo_detector.utils.file_utils:get_example_images:164 - 获取 12 个示例图像
2025-07-28 16:51:41 | [32mINFO[0m | yolo_detector.ui.gradio_app:use_example_image:195 - 使用示例图像: 1007_20250524_170520.jpg
2025-07-28 16:51:42 | [32mINFO[0m | yolo_detector.core.detector:detect:459 - 图像分割完成
2025-07-28 16:51:42 | [32mINFO[0m | yolo_detector.ui.gradio_app:detect_image:134 - 检测完成: 1 个对象
2025-07-28 16:51:43 | [32mINFO[0m | yolo_detector.utils.file_utils:get_image_files:68 - 找到 891 个图像文件在 D:\Python\00雪橇打标\20250524
2025-07-28 16:51:43 | [32mINFO[0m | yolo_detector.utils.file_utils:get_example_images:164 - 获取 12 个示例图像
2025-07-28 16:51:43 | [32mINFO[0m | yolo_detector.ui.gradio_app:use_example_image:195 - 使用示例图像: 1015_20250524_190611.jpg
2025-07-28 16:51:44 | [32mINFO[0m | yolo_detector.core.detector:detect:459 - 图像分割完成
2025-07-28 16:51:44 | [32mINFO[0m | yolo_detector.ui.gradio_app:detect_image:134 - 检测完成: 7 个对象
2025-07-28 16:51:44 | [32mINFO[0m | yolo_detector.utils.file_utils:get_image_files:68 - 找到 891 个图像文件在 D:\Python\00雪橇打标\20250524
2025-07-28 16:51:44 | [32mINFO[0m | yolo_detector.utils.file_utils:get_example_images:164 - 获取 12 个示例图像
2025-07-28 16:51:44 | [32mINFO[0m | yolo_detector.ui.gradio_app:use_example_image:195 - 使用示例图像: 1018_20250524_055148.jpg
2025-07-28 16:51:45 | [32mINFO[0m | yolo_detector.core.detector:detect:459 - 图像分割完成
2025-07-28 16:51:45 | [32mINFO[0m | yolo_detector.ui.gradio_app:detect_image:134 - 检测完成: 2 个对象
2025-07-28 16:51:45 | [32mINFO[0m | yolo_detector.utils.file_utils:get_image_files:68 - 找到 891 个图像文件在 D:\Python\00雪橇打标\20250524
2025-07-28 16:51:45 | [32mINFO[0m | yolo_detector.utils.file_utils:get_example_images:164 - 获取 12 个示例图像
2025-07-28 16:51:45 | [32mINFO[0m | yolo_detector.ui.gradio_app:use_example_image:195 - 使用示例图像: 1018_20250524_213242.jpg
2025-07-28 16:51:46 | [32mINFO[0m | yolo_detector.core.detector:detect:459 - 图像分割完成
2025-07-28 16:51:46 | [32mINFO[0m | yolo_detector.ui.gradio_app:detect_image:134 - 检测完成: 2 个对象
2025-07-28 16:51:46 | [32mINFO[0m | yolo_detector.utils.file_utils:get_image_files:68 - 找到 891 个图像文件在 D:\Python\00雪橇打标\20250524
2025-07-28 16:51:46 | [32mINFO[0m | yolo_detector.utils.file_utils:get_example_images:164 - 获取 12 个示例图像
2025-07-28 16:51:46 | [32mINFO[0m | yolo_detector.ui.gradio_app:use_example_image:195 - 使用示例图像: 1004_20250524_091904.jpg
2025-07-28 16:51:47 | [32mINFO[0m | yolo_detector.core.detector:detect:459 - 图像分割完成
2025-07-28 16:51:47 | [32mINFO[0m | yolo_detector.ui.gradio_app:detect_image:134 - 检测完成: 2 个对象
2025-07-28 16:51:47 | [32mINFO[0m | yolo_detector.utils.file_utils:get_image_files:68 - 找到 891 个图像文件在 D:\Python\00雪橇打标\20250524
2025-07-28 16:51:47 | [32mINFO[0m | yolo_detector.utils.file_utils:get_example_images:164 - 获取 12 个示例图像
2025-07-28 16:51:47 | [32mINFO[0m | yolo_detector.ui.gradio_app:use_example_image:195 - 使用示例图像: 1005_20250524_055233.jpg
2025-07-28 16:51:48 | [32mINFO[0m | yolo_detector.core.detector:detect:459 - 图像分割完成
2025-07-28 16:51:48 | [32mINFO[0m | yolo_detector.ui.gradio_app:detect_image:134 - 检测完成: 3 个对象
2025-07-28 16:51:49 | [32mINFO[0m | yolo_detector.utils.file_utils:get_image_files:68 - 找到 891 个图像文件在 D:\Python\00雪橇打标\20250524
2025-07-28 16:51:49 | [32mINFO[0m | yolo_detector.utils.file_utils:get_example_images:164 - 获取 12 个示例图像
2025-07-28 16:51:49 | [32mINFO[0m | yolo_detector.ui.gradio_app:use_example_image:195 - 使用示例图像: 1007_20250524_170520.jpg
2025-07-28 16:51:49 | [32mINFO[0m | yolo_detector.core.detector:detect:459 - 图像分割完成
2025-07-28 16:51:49 | [32mINFO[0m | yolo_detector.ui.gradio_app:detect_image:134 - 检测完成: 1 个对象
2025-07-28 16:51:50 | [32mINFO[0m | yolo_detector.utils.file_utils:get_image_files:68 - 找到 891 个图像文件在 D:\Python\00雪橇打标\20250524
2025-07-28 16:51:50 | [32mINFO[0m | yolo_detector.utils.file_utils:get_example_images:164 - 获取 12 个示例图像
2025-07-28 16:51:50 | [32mINFO[0m | yolo_detector.ui.gradio_app:use_example_image:195 - 使用示例图像: 1015_20250524_003415.jpg
2025-07-28 16:51:51 | [32mINFO[0m | yolo_detector.core.detector:detect:459 - 图像分割完成
2025-07-28 16:51:51 | [32mINFO[0m | yolo_detector.utils.file_utils:get_image_files:68 - 找到 891 个图像文件在 D:\Python\00雪橇打标\20250524
2025-07-28 16:51:51 | [32mINFO[0m | yolo_detector.utils.file_utils:get_example_images:164 - 获取 12 个示例图像
2025-07-28 16:51:51 | [32mINFO[0m | yolo_detector.ui.gradio_app:use_example_image:195 - 使用示例图像: 1015_20250524_190611.jpg
2025-07-28 16:51:51 | [32mINFO[0m | yolo_detector.ui.gradio_app:detect_image:134 - 检测完成: 9 个对象
2025-07-28 16:51:52 | [32mINFO[0m | yolo_detector.core.detector:detect:459 - 图像分割完成
2025-07-28 16:51:52 | [32mINFO[0m | yolo_detector.ui.gradio_app:detect_image:134 - 检测完成: 7 个对象
2025-07-28 16:51:54 | [32mINFO[0m | yolo_detector.utils.file_utils:get_image_files:68 - 找到 891 个图像文件在 D:\Python\00雪橇打标\20250524
2025-07-28 16:51:54 | [32mINFO[0m | yolo_detector.utils.file_utils:get_example_images:164 - 获取 12 个示例图像
2025-07-28 16:51:54 | [32mINFO[0m | yolo_detector.ui.gradio_app:use_example_image:195 - 使用示例图像: 1018_20250524_055148.jpg
2025-07-28 16:51:55 | [32mINFO[0m | yolo_detector.core.detector:detect:459 - 图像分割完成
2025-07-28 16:51:55 | [32mINFO[0m | yolo_detector.ui.gradio_app:detect_image:134 - 检测完成: 2 个对象
2025-07-28 16:51:55 | [32mINFO[0m | yolo_detector.utils.file_utils:get_image_files:68 - 找到 891 个图像文件在 D:\Python\00雪橇打标\20250524
2025-07-28 16:51:55 | [32mINFO[0m | yolo_detector.utils.file_utils:get_example_images:164 - 获取 12 个示例图像
2025-07-28 16:51:55 | [32mINFO[0m | yolo_detector.ui.gradio_app:use_example_image:195 - 使用示例图像: 1018_20250524_135432.jpg
2025-07-28 16:51:56 | [32mINFO[0m | yolo_detector.core.detector:detect:459 - 图像分割完成
2025-07-28 16:51:56 | [32mINFO[0m | yolo_detector.ui.gradio_app:detect_image:134 - 检测完成: 3 个对象
2025-07-28 16:52:18 | [32mINFO[0m | yolo_detector.models.model_loader:unload_model:185 - 成功卸载detection模型
2025-07-28 16:52:18 | [32mINFO[0m | yolo_detector.models.model_loader:unload_model:185 - 成功卸载segmentation模型
2025-07-28 16:52:18 | [32mINFO[0m | yolo_detector.models.model_loader:unload_all_models:201 - 所有模型已卸载
2025-07-28 16:52:28 | [32mINFO[0m | yolo_detector.config.settings:_load_config:49 - 成功加载配置文件: D:\00deeplearn\yolo11\gradi_yolo\configs\default.yaml
2025-07-28 16:52:28 | [32mINFO[0m | yolo_detector.config.settings:_validate_config:126 - 配置验证完成
2025-07-28 16:52:28 | [32mINFO[0m | __main__:setup_environment:36 - 环境设置完成
2025-07-28 16:52:28 | [32mINFO[0m | __main__:run_web_interface:49 - 启动Web界面...
2025-07-28 16:52:28 | [32mINFO[0m | yolo_detector.ui.gradio_app:__init__:55 - Gradio应用初始化完成
2025-07-28 16:52:28 | [32mINFO[0m | yolo_detector.utils.file_utils:get_image_files:68 - 找到 969 个图像文件在 D:\Python\00雪橇打标\20250525
2025-07-28 16:52:28 | [32mINFO[0m | yolo_detector.utils.file_utils:get_example_images:164 - 获取 12 个示例图像
2025-07-28 16:52:29 | [32mINFO[0m | yolo_detector.ui.gradio_app:create_interface:382 - Gradio界面创建完成
2025-07-28 16:52:29 | [32mINFO[0m | httpx:_send_single_request:1025 - HTTP Request: GET http://127.0.0.1:7861/gradio_api/startup-events "HTTP/1.1 200 OK"
2025-07-28 16:52:29 | [32mINFO[0m | httpx:_send_single_request:1025 - HTTP Request: HEAD http://127.0.0.1:7861/ "HTTP/1.1 200 OK"
2025-07-28 16:52:44 | [32mINFO[0m | yolo_detector.utils.file_utils:get_image_files:68 - 找到 969 个图像文件在 D:\Python\00雪橇打标\20250525
2025-07-28 16:52:44 | [32mINFO[0m | yolo_detector.utils.file_utils:get_example_images:164 - 获取 12 个示例图像
2025-07-28 16:52:44 | [32mINFO[0m | yolo_detector.ui.gradio_app:use_example_image:195 - 使用示例图像: 1004_20250525_214610.jpg
2025-07-28 16:52:44 | [32mINFO[0m | yolo_detector.models.model_loader:load_model:81 - 开始加载detection模型: D:/00deeplearn/yolo11/【2】训练模型/cls/train_new/weights/best.pt
2025-07-28 16:52:44 | [32mINFO[0m | yolo_detector.models.model_loader:load_model:92 - 成功加载detection模型: D:/00deeplearn/yolo11/【2】训练模型/cls/train_new/weights/best.pt
2025-07-28 16:52:44 | [32mINFO[0m | yolo_detector.core.detector:load_model:339 - 目标检测模型加载成功
2025-07-28 16:52:46 | [32mINFO[0m | yolo_detector.utils.file_utils:get_image_files:68 - 找到 969 个图像文件在 D:\Python\00雪橇打标\20250525
2025-07-28 16:52:46 | [32mINFO[0m | yolo_detector.utils.file_utils:get_example_images:164 - 获取 12 个示例图像
2025-07-28 16:52:46 | [32mINFO[0m | yolo_detector.ui.gradio_app:use_example_image:195 - 使用示例图像: 1005_20250525_110053.jpg
2025-07-28 16:52:48 | [32mINFO[0m | yolo_detector.utils.file_utils:get_image_files:68 - 找到 969 个图像文件在 D:\Python\00雪橇打标\20250525
2025-07-28 16:52:48 | [32mINFO[0m | yolo_detector.utils.file_utils:get_example_images:164 - 获取 12 个示例图像
2025-07-28 16:52:48 | [32mINFO[0m | yolo_detector.ui.gradio_app:use_example_image:195 - 使用示例图像: 1005_20250525_222234.jpg
2025-07-28 16:52:49 | [32mINFO[0m | yolo_detector.core.detector:detect:385 - 目标检测完成
2025-07-28 16:52:49 | [32mINFO[0m | yolo_detector.ui.gradio_app:detect_image:134 - 检测完成: 1 个对象
2025-07-28 16:52:50 | [32mINFO[0m | yolo_detector.core.detector:detect:385 - 目标检测完成
2025-07-28 16:52:50 | [32mINFO[0m | yolo_detector.ui.gradio_app:detect_image:134 - 检测完成: 1 个对象
2025-07-28 16:52:51 | [32mINFO[0m | yolo_detector.utils.file_utils:get_image_files:68 - 找到 969 个图像文件在 D:\Python\00雪橇打标\20250525
2025-07-28 16:52:51 | [32mINFO[0m | yolo_detector.utils.file_utils:get_example_images:164 - 获取 12 个示例图像
2025-07-28 16:52:51 | [32mINFO[0m | yolo_detector.ui.gradio_app:use_example_image:195 - 使用示例图像: 1006_20250525_141740.jpg
2025-07-28 16:52:51 | [32mINFO[0m | yolo_detector.models.model_loader:load_model:81 - 开始加载segmentation模型: D:/00deeplearn/yolo11/【2】训练模型/seg/train2_new/weights/best.pt
2025-07-28 16:52:51 | [32mINFO[0m | yolo_detector.models.model_loader:load_model:92 - 成功加载segmentation模型: D:/00deeplearn/yolo11/【2】训练模型/seg/train2_new/weights/best.pt
2025-07-28 16:52:51 | [32mINFO[0m | yolo_detector.core.detector:load_model:408 - 图像分割模型加载成功
2025-07-28 16:52:51 | [32mINFO[0m | yolo_detector.ui.gradio_app:switch_detector:88 - 切换到图像分割模式
2025-07-28 16:52:52 | [32mINFO[0m | yolo_detector.core.detector:detect:459 - 图像分割完成
2025-07-28 16:52:52 | [32mINFO[0m | yolo_detector.ui.gradio_app:detect_image:134 - 检测完成: 6 个对象
2025-07-28 16:52:55 | [32mINFO[0m | yolo_detector.utils.file_utils:get_image_files:68 - 找到 969 个图像文件在 D:\Python\00雪橇打标\20250525
2025-07-28 16:52:55 | [32mINFO[0m | yolo_detector.utils.file_utils:get_example_images:164 - 获取 12 个示例图像
2025-07-28 16:52:55 | [32mINFO[0m | yolo_detector.ui.gradio_app:use_example_image:195 - 使用示例图像: 1007_20250525_062726.jpg
2025-07-28 16:52:56 | [32mINFO[0m | yolo_detector.core.detector:detect:459 - 图像分割完成
2025-07-28 16:52:56 | [32mINFO[0m | yolo_detector.ui.gradio_app:detect_image:134 - 检测完成: 1 个对象
2025-07-28 16:52:57 | [32mINFO[0m | yolo_detector.utils.file_utils:get_image_files:68 - 找到 969 个图像文件在 D:\Python\00雪橇打标\20250525
2025-07-28 16:52:57 | [32mINFO[0m | yolo_detector.utils.file_utils:get_example_images:164 - 获取 12 个示例图像
2025-07-28 16:52:57 | [32mINFO[0m | yolo_detector.ui.gradio_app:use_example_image:195 - 使用示例图像: 1007_20250525_154159.jpg
2025-07-28 16:52:57 | [32mINFO[0m | yolo_detector.core.detector:detect:459 - 图像分割完成
2025-07-28 16:52:58 | [32mINFO[0m | yolo_detector.ui.gradio_app:detect_image:134 - 检测完成: 1 个对象
2025-07-28 16:53:02 | [32mINFO[0m | yolo_detector.utils.file_utils:get_image_files:68 - 找到 969 个图像文件在 D:\Python\00雪橇打标\20250525
2025-07-28 16:53:02 | [32mINFO[0m | yolo_detector.utils.file_utils:get_example_images:164 - 获取 12 个示例图像
2025-07-28 16:53:02 | [32mINFO[0m | yolo_detector.ui.gradio_app:use_example_image:195 - 使用示例图像: 1008_20250525_051509.jpg
2025-07-28 16:53:03 | [32mINFO[0m | yolo_detector.core.detector:detect:459 - 图像分割完成
2025-07-28 16:53:03 | [32mINFO[0m | yolo_detector.ui.gradio_app:detect_image:134 - 检测完成: 3 个对象
2025-07-28 16:53:04 | [32mINFO[0m | yolo_detector.utils.file_utils:get_image_files:68 - 找到 969 个图像文件在 D:\Python\00雪橇打标\20250525
2025-07-28 16:53:04 | [32mINFO[0m | yolo_detector.utils.file_utils:get_example_images:164 - 获取 12 个示例图像
2025-07-28 16:53:04 | [32mINFO[0m | yolo_detector.ui.gradio_app:use_example_image:195 - 使用示例图像: 1008_20250525_125343.jpg
2025-07-28 16:53:04 | [32mINFO[0m | yolo_detector.core.detector:detect:459 - 图像分割完成
2025-07-28 16:53:04 | [32mINFO[0m | yolo_detector.ui.gradio_app:detect_image:134 - 检测完成: 2 个对象
2025-07-28 16:53:05 | [32mINFO[0m | yolo_detector.utils.file_utils:get_image_files:68 - 找到 969 个图像文件在 D:\Python\00雪橇打标\20250525
2025-07-28 16:53:05 | [32mINFO[0m | yolo_detector.utils.file_utils:get_example_images:164 - 获取 12 个示例图像
2025-07-28 16:53:05 | [32mINFO[0m | yolo_detector.ui.gradio_app:use_example_image:195 - 使用示例图像: 1008_20250525_234155.jpg
2025-07-28 16:53:06 | [32mINFO[0m | yolo_detector.core.detector:detect:459 - 图像分割完成
2025-07-28 16:53:06 | [32mINFO[0m | yolo_detector.ui.gradio_app:detect_image:134 - 检测完成: 1 个对象
2025-07-28 16:53:08 | [32mINFO[0m | yolo_detector.utils.file_utils:get_image_files:68 - 找到 969 个图像文件在 D:\Python\00雪橇打标\20250525
2025-07-28 16:53:08 | [32mINFO[0m | yolo_detector.utils.file_utils:get_example_images:164 - 获取 12 个示例图像
2025-07-28 16:53:08 | [32mINFO[0m | yolo_detector.ui.gradio_app:use_example_image:195 - 使用示例图像: 1009_20250525_113946.jpg
2025-07-28 16:53:09 | [32mINFO[0m | yolo_detector.core.detector:detect:459 - 图像分割完成
2025-07-28 16:53:09 | [32mINFO[0m | yolo_detector.ui.gradio_app:detect_image:134 - 检测完成: 5 个对象
2025-07-28 16:53:10 | [32mINFO[0m | yolo_detector.utils.file_utils:get_image_files:68 - 找到 969 个图像文件在 D:\Python\00雪橇打标\20250525
2025-07-28 16:53:10 | [32mINFO[0m | yolo_detector.utils.file_utils:get_example_images:164 - 获取 12 个示例图像
2025-07-28 16:53:10 | [32mINFO[0m | yolo_detector.ui.gradio_app:use_example_image:195 - 使用示例图像: 1011_20250525_112818.jpg
2025-07-28 16:53:11 | [32mINFO[0m | yolo_detector.core.detector:detect:459 - 图像分割完成
2025-07-28 16:53:11 | [32mINFO[0m | yolo_detector.ui.gradio_app:detect_image:134 - 检测完成: 3 个对象
2025-07-28 16:53:12 | [32mINFO[0m | yolo_detector.utils.file_utils:get_image_files:68 - 找到 969 个图像文件在 D:\Python\00雪橇打标\20250525
2025-07-28 16:53:12 | [32mINFO[0m | yolo_detector.utils.file_utils:get_example_images:164 - 获取 12 个示例图像
2025-07-28 16:53:12 | [32mINFO[0m | yolo_detector.ui.gradio_app:use_example_image:195 - 使用示例图像: 1004_20250525_090415.jpg
2025-07-28 16:53:13 | [32mINFO[0m | yolo_detector.core.detector:detect:459 - 图像分割完成
2025-07-28 16:53:13 | [32mINFO[0m | yolo_detector.ui.gradio_app:detect_image:134 - 检测完成: 3 个对象
2025-07-28 16:53:15 | [32mINFO[0m | yolo_detector.utils.file_utils:get_image_files:68 - 找到 969 个图像文件在 D:\Python\00雪橇打标\20250525
2025-07-28 16:53:15 | [32mINFO[0m | yolo_detector.utils.file_utils:get_example_images:164 - 获取 12 个示例图像
2025-07-28 16:53:15 | [32mINFO[0m | yolo_detector.ui.gradio_app:use_example_image:195 - 使用示例图像: 1004_20250525_214610.jpg
2025-07-28 16:53:16 | [32mINFO[0m | yolo_detector.core.detector:detect:459 - 图像分割完成
2025-07-28 16:53:16 | [32mINFO[0m | yolo_detector.ui.gradio_app:detect_image:134 - 检测完成: 4 个对象
2025-07-28 16:53:18 | [32mINFO[0m | yolo_detector.utils.file_utils:get_image_files:68 - 找到 969 个图像文件在 D:\Python\00雪橇打标\20250525
2025-07-28 16:53:18 | [32mINFO[0m | yolo_detector.utils.file_utils:get_example_images:164 - 获取 12 个示例图像
2025-07-28 16:53:18 | [32mINFO[0m | yolo_detector.ui.gradio_app:use_example_image:195 - 使用示例图像: 1005_20250525_110053.jpg
2025-07-28 16:53:18 | [32mINFO[0m | yolo_detector.core.detector:detect:459 - 图像分割完成
2025-07-28 16:53:19 | [32mINFO[0m | yolo_detector.ui.gradio_app:detect_image:134 - 检测完成: 7 个对象
2025-07-28 16:53:20 | [32mINFO[0m | yolo_detector.utils.file_utils:get_image_files:68 - 找到 969 个图像文件在 D:\Python\00雪橇打标\20250525
2025-07-28 16:53:20 | [32mINFO[0m | yolo_detector.utils.file_utils:get_example_images:164 - 获取 12 个示例图像
2025-07-28 16:53:20 | [32mINFO[0m | yolo_detector.ui.gradio_app:use_example_image:195 - 使用示例图像: 1005_20250525_222234.jpg
2025-07-28 16:53:21 | [32mINFO[0m | yolo_detector.core.detector:detect:459 - 图像分割完成
2025-07-28 16:53:21 | [32mINFO[0m | yolo_detector.ui.gradio_app:detect_image:134 - 检测完成: 6 个对象
2025-07-28 16:53:21 | [32mINFO[0m | yolo_detector.utils.file_utils:get_image_files:68 - 找到 969 个图像文件在 D:\Python\00雪橇打标\20250525
2025-07-28 16:53:21 | [32mINFO[0m | yolo_detector.utils.file_utils:get_example_images:164 - 获取 12 个示例图像
2025-07-28 16:53:21 | [32mINFO[0m | yolo_detector.ui.gradio_app:use_example_image:195 - 使用示例图像: 1006_20250525_141740.jpg
2025-07-28 16:53:22 | [32mINFO[0m | yolo_detector.core.detector:detect:459 - 图像分割完成
2025-07-28 16:53:22 | [32mINFO[0m | yolo_detector.ui.gradio_app:detect_image:134 - 检测完成: 6 个对象
2025-07-28 16:53:23 | [32mINFO[0m | yolo_detector.utils.file_utils:get_image_files:68 - 找到 969 个图像文件在 D:\Python\00雪橇打标\20250525
2025-07-28 16:53:23 | [32mINFO[0m | yolo_detector.utils.file_utils:get_example_images:164 - 获取 12 个示例图像
2025-07-28 16:53:23 | [32mINFO[0m | yolo_detector.ui.gradio_app:use_example_image:195 - 使用示例图像: 1006_20250525_141740.jpg
2025-07-28 16:53:27 | [32mINFO[0m | yolo_detector.utils.file_utils:get_image_files:68 - 找到 969 个图像文件在 D:\Python\00雪橇打标\20250525
2025-07-28 16:53:27 | [32mINFO[0m | yolo_detector.utils.file_utils:get_example_images:164 - 获取 12 个示例图像
2025-07-28 16:53:27 | [32mINFO[0m | yolo_detector.ui.gradio_app:use_example_image:195 - 使用示例图像: 1007_20250525_062726.jpg
2025-07-28 16:53:28 | [32mINFO[0m | yolo_detector.core.detector:detect:459 - 图像分割完成
2025-07-28 16:53:28 | [32mINFO[0m | yolo_detector.ui.gradio_app:detect_image:134 - 检测完成: 1 个对象
2025-07-28 16:53:28 | [32mINFO[0m | yolo_detector.utils.file_utils:get_image_files:68 - 找到 969 个图像文件在 D:\Python\00雪橇打标\20250525
2025-07-28 16:53:28 | [32mINFO[0m | yolo_detector.utils.file_utils:get_example_images:164 - 获取 12 个示例图像
2025-07-28 16:53:28 | [32mINFO[0m | yolo_detector.ui.gradio_app:use_example_image:195 - 使用示例图像: 1008_20250525_051509.jpg
2025-07-28 16:53:29 | [32mINFO[0m | yolo_detector.core.detector:detect:459 - 图像分割完成
2025-07-28 16:53:29 | [32mINFO[0m | yolo_detector.ui.gradio_app:detect_image:134 - 检测完成: 3 个对象
2025-07-28 16:53:31 | [32mINFO[0m | yolo_detector.utils.file_utils:get_image_files:68 - 找到 969 个图像文件在 D:\Python\00雪橇打标\20250525
2025-07-28 16:53:31 | [32mINFO[0m | yolo_detector.utils.file_utils:get_example_images:164 - 获取 12 个示例图像
2025-07-28 16:53:31 | [32mINFO[0m | yolo_detector.ui.gradio_app:use_example_image:195 - 使用示例图像: 1008_20250525_125343.jpg
2025-07-28 16:53:32 | [32mINFO[0m | yolo_detector.core.detector:detect:459 - 图像分割完成
2025-07-28 16:53:32 | [32mINFO[0m | yolo_detector.ui.gradio_app:detect_image:134 - 检测完成: 2 个对象
2025-07-28 16:53:33 | [32mINFO[0m | yolo_detector.utils.file_utils:get_image_files:68 - 找到 969 个图像文件在 D:\Python\00雪橇打标\20250525
2025-07-28 16:53:33 | [32mINFO[0m | yolo_detector.utils.file_utils:get_example_images:164 - 获取 12 个示例图像
2025-07-28 16:53:33 | [32mINFO[0m | yolo_detector.ui.gradio_app:use_example_image:195 - 使用示例图像: 1009_20250525_113946.jpg
2025-07-28 16:53:34 | [32mINFO[0m | yolo_detector.core.detector:detect:459 - 图像分割完成
2025-07-28 16:53:34 | [32mINFO[0m | yolo_detector.ui.gradio_app:detect_image:134 - 检测完成: 5 个对象
2025-07-28 16:53:35 | [32mINFO[0m | yolo_detector.utils.file_utils:get_image_files:68 - 找到 969 个图像文件在 D:\Python\00雪橇打标\20250525
2025-07-28 16:53:35 | [32mINFO[0m | yolo_detector.utils.file_utils:get_example_images:164 - 获取 12 个示例图像
2025-07-28 16:53:35 | [32mINFO[0m | yolo_detector.ui.gradio_app:use_example_image:195 - 使用示例图像: 1011_20250525_112818.jpg
2025-07-28 16:53:36 | [32mINFO[0m | yolo_detector.core.detector:detect:459 - 图像分割完成
2025-07-28 16:53:36 | [32mINFO[0m | yolo_detector.ui.gradio_app:detect_image:134 - 检测完成: 3 个对象
2025-07-28 16:53:36 | [32mINFO[0m | yolo_detector.utils.file_utils:get_image_files:68 - 找到 969 个图像文件在 D:\Python\00雪橇打标\20250525
2025-07-28 16:53:36 | [32mINFO[0m | yolo_detector.utils.file_utils:get_example_images:164 - 获取 12 个示例图像
2025-07-28 16:53:36 | [32mINFO[0m | yolo_detector.ui.gradio_app:use_example_image:195 - 使用示例图像: 1005_20250525_110053.jpg
2025-07-28 16:53:37 | [32mINFO[0m | yolo_detector.core.detector:detect:459 - 图像分割完成
2025-07-28 16:53:37 | [32mINFO[0m | yolo_detector.utils.file_utils:get_image_files:68 - 找到 969 个图像文件在 D:\Python\00雪橇打标\20250525
2025-07-28 16:53:37 | [32mINFO[0m | yolo_detector.utils.file_utils:get_example_images:164 - 获取 12 个示例图像
2025-07-28 16:53:37 | [32mINFO[0m | yolo_detector.ui.gradio_app:use_example_image:195 - 使用示例图像: 1006_20250525_141740.jpg
2025-07-28 16:53:37 | [32mINFO[0m | yolo_detector.ui.gradio_app:detect_image:134 - 检测完成: 7 个对象
2025-07-28 16:53:38 | [32mINFO[0m | yolo_detector.core.detector:detect:459 - 图像分割完成
2025-07-28 16:53:38 | [32mINFO[0m | yolo_detector.ui.gradio_app:detect_image:134 - 检测完成: 6 个对象
2025-07-28 16:53:41 | [32mINFO[0m | yolo_detector.utils.file_utils:get_image_files:68 - 找到 969 个图像文件在 D:\Python\00雪橇打标\20250525
2025-07-28 16:53:41 | [32mINFO[0m | yolo_detector.utils.file_utils:get_example_images:164 - 获取 12 个示例图像
2025-07-28 16:53:41 | [32mINFO[0m | yolo_detector.ui.gradio_app:use_example_image:195 - 使用示例图像: 1007_20250525_062726.jpg
2025-07-28 16:53:42 | [32mINFO[0m | yolo_detector.core.detector:detect:459 - 图像分割完成
2025-07-28 16:53:42 | [32mINFO[0m | yolo_detector.ui.gradio_app:detect_image:134 - 检测完成: 1 个对象
2025-07-28 16:53:44 | [32mINFO[0m | yolo_detector.utils.file_utils:get_image_files:68 - 找到 969 个图像文件在 D:\Python\00雪橇打标\20250525
2025-07-28 16:53:44 | [32mINFO[0m | yolo_detector.utils.file_utils:get_example_images:164 - 获取 12 个示例图像
2025-07-28 16:53:44 | [32mINFO[0m | yolo_detector.ui.gradio_app:use_example_image:195 - 使用示例图像: 1008_20250525_051509.jpg
2025-07-28 16:53:45 | [32mINFO[0m | yolo_detector.core.detector:detect:459 - 图像分割完成
2025-07-28 16:53:45 | [32mINFO[0m | yolo_detector.ui.gradio_app:detect_image:134 - 检测完成: 3 个对象
2025-07-28 16:53:47 | [32mINFO[0m | yolo_detector.utils.file_utils:get_image_files:68 - 找到 969 个图像文件在 D:\Python\00雪橇打标\20250525
2025-07-28 16:53:47 | [32mINFO[0m | yolo_detector.utils.file_utils:get_example_images:164 - 获取 12 个示例图像
2025-07-28 16:53:47 | [32mINFO[0m | yolo_detector.ui.gradio_app:use_example_image:195 - 使用示例图像: 1008_20250525_051509.jpg
2025-07-28 16:53:50 | [32mINFO[0m | yolo_detector.utils.file_utils:get_image_files:68 - 找到 969 个图像文件在 D:\Python\00雪橇打标\20250525
2025-07-28 16:53:50 | [32mINFO[0m | yolo_detector.utils.file_utils:get_example_images:164 - 获取 12 个示例图像
2025-07-28 16:53:50 | [32mINFO[0m | yolo_detector.ui.gradio_app:use_example_image:195 - 使用示例图像: 1008_20250525_125343.jpg
2025-07-28 16:53:51 | [32mINFO[0m | yolo_detector.core.detector:detect:459 - 图像分割完成
2025-07-28 16:53:51 | [32mINFO[0m | yolo_detector.ui.gradio_app:detect_image:134 - 检测完成: 2 个对象
2025-07-28 16:53:51 | [32mINFO[0m | yolo_detector.utils.file_utils:get_image_files:68 - 找到 969 个图像文件在 D:\Python\00雪橇打标\20250525
2025-07-28 16:53:51 | [32mINFO[0m | yolo_detector.utils.file_utils:get_example_images:164 - 获取 12 个示例图像
2025-07-28 16:53:51 | [32mINFO[0m | yolo_detector.ui.gradio_app:use_example_image:195 - 使用示例图像: 1009_20250525_113946.jpg
2025-07-28 16:53:52 | [32mINFO[0m | yolo_detector.core.detector:detect:459 - 图像分割完成
2025-07-28 16:53:52 | [32mINFO[0m | yolo_detector.ui.gradio_app:detect_image:134 - 检测完成: 5 个对象
2025-07-28 16:53:52 | [32mINFO[0m | yolo_detector.utils.file_utils:get_image_files:68 - 找到 969 个图像文件在 D:\Python\00雪橇打标\20250525
2025-07-28 16:53:52 | [32mINFO[0m | yolo_detector.utils.file_utils:get_example_images:164 - 获取 12 个示例图像
2025-07-28 16:53:52 | [32mINFO[0m | yolo_detector.ui.gradio_app:use_example_image:195 - 使用示例图像: 1005_20250525_110053.jpg
2025-07-28 16:53:53 | [32mINFO[0m | yolo_detector.core.detector:detect:459 - 图像分割完成
2025-07-28 16:53:53 | [32mINFO[0m | yolo_detector.ui.gradio_app:detect_image:134 - 检测完成: 7 个对象
2025-07-28 16:53:54 | [32mINFO[0m | yolo_detector.utils.file_utils:get_image_files:68 - 找到 969 个图像文件在 D:\Python\00雪橇打标\20250525
2025-07-28 16:53:54 | [32mINFO[0m | yolo_detector.utils.file_utils:get_example_images:164 - 获取 12 个示例图像
2025-07-28 16:53:54 | [32mINFO[0m | yolo_detector.ui.gradio_app:use_example_image:195 - 使用示例图像: 1005_20250525_222234.jpg
2025-07-28 16:53:55 | [32mINFO[0m | yolo_detector.core.detector:detect:459 - 图像分割完成
2025-07-28 16:53:55 | [32mINFO[0m | yolo_detector.ui.gradio_app:detect_image:134 - 检测完成: 6 个对象
2025-07-28 16:53:55 | [32mINFO[0m | yolo_detector.utils.file_utils:get_image_files:68 - 找到 969 个图像文件在 D:\Python\00雪橇打标\20250525
2025-07-28 16:53:55 | [32mINFO[0m | yolo_detector.utils.file_utils:get_example_images:164 - 获取 12 个示例图像
2025-07-28 16:53:55 | [32mINFO[0m | yolo_detector.ui.gradio_app:use_example_image:195 - 使用示例图像: 1007_20250525_062726.jpg
2025-07-28 16:53:57 | [32mINFO[0m | yolo_detector.core.detector:detect:459 - 图像分割完成
2025-07-28 16:53:57 | [32mINFO[0m | yolo_detector.ui.gradio_app:detect_image:134 - 检测完成: 1 个对象
2025-07-28 16:53:57 | [32mINFO[0m | yolo_detector.utils.file_utils:get_image_files:68 - 找到 969 个图像文件在 D:\Python\00雪橇打标\20250525
2025-07-28 16:53:57 | [32mINFO[0m | yolo_detector.utils.file_utils:get_example_images:164 - 获取 12 个示例图像
2025-07-28 16:53:57 | [32mINFO[0m | yolo_detector.ui.gradio_app:use_example_image:195 - 使用示例图像: 1008_20250525_125343.jpg
2025-07-28 16:53:58 | [32mINFO[0m | yolo_detector.core.detector:detect:459 - 图像分割完成
2025-07-28 16:53:58 | [32mINFO[0m | yolo_detector.ui.gradio_app:detect_image:134 - 检测完成: 2 个对象
2025-07-28 16:53:58 | [32mINFO[0m | yolo_detector.utils.file_utils:get_image_files:68 - 找到 969 个图像文件在 D:\Python\00雪橇打标\20250525
2025-07-28 16:53:58 | [32mINFO[0m | yolo_detector.utils.file_utils:get_example_images:164 - 获取 12 个示例图像
2025-07-28 16:53:58 | [32mINFO[0m | yolo_detector.ui.gradio_app:use_example_image:195 - 使用示例图像: 1009_20250525_113946.jpg
2025-07-28 16:53:59 | [32mINFO[0m | yolo_detector.core.detector:detect:459 - 图像分割完成
2025-07-28 16:53:59 | [32mINFO[0m | yolo_detector.ui.gradio_app:detect_image:134 - 检测完成: 5 个对象
2025-07-28 16:53:59 | [32mINFO[0m | yolo_detector.utils.file_utils:get_image_files:68 - 找到 969 个图像文件在 D:\Python\00雪橇打标\20250525
2025-07-28 16:53:59 | [32mINFO[0m | yolo_detector.utils.file_utils:get_example_images:164 - 获取 12 个示例图像
2025-07-28 16:53:59 | [32mINFO[0m | yolo_detector.ui.gradio_app:use_example_image:195 - 使用示例图像: 1004_20250525_090415.jpg
2025-07-28 16:54:00 | [32mINFO[0m | yolo_detector.core.detector:detect:459 - 图像分割完成
2025-07-28 16:54:00 | [32mINFO[0m | yolo_detector.ui.gradio_app:detect_image:134 - 检测完成: 3 个对象
2025-07-28 16:54:01 | [32mINFO[0m | yolo_detector.utils.file_utils:get_image_files:68 - 找到 969 个图像文件在 D:\Python\00雪橇打标\20250525
2025-07-28 16:54:01 | [32mINFO[0m | yolo_detector.utils.file_utils:get_example_images:164 - 获取 12 个示例图像
2025-07-28 16:54:01 | [32mINFO[0m | yolo_detector.ui.gradio_app:use_example_image:195 - 使用示例图像: 1005_20250525_222234.jpg
2025-07-28 16:54:01 | [32mINFO[0m | yolo_detector.core.detector:detect:459 - 图像分割完成
2025-07-28 16:54:02 | [32mINFO[0m | yolo_detector.ui.gradio_app:detect_image:134 - 检测完成: 6 个对象
2025-07-28 16:54:02 | [32mINFO[0m | yolo_detector.utils.file_utils:get_image_files:68 - 找到 969 个图像文件在 D:\Python\00雪橇打标\20250525
2025-07-28 16:54:02 | [32mINFO[0m | yolo_detector.utils.file_utils:get_example_images:164 - 获取 12 个示例图像
2025-07-28 16:54:02 | [32mINFO[0m | yolo_detector.ui.gradio_app:use_example_image:195 - 使用示例图像: 1007_20250525_062726.jpg
2025-07-28 16:54:03 | [32mINFO[0m | yolo_detector.core.detector:detect:459 - 图像分割完成
2025-07-28 16:54:03 | [32mINFO[0m | yolo_detector.ui.gradio_app:detect_image:134 - 检测完成: 1 个对象
2025-07-28 16:54:03 | [32mINFO[0m | yolo_detector.utils.file_utils:get_image_files:68 - 找到 969 个图像文件在 D:\Python\00雪橇打标\20250525
2025-07-28 16:54:03 | [32mINFO[0m | yolo_detector.utils.file_utils:get_example_images:164 - 获取 12 个示例图像
2025-07-28 16:54:03 | [32mINFO[0m | yolo_detector.ui.gradio_app:use_example_image:195 - 使用示例图像: 1008_20250525_051509.jpg
2025-07-28 16:54:04 | [32mINFO[0m | yolo_detector.core.detector:detect:459 - 图像分割完成
2025-07-28 16:54:04 | [32mINFO[0m | yolo_detector.ui.gradio_app:detect_image:134 - 检测完成: 3 个对象
2025-07-28 16:54:04 | [32mINFO[0m | yolo_detector.utils.file_utils:get_image_files:68 - 找到 969 个图像文件在 D:\Python\00雪橇打标\20250525
2025-07-28 16:54:04 | [32mINFO[0m | yolo_detector.utils.file_utils:get_example_images:164 - 获取 12 个示例图像
2025-07-28 16:54:04 | [32mINFO[0m | yolo_detector.ui.gradio_app:use_example_image:195 - 使用示例图像: 1008_20250525_234155.jpg
2025-07-28 16:54:05 | [32mINFO[0m | yolo_detector.core.detector:detect:459 - 图像分割完成
2025-07-28 16:54:05 | [32mINFO[0m | yolo_detector.ui.gradio_app:detect_image:134 - 检测完成: 1 个对象
2025-07-28 16:54:05 | [32mINFO[0m | yolo_detector.utils.file_utils:get_image_files:68 - 找到 969 个图像文件在 D:\Python\00雪橇打标\20250525
2025-07-28 16:54:05 | [32mINFO[0m | yolo_detector.utils.file_utils:get_example_images:164 - 获取 12 个示例图像
2025-07-28 16:54:05 | [32mINFO[0m | yolo_detector.ui.gradio_app:use_example_image:195 - 使用示例图像: 1004_20250525_090415.jpg
2025-07-28 16:54:06 | [32mINFO[0m | yolo_detector.core.detector:detect:459 - 图像分割完成
2025-07-28 16:54:06 | [32mINFO[0m | yolo_detector.ui.gradio_app:detect_image:134 - 检测完成: 3 个对象
2025-07-28 16:54:06 | [32mINFO[0m | yolo_detector.utils.file_utils:get_image_files:68 - 找到 969 个图像文件在 D:\Python\00雪橇打标\20250525
2025-07-28 16:54:06 | [32mINFO[0m | yolo_detector.utils.file_utils:get_example_images:164 - 获取 12 个示例图像
2025-07-28 16:54:06 | [32mINFO[0m | yolo_detector.ui.gradio_app:use_example_image:195 - 使用示例图像: 1005_20250525_222234.jpg
2025-07-28 16:54:07 | [32mINFO[0m | yolo_detector.core.detector:detect:459 - 图像分割完成
2025-07-28 16:54:07 | [32mINFO[0m | yolo_detector.ui.gradio_app:detect_image:134 - 检测完成: 6 个对象
2025-07-28 16:54:07 | [32mINFO[0m | yolo_detector.utils.file_utils:get_image_files:68 - 找到 969 个图像文件在 D:\Python\00雪橇打标\20250525
2025-07-28 16:54:07 | [32mINFO[0m | yolo_detector.utils.file_utils:get_example_images:164 - 获取 12 个示例图像
2025-07-28 16:54:07 | [32mINFO[0m | yolo_detector.ui.gradio_app:use_example_image:195 - 使用示例图像: 1007_20250525_154159.jpg
2025-07-28 16:54:08 | [32mINFO[0m | yolo_detector.core.detector:detect:459 - 图像分割完成
2025-07-28 16:54:08 | [32mINFO[0m | yolo_detector.ui.gradio_app:detect_image:134 - 检测完成: 1 个对象
2025-07-28 16:54:08 | [32mINFO[0m | yolo_detector.utils.file_utils:get_image_files:68 - 找到 969 个图像文件在 D:\Python\00雪橇打标\20250525
2025-07-28 16:54:08 | [32mINFO[0m | yolo_detector.utils.file_utils:get_example_images:164 - 获取 12 个示例图像
2025-07-28 16:54:08 | [32mINFO[0m | yolo_detector.ui.gradio_app:use_example_image:195 - 使用示例图像: 1008_20250525_125343.jpg
2025-07-28 16:54:09 | [32mINFO[0m | yolo_detector.core.detector:detect:459 - 图像分割完成
2025-07-28 16:54:09 | [32mINFO[0m | yolo_detector.ui.gradio_app:detect_image:134 - 检测完成: 2 个对象
2025-07-28 16:54:10 | [32mINFO[0m | yolo_detector.utils.file_utils:get_image_files:68 - 找到 969 个图像文件在 D:\Python\00雪橇打标\20250525
2025-07-28 16:54:10 | [32mINFO[0m | yolo_detector.utils.file_utils:get_example_images:164 - 获取 12 个示例图像
2025-07-28 16:54:10 | [32mINFO[0m | yolo_detector.ui.gradio_app:use_example_image:195 - 使用示例图像: 1009_20250525_113946.jpg
2025-07-28 16:54:11 | [32mINFO[0m | yolo_detector.core.detector:detect:459 - 图像分割完成
2025-07-28 16:54:11 | [32mINFO[0m | yolo_detector.ui.gradio_app:detect_image:134 - 检测完成: 5 个对象
2025-07-28 16:54:11 | [32mINFO[0m | yolo_detector.utils.file_utils:get_image_files:68 - 找到 969 个图像文件在 D:\Python\00雪橇打标\20250525
2025-07-28 16:54:11 | [32mINFO[0m | yolo_detector.utils.file_utils:get_example_images:164 - 获取 12 个示例图像
2025-07-28 16:54:11 | [32mINFO[0m | yolo_detector.ui.gradio_app:use_example_image:195 - 使用示例图像: 1004_20250525_214610.jpg
2025-07-28 16:54:12 | [32mINFO[0m | yolo_detector.core.detector:detect:459 - 图像分割完成
2025-07-28 16:54:12 | [32mINFO[0m | yolo_detector.ui.gradio_app:detect_image:134 - 检测完成: 4 个对象
2025-07-28 16:54:12 | [32mINFO[0m | yolo_detector.utils.file_utils:get_image_files:68 - 找到 969 个图像文件在 D:\Python\00雪橇打标\20250525
2025-07-28 16:54:12 | [32mINFO[0m | yolo_detector.utils.file_utils:get_example_images:164 - 获取 12 个示例图像
2025-07-28 16:54:12 | [32mINFO[0m | yolo_detector.ui.gradio_app:use_example_image:195 - 使用示例图像: 1006_20250525_141740.jpg
2025-07-28 16:54:13 | [32mINFO[0m | yolo_detector.core.detector:detect:459 - 图像分割完成
2025-07-28 16:54:13 | [32mINFO[0m | yolo_detector.ui.gradio_app:detect_image:134 - 检测完成: 6 个对象
2025-07-28 16:54:13 | [32mINFO[0m | yolo_detector.utils.file_utils:get_image_files:68 - 找到 969 个图像文件在 D:\Python\00雪橇打标\20250525
2025-07-28 16:54:13 | [32mINFO[0m | yolo_detector.utils.file_utils:get_example_images:164 - 获取 12 个示例图像
2025-07-28 16:54:13 | [32mINFO[0m | yolo_detector.ui.gradio_app:use_example_image:195 - 使用示例图像: 1007_20250525_154159.jpg
2025-07-28 16:54:14 | [32mINFO[0m | yolo_detector.core.detector:detect:459 - 图像分割完成
2025-07-28 16:54:14 | [32mINFO[0m | yolo_detector.ui.gradio_app:detect_image:134 - 检测完成: 1 个对象
2025-07-28 16:54:15 | [32mINFO[0m | yolo_detector.utils.file_utils:get_image_files:68 - 找到 969 个图像文件在 D:\Python\00雪橇打标\20250525
2025-07-28 16:54:15 | [32mINFO[0m | yolo_detector.utils.file_utils:get_example_images:164 - 获取 12 个示例图像
2025-07-28 16:54:15 | [32mINFO[0m | yolo_detector.ui.gradio_app:use_example_image:195 - 使用示例图像: 1008_20250525_125343.jpg
2025-07-28 16:54:16 | [32mINFO[0m | yolo_detector.core.detector:detect:459 - 图像分割完成
2025-07-28 16:54:16 | [32mINFO[0m | yolo_detector.ui.gradio_app:detect_image:134 - 检测完成: 2 个对象
2025-07-28 16:54:16 | [32mINFO[0m | yolo_detector.utils.file_utils:get_image_files:68 - 找到 969 个图像文件在 D:\Python\00雪橇打标\20250525
2025-07-28 16:54:16 | [32mINFO[0m | yolo_detector.utils.file_utils:get_example_images:164 - 获取 12 个示例图像
2025-07-28 16:54:16 | [32mINFO[0m | yolo_detector.ui.gradio_app:use_example_image:195 - 使用示例图像: 1009_20250525_113946.jpg
2025-07-28 16:54:17 | [32mINFO[0m | yolo_detector.core.detector:detect:459 - 图像分割完成
2025-07-28 16:54:17 | [32mINFO[0m | yolo_detector.utils.file_utils:get_image_files:68 - 找到 969 个图像文件在 D:\Python\00雪橇打标\20250525
2025-07-28 16:54:17 | [32mINFO[0m | yolo_detector.utils.file_utils:get_example_images:164 - 获取 12 个示例图像
2025-07-28 16:54:17 | [32mINFO[0m | yolo_detector.ui.gradio_app:detect_image:134 - 检测完成: 5 个对象
2025-07-28 16:54:17 | [32mINFO[0m | yolo_detector.ui.gradio_app:use_example_image:195 - 使用示例图像: 1004_20250525_090415.jpg
2025-07-28 16:54:18 | [32mINFO[0m | yolo_detector.core.detector:detect:459 - 图像分割完成
2025-07-28 16:54:18 | [32mINFO[0m | yolo_detector.ui.gradio_app:detect_image:134 - 检测完成: 3 个对象
2025-07-28 16:54:18 | [32mINFO[0m | yolo_detector.utils.file_utils:get_image_files:68 - 找到 969 个图像文件在 D:\Python\00雪橇打标\20250525
2025-07-28 16:54:18 | [32mINFO[0m | yolo_detector.utils.file_utils:get_example_images:164 - 获取 12 个示例图像
2025-07-28 16:54:18 | [32mINFO[0m | yolo_detector.ui.gradio_app:use_example_image:195 - 使用示例图像: 1005_20250525_222234.jpg
2025-07-28 16:54:19 | [32mINFO[0m | yolo_detector.core.detector:detect:459 - 图像分割完成
2025-07-28 16:54:19 | [32mINFO[0m | yolo_detector.ui.gradio_app:detect_image:134 - 检测完成: 6 个对象
2025-07-28 16:54:19 | [32mINFO[0m | yolo_detector.utils.file_utils:get_image_files:68 - 找到 969 个图像文件在 D:\Python\00雪橇打标\20250525
2025-07-28 16:54:19 | [32mINFO[0m | yolo_detector.utils.file_utils:get_example_images:164 - 获取 12 个示例图像
2025-07-28 16:54:19 | [32mINFO[0m | yolo_detector.ui.gradio_app:use_example_image:195 - 使用示例图像: 1007_20250525_154159.jpg
2025-07-28 16:54:20 | [32mINFO[0m | yolo_detector.core.detector:detect:459 - 图像分割完成
2025-07-28 16:54:20 | [32mINFO[0m | yolo_detector.ui.gradio_app:detect_image:134 - 检测完成: 1 个对象
2025-07-28 16:54:21 | [32mINFO[0m | yolo_detector.utils.file_utils:get_image_files:68 - 找到 969 个图像文件在 D:\Python\00雪橇打标\20250525
2025-07-28 16:54:21 | [32mINFO[0m | yolo_detector.utils.file_utils:get_example_images:164 - 获取 12 个示例图像
2025-07-28 16:54:21 | [32mINFO[0m | yolo_detector.ui.gradio_app:use_example_image:195 - 使用示例图像: 1009_20250525_113946.jpg
2025-07-28 16:54:21 | [32mINFO[0m | yolo_detector.core.detector:detect:459 - 图像分割完成
2025-07-28 16:54:22 | [32mINFO[0m | yolo_detector.ui.gradio_app:detect_image:134 - 检测完成: 5 个对象
2025-07-28 16:54:22 | [32mINFO[0m | yolo_detector.utils.file_utils:get_image_files:68 - 找到 969 个图像文件在 D:\Python\00雪橇打标\20250525
2025-07-28 16:54:22 | [32mINFO[0m | yolo_detector.utils.file_utils:get_example_images:164 - 获取 12 个示例图像
2025-07-28 16:54:22 | [32mINFO[0m | yolo_detector.ui.gradio_app:use_example_image:195 - 使用示例图像: 1004_20250525_090415.jpg
2025-07-28 16:54:23 | [32mINFO[0m | yolo_detector.core.detector:detect:459 - 图像分割完成
2025-07-28 16:54:23 | [32mINFO[0m | yolo_detector.ui.gradio_app:detect_image:134 - 检测完成: 3 个对象
2025-07-28 16:54:23 | [32mINFO[0m | yolo_detector.utils.file_utils:get_image_files:68 - 找到 969 个图像文件在 D:\Python\00雪橇打标\20250525
2025-07-28 16:54:23 | [32mINFO[0m | yolo_detector.utils.file_utils:get_example_images:164 - 获取 12 个示例图像
2025-07-28 16:54:23 | [32mINFO[0m | yolo_detector.ui.gradio_app:use_example_image:195 - 使用示例图像: 1005_20250525_110053.jpg
2025-07-28 16:54:24 | [32mINFO[0m | yolo_detector.core.detector:detect:459 - 图像分割完成
2025-07-28 16:54:24 | [32mINFO[0m | yolo_detector.ui.gradio_app:detect_image:134 - 检测完成: 7 个对象
2025-07-28 16:54:24 | [32mINFO[0m | yolo_detector.utils.file_utils:get_image_files:68 - 找到 969 个图像文件在 D:\Python\00雪橇打标\20250525
2025-07-28 16:54:24 | [32mINFO[0m | yolo_detector.utils.file_utils:get_example_images:164 - 获取 12 个示例图像
2025-07-28 16:54:24 | [32mINFO[0m | yolo_detector.ui.gradio_app:use_example_image:195 - 使用示例图像: 1007_20250525_154159.jpg
2025-07-28 16:54:25 | [32mINFO[0m | yolo_detector.core.detector:detect:459 - 图像分割完成
2025-07-28 16:54:25 | [32mINFO[0m | yolo_detector.ui.gradio_app:detect_image:134 - 检测完成: 1 个对象
2025-07-28 16:54:25 | [32mINFO[0m | yolo_detector.utils.file_utils:get_image_files:68 - 找到 969 个图像文件在 D:\Python\00雪橇打标\20250525
2025-07-28 16:54:25 | [32mINFO[0m | yolo_detector.utils.file_utils:get_example_images:164 - 获取 12 个示例图像
2025-07-28 16:54:25 | [32mINFO[0m | yolo_detector.ui.gradio_app:use_example_image:195 - 使用示例图像: 1009_20250525_113946.jpg
2025-07-28 16:54:26 | [32mINFO[0m | yolo_detector.core.detector:detect:459 - 图像分割完成
2025-07-28 16:54:27 | [32mINFO[0m | yolo_detector.ui.gradio_app:detect_image:134 - 检测完成: 5 个对象
2025-07-28 16:54:27 | [32mINFO[0m | yolo_detector.utils.file_utils:get_image_files:68 - 找到 969 个图像文件在 D:\Python\00雪橇打标\20250525
2025-07-28 16:54:27 | [32mINFO[0m | yolo_detector.utils.file_utils:get_example_images:164 - 获取 12 个示例图像
2025-07-28 16:54:27 | [32mINFO[0m | yolo_detector.ui.gradio_app:use_example_image:195 - 使用示例图像: 1005_20250525_222234.jpg
2025-07-28 16:54:28 | [32mINFO[0m | yolo_detector.core.detector:detect:459 - 图像分割完成
2025-07-28 16:54:28 | [32mINFO[0m | yolo_detector.ui.gradio_app:detect_image:134 - 检测完成: 6 个对象
2025-07-28 16:54:28 | [32mINFO[0m | yolo_detector.utils.file_utils:get_image_files:68 - 找到 969 个图像文件在 D:\Python\00雪橇打标\20250525
2025-07-28 16:54:28 | [32mINFO[0m | yolo_detector.utils.file_utils:get_example_images:164 - 获取 12 个示例图像
2025-07-28 16:54:28 | [32mINFO[0m | yolo_detector.ui.gradio_app:use_example_image:195 - 使用示例图像: 1008_20250525_125343.jpg
2025-07-28 16:54:29 | [32mINFO[0m | yolo_detector.core.detector:detect:459 - 图像分割完成
2025-07-28 16:54:29 | [32mINFO[0m | yolo_detector.ui.gradio_app:detect_image:134 - 检测完成: 2 个对象
2025-07-28 16:54:29 | [32mINFO[0m | yolo_detector.utils.file_utils:get_image_files:68 - 找到 969 个图像文件在 D:\Python\00雪橇打标\20250525
2025-07-28 16:54:29 | [32mINFO[0m | yolo_detector.utils.file_utils:get_example_images:164 - 获取 12 个示例图像
2025-07-28 16:54:29 | [32mINFO[0m | yolo_detector.ui.gradio_app:use_example_image:195 - 使用示例图像: 1004_20250525_214610.jpg
2025-07-28 16:54:30 | [32mINFO[0m | yolo_detector.core.detector:detect:459 - 图像分割完成
2025-07-28 16:54:30 | [32mINFO[0m | yolo_detector.ui.gradio_app:detect_image:134 - 检测完成: 4 个对象
2025-07-28 16:54:30 | [32mINFO[0m | yolo_detector.utils.file_utils:get_image_files:68 - 找到 969 个图像文件在 D:\Python\00雪橇打标\20250525
2025-07-28 16:54:30 | [32mINFO[0m | yolo_detector.utils.file_utils:get_example_images:164 - 获取 12 个示例图像
2025-07-28 16:54:30 | [32mINFO[0m | yolo_detector.ui.gradio_app:use_example_image:195 - 使用示例图像: 1007_20250525_062726.jpg
2025-07-28 16:54:31 | [32mINFO[0m | yolo_detector.core.detector:detect:459 - 图像分割完成
2025-07-28 16:54:31 | [32mINFO[0m | yolo_detector.ui.gradio_app:detect_image:134 - 检测完成: 1 个对象
2025-07-28 16:54:31 | [32mINFO[0m | yolo_detector.utils.file_utils:get_image_files:68 - 找到 969 个图像文件在 D:\Python\00雪橇打标\20250525
2025-07-28 16:54:31 | [32mINFO[0m | yolo_detector.utils.file_utils:get_example_images:164 - 获取 12 个示例图像
2025-07-28 16:54:31 | [32mINFO[0m | yolo_detector.ui.gradio_app:use_example_image:195 - 使用示例图像: 1008_20250525_234155.jpg
2025-07-28 16:54:32 | [32mINFO[0m | yolo_detector.core.detector:detect:459 - 图像分割完成
2025-07-28 16:54:32 | [32mINFO[0m | yolo_detector.ui.gradio_app:detect_image:134 - 检测完成: 1 个对象
2025-07-28 16:54:33 | [32mINFO[0m | yolo_detector.utils.file_utils:get_image_files:68 - 找到 969 个图像文件在 D:\Python\00雪橇打标\20250525
2025-07-28 16:54:33 | [32mINFO[0m | yolo_detector.utils.file_utils:get_example_images:164 - 获取 12 个示例图像
2025-07-28 16:54:33 | [32mINFO[0m | yolo_detector.ui.gradio_app:use_example_image:195 - 使用示例图像: 1005_20250525_222234.jpg
2025-07-28 16:54:34 | [32mINFO[0m | yolo_detector.core.detector:detect:459 - 图像分割完成
2025-07-28 16:54:34 | [32mINFO[0m | yolo_detector.utils.file_utils:get_image_files:68 - 找到 969 个图像文件在 D:\Python\00雪橇打标\20250525
2025-07-28 16:54:34 | [32mINFO[0m | yolo_detector.utils.file_utils:get_example_images:164 - 获取 12 个示例图像
2025-07-28 16:54:34 | [32mINFO[0m | yolo_detector.ui.gradio_app:detect_image:134 - 检测完成: 6 个对象
2025-07-28 16:54:34 | [32mINFO[0m | yolo_detector.ui.gradio_app:use_example_image:195 - 使用示例图像: 1008_20250525_125343.jpg
2025-07-28 16:54:35 | [32mINFO[0m | yolo_detector.core.detector:detect:459 - 图像分割完成
2025-07-28 16:54:35 | [32mINFO[0m | yolo_detector.ui.gradio_app:detect_image:134 - 检测完成: 2 个对象
2025-07-28 16:54:35 | [32mINFO[0m | yolo_detector.utils.file_utils:get_image_files:68 - 找到 969 个图像文件在 D:\Python\00雪橇打标\20250525
2025-07-28 16:54:35 | [32mINFO[0m | yolo_detector.utils.file_utils:get_example_images:164 - 获取 12 个示例图像
2025-07-28 16:54:35 | [32mINFO[0m | yolo_detector.ui.gradio_app:use_example_image:195 - 使用示例图像: 1005_20250525_222234.jpg
2025-07-28 16:54:36 | [32mINFO[0m | yolo_detector.core.detector:detect:459 - 图像分割完成
2025-07-28 16:54:36 | [32mINFO[0m | yolo_detector.ui.gradio_app:detect_image:134 - 检测完成: 6 个对象
2025-07-28 16:54:36 | [32mINFO[0m | yolo_detector.utils.file_utils:get_image_files:68 - 找到 969 个图像文件在 D:\Python\00雪橇打标\20250525
2025-07-28 16:54:36 | [32mINFO[0m | yolo_detector.utils.file_utils:get_example_images:164 - 获取 12 个示例图像
2025-07-28 16:54:36 | [32mINFO[0m | yolo_detector.ui.gradio_app:use_example_image:195 - 使用示例图像: 1008_20250525_125343.jpg
2025-07-28 16:54:37 | [32mINFO[0m | yolo_detector.core.detector:detect:459 - 图像分割完成
2025-07-28 16:54:37 | [32mINFO[0m | yolo_detector.ui.gradio_app:detect_image:134 - 检测完成: 2 个对象
2025-07-28 16:54:37 | [32mINFO[0m | yolo_detector.utils.file_utils:get_image_files:68 - 找到 969 个图像文件在 D:\Python\00雪橇打标\20250525
2025-07-28 16:54:37 | [32mINFO[0m | yolo_detector.utils.file_utils:get_example_images:164 - 获取 12 个示例图像
2025-07-28 16:54:37 | [32mINFO[0m | yolo_detector.ui.gradio_app:use_example_image:195 - 使用示例图像: 1005_20250525_110053.jpg
2025-07-28 16:54:38 | [32mINFO[0m | yolo_detector.core.detector:detect:459 - 图像分割完成
2025-07-28 16:54:38 | [32mINFO[0m | yolo_detector.utils.file_utils:get_image_files:68 - 找到 969 个图像文件在 D:\Python\00雪橇打标\20250525
2025-07-28 16:54:38 | [32mINFO[0m | yolo_detector.utils.file_utils:get_example_images:164 - 获取 12 个示例图像
2025-07-28 16:54:38 | [32mINFO[0m | yolo_detector.ui.gradio_app:detect_image:134 - 检测完成: 7 个对象
2025-07-28 16:54:38 | [32mINFO[0m | yolo_detector.ui.gradio_app:use_example_image:195 - 使用示例图像: 1008_20250525_051509.jpg
2025-07-28 16:54:40 | [32mINFO[0m | yolo_detector.core.detector:detect:459 - 图像分割完成
2025-07-28 16:54:40 | [32mINFO[0m | yolo_detector.ui.gradio_app:detect_image:134 - 检测完成: 3 个对象
2025-07-28 16:54:40 | [32mINFO[0m | yolo_detector.utils.file_utils:get_image_files:68 - 找到 969 个图像文件在 D:\Python\00雪橇打标\20250525
2025-07-28 16:54:40 | [32mINFO[0m | yolo_detector.utils.file_utils:get_example_images:164 - 获取 12 个示例图像
2025-07-28 16:54:40 | [32mINFO[0m | yolo_detector.ui.gradio_app:use_example_image:195 - 使用示例图像: 1004_20250525_214610.jpg
2025-07-28 16:54:41 | [32mINFO[0m | yolo_detector.core.detector:detect:459 - 图像分割完成
2025-07-28 16:54:41 | [32mINFO[0m | yolo_detector.ui.gradio_app:detect_image:134 - 检测完成: 4 个对象
2025-07-28 16:54:41 | [32mINFO[0m | yolo_detector.utils.file_utils:get_image_files:68 - 找到 969 个图像文件在 D:\Python\00雪橇打标\20250525
2025-07-28 16:54:41 | [32mINFO[0m | yolo_detector.utils.file_utils:get_example_images:164 - 获取 12 个示例图像
2025-07-28 16:54:41 | [32mINFO[0m | yolo_detector.ui.gradio_app:use_example_image:195 - 使用示例图像: 1008_20250525_051509.jpg
2025-07-28 16:54:42 | [32mINFO[0m | yolo_detector.core.detector:detect:459 - 图像分割完成
2025-07-28 16:54:42 | [32mINFO[0m | yolo_detector.ui.gradio_app:detect_image:134 - 检测完成: 3 个对象
2025-07-28 16:54:42 | [32mINFO[0m | yolo_detector.utils.file_utils:get_image_files:68 - 找到 969 个图像文件在 D:\Python\00雪橇打标\20250525
2025-07-28 16:54:42 | [32mINFO[0m | yolo_detector.utils.file_utils:get_example_images:164 - 获取 12 个示例图像
2025-07-28 16:54:42 | [32mINFO[0m | yolo_detector.ui.gradio_app:use_example_image:195 - 使用示例图像: 1004_20250525_090415.jpg
2025-07-28 16:54:43 | [32mINFO[0m | yolo_detector.core.detector:detect:459 - 图像分割完成
2025-07-28 16:54:43 | [32mINFO[0m | yolo_detector.ui.gradio_app:detect_image:134 - 检测完成: 3 个对象
2025-07-28 16:54:43 | [32mINFO[0m | yolo_detector.utils.file_utils:get_image_files:68 - 找到 969 个图像文件在 D:\Python\00雪橇打标\20250525
2025-07-28 16:54:43 | [32mINFO[0m | yolo_detector.utils.file_utils:get_example_images:164 - 获取 12 个示例图像
2025-07-28 16:54:43 | [32mINFO[0m | yolo_detector.ui.gradio_app:use_example_image:195 - 使用示例图像: 1007_20250525_062726.jpg
2025-07-28 16:54:44 | [32mINFO[0m | yolo_detector.core.detector:detect:459 - 图像分割完成
2025-07-28 16:54:44 | [32mINFO[0m | yolo_detector.ui.gradio_app:detect_image:134 - 检测完成: 1 个对象
2025-07-28 16:54:44 | [32mINFO[0m | yolo_detector.utils.file_utils:get_image_files:68 - 找到 969 个图像文件在 D:\Python\00雪橇打标\20250525
2025-07-28 16:54:44 | [32mINFO[0m | yolo_detector.utils.file_utils:get_example_images:164 - 获取 12 个示例图像
2025-07-28 16:54:44 | [32mINFO[0m | yolo_detector.ui.gradio_app:use_example_image:195 - 使用示例图像: 1011_20250525_112818.jpg
2025-07-28 16:54:45 | [32mINFO[0m | yolo_detector.core.detector:detect:459 - 图像分割完成
2025-07-28 16:54:45 | [32mINFO[0m | yolo_detector.ui.gradio_app:detect_image:134 - 检测完成: 3 个对象
2025-07-28 21:43:35 | [32mINFO[0m | yolo_detector.config.settings:_load_config:49 - 成功加载配置文件: D:\00deeplearn\yolo11\gradi_yolo\configs\default.yaml
2025-07-28 21:43:35 | [32mINFO[0m | yolo_detector.config.settings:_validate_config:126 - 配置验证完成
2025-07-28 21:43:35 | [32mINFO[0m | __main__:setup_environment:36 - 环境设置完成
2025-07-28 21:43:35 | [32mINFO[0m | yolo_detector.models.model_loader:unload_all_models:201 - 所有模型已卸载
2025-07-28 21:47:47 | [32mINFO[0m | yolo_detector.config.settings:_load_config:49 - 成功加载配置文件: D:\00deeplearn\yolo11\gradi_yolo\configs\default.yaml
2025-07-28 21:47:47 | [32mINFO[0m | yolo_detector.config.settings:_validate_config:126 - 配置验证完成
2025-07-28 21:47:47 | [32mINFO[0m | __main__:setup_environment:36 - 环境设置完成
2025-07-28 21:47:47 | [32mINFO[0m | __main__:run_batch_processing:75 - 开始批量处理: D:/Python/00雪橇打标/20250525
2025-07-28 21:47:47 | [32mINFO[0m | yolo_detector.core.batch_processor:process_folder:79 - 扫描图像文件: D:/Python/00雪橇打标/20250525
2025-07-28 21:47:47 | [32mINFO[0m | yolo_detector.utils.file_utils:get_image_files:68 - 找到 969 个图像文件在 D:\Python\00雪橇打标\20250525
2025-07-28 21:47:47 | [32mINFO[0m | yolo_detector.core.batch_processor:process_folder:92 - 找到 969 个图像文件
2025-07-28 21:47:47 | [32mINFO[0m | yolo_detector.models.model_loader:load_model:81 - 开始加载segmentation模型: D:/00deeplearn/yolo11/【2】训练模型/seg/train2_new/weights/best.pt
2025-07-28 21:47:48 | [32mINFO[0m | yolo_detector.models.model_loader:load_model:92 - 成功加载segmentation模型: D:/00deeplearn/yolo11/【2】训练模型/seg/train2_new/weights/best.pt
2025-07-28 21:47:48 | [32mINFO[0m | yolo_detector.core.detector:load_model:408 - 图像分割模型加载成功
2025-07-28 21:47:52 | [32mINFO[0m | yolo_detector.core.detector:detect:459 - 图像分割完成
2025-07-28 21:47:52 | [32mINFO[0m | yolo_detector.core.detector:detect:459 - 图像分割完成
2025-07-28 21:47:53 | [32mINFO[0m | yolo_detector.core.detector:detect:459 - 图像分割完成
2025-07-28 21:47:53 | [32mINFO[0m | yolo_detector.core.detector:detect:459 - 图像分割完成
2025-07-28 21:47:53 | [32mINFO[0m | yolo_detector.core.detector:detect:459 - 图像分割完成
2025-07-28 21:47:54 | [32mINFO[0m | yolo_detector.core.detector:detect:459 - 图像分割完成
2025-07-28 21:47:54 | [32mINFO[0m | yolo_detector.core.detector:detect:459 - 图像分割完成
2025-07-28 21:47:55 | [32mINFO[0m | yolo_detector.core.detector:detect:459 - 图像分割完成
2025-07-28 21:47:55 | [32mINFO[0m | yolo_detector.core.detector:detect:459 - 图像分割完成
2025-07-28 21:47:56 | [32mINFO[0m | yolo_detector.core.detector:detect:459 - 图像分割完成
2025-07-28 21:47:56 | [32mINFO[0m | yolo_detector.core.batch_processor:_process_images_batch:182 - 已处理 10/969 张图像
2025-07-28 21:47:56 | [32mINFO[0m | yolo_detector.core.detector:detect:459 - 图像分割完成
2025-07-28 21:47:56 | [32mINFO[0m | yolo_detector.core.detector:detect:459 - 图像分割完成
2025-07-28 21:47:57 | [32mINFO[0m | yolo_detector.core.detector:detect:459 - 图像分割完成
2025-07-28 21:47:57 | [32mINFO[0m | yolo_detector.core.detector:detect:459 - 图像分割完成
2025-07-28 21:47:58 | [32mINFO[0m | yolo_detector.core.detector:detect:459 - 图像分割完成
2025-07-28 21:47:58 | [32mINFO[0m | yolo_detector.core.detector:detect:459 - 图像分割完成
2025-07-28 21:47:59 | [32mINFO[0m | yolo_detector.core.detector:detect:459 - 图像分割完成
2025-07-28 21:47:59 | [32mINFO[0m | yolo_detector.core.detector:detect:459 - 图像分割完成
2025-07-28 21:47:59 | [32mINFO[0m | yolo_detector.core.detector:detect:459 - 图像分割完成
2025-07-28 21:48:00 | [32mINFO[0m | yolo_detector.core.detector:detect:459 - 图像分割完成
2025-07-28 21:48:00 | [32mINFO[0m | yolo_detector.core.batch_processor:_process_images_batch:182 - 已处理 20/969 张图像
2025-07-28 21:48:00 | [32mINFO[0m | yolo_detector.core.detector:detect:459 - 图像分割完成
2025-07-28 21:48:01 | [32mINFO[0m | yolo_detector.core.detector:detect:459 - 图像分割完成
2025-07-28 21:48:01 | [32mINFO[0m | yolo_detector.core.detector:detect:459 - 图像分割完成
2025-07-28 21:48:01 | [32mINFO[0m | yolo_detector.core.detector:detect:459 - 图像分割完成
2025-07-28 21:48:02 | [32mINFO[0m | yolo_detector.core.detector:detect:459 - 图像分割完成
2025-07-28 21:48:02 | [32mINFO[0m | yolo_detector.core.detector:detect:459 - 图像分割完成
2025-07-28 21:48:03 | [32mINFO[0m | yolo_detector.core.detector:detect:459 - 图像分割完成
2025-07-28 21:48:03 | [32mINFO[0m | yolo_detector.core.detector:detect:459 - 图像分割完成
2025-07-28 21:48:04 | [32mINFO[0m | yolo_detector.core.detector:detect:459 - 图像分割完成
2025-07-28 21:48:04 | [32mINFO[0m | yolo_detector.core.detector:detect:459 - 图像分割完成
2025-07-28 21:48:04 | [32mINFO[0m | yolo_detector.core.batch_processor:_process_images_batch:182 - 已处理 30/969 张图像
2025-07-28 21:48:05 | [32mINFO[0m | yolo_detector.core.detector:detect:459 - 图像分割完成
2025-07-28 21:48:05 | [32mINFO[0m | yolo_detector.core.detector:detect:459 - 图像分割完成
2025-07-28 21:48:05 | [32mINFO[0m | yolo_detector.core.detector:detect:459 - 图像分割完成
2025-07-28 21:48:06 | [32mINFO[0m | yolo_detector.core.detector:detect:459 - 图像分割完成
2025-07-28 21:48:06 | [32mINFO[0m | yolo_detector.core.detector:detect:459 - 图像分割完成
2025-07-28 21:48:07 | [32mINFO[0m | yolo_detector.core.detector:detect:459 - 图像分割完成
2025-07-28 21:48:07 | [32mINFO[0m | yolo_detector.core.detector:detect:459 - 图像分割完成
2025-07-28 21:48:07 | [32mINFO[0m | yolo_detector.core.detector:detect:459 - 图像分割完成
2025-07-28 21:48:08 | [32mINFO[0m | yolo_detector.core.detector:detect:459 - 图像分割完成
2025-07-28 21:48:08 | [32mINFO[0m | yolo_detector.core.detector:detect:459 - 图像分割完成
2025-07-28 21:48:08 | [32mINFO[0m | yolo_detector.core.batch_processor:_process_images_batch:182 - 已处理 40/969 张图像
2025-07-28 21:48:09 | [32mINFO[0m | yolo_detector.core.detector:detect:459 - 图像分割完成
2025-07-28 21:48:09 | [32mINFO[0m | yolo_detector.core.detector:detect:459 - 图像分割完成
2025-07-28 21:48:10 | [32mINFO[0m | yolo_detector.core.detector:detect:459 - 图像分割完成
2025-07-28 21:48:10 | [32mINFO[0m | yolo_detector.core.detector:detect:459 - 图像分割完成
2025-07-28 21:48:10 | [32mINFO[0m | yolo_detector.core.detector:detect:459 - 图像分割完成
2025-07-28 21:48:11 | [32mINFO[0m | yolo_detector.core.detector:detect:459 - 图像分割完成
2025-07-28 21:48:11 | [32mINFO[0m | yolo_detector.core.detector:detect:459 - 图像分割完成
2025-07-28 21:48:12 | [32mINFO[0m | yolo_detector.core.detector:detect:459 - 图像分割完成
2025-07-28 21:48:12 | [32mINFO[0m | yolo_detector.core.detector:detect:459 - 图像分割完成
2025-07-28 21:48:12 | [32mINFO[0m | yolo_detector.core.detector:detect:459 - 图像分割完成
2025-07-28 21:48:12 | [32mINFO[0m | yolo_detector.core.batch_processor:_process_images_batch:182 - 已处理 50/969 张图像
2025-07-28 21:48:13 | [32mINFO[0m | yolo_detector.core.detector:detect:459 - 图像分割完成
2025-07-28 21:48:13 | [32mINFO[0m | yolo_detector.core.detector:detect:459 - 图像分割完成
2025-07-28 21:48:14 | [32mINFO[0m | yolo_detector.core.detector:detect:459 - 图像分割完成
2025-07-28 21:48:14 | [32mINFO[0m | yolo_detector.core.detector:detect:459 - 图像分割完成
2025-07-28 21:48:15 | [32mINFO[0m | yolo_detector.core.detector:detect:459 - 图像分割完成
2025-07-28 21:48:15 | [32mINFO[0m | yolo_detector.core.detector:detect:459 - 图像分割完成
2025-07-28 21:48:16 | [32mINFO[0m | yolo_detector.core.detector:detect:459 - 图像分割完成
2025-07-28 21:48:16 | [32mINFO[0m | yolo_detector.core.detector:detect:459 - 图像分割完成
2025-07-28 21:48:16 | [32mINFO[0m | yolo_detector.core.detector:detect:459 - 图像分割完成
2025-07-28 21:48:17 | [32mINFO[0m | yolo_detector.core.detector:detect:459 - 图像分割完成
2025-07-28 21:48:17 | [32mINFO[0m | yolo_detector.core.batch_processor:_process_images_batch:182 - 已处理 60/969 张图像
2025-07-28 21:48:17 | [32mINFO[0m | yolo_detector.core.detector:detect:459 - 图像分割完成
2025-07-28 21:48:18 | [32mINFO[0m | yolo_detector.core.detector:detect:459 - 图像分割完成
2025-07-28 21:48:18 | [32mINFO[0m | yolo_detector.core.detector:detect:459 - 图像分割完成
2025-07-28 21:48:18 | [32mINFO[0m | yolo_detector.core.detector:detect:459 - 图像分割完成
2025-07-28 21:48:19 | [32mINFO[0m | yolo_detector.core.detector:detect:459 - 图像分割完成
2025-07-28 21:48:19 | [32mINFO[0m | yolo_detector.core.detector:detect:459 - 图像分割完成
2025-07-28 21:48:20 | [32mINFO[0m | yolo_detector.core.detector:detect:459 - 图像分割完成
2025-07-28 21:48:20 | [32mINFO[0m | yolo_detector.core.detector:detect:459 - 图像分割完成
2025-07-28 21:48:21 | [32mINFO[0m | yolo_detector.core.detector:detect:459 - 图像分割完成
2025-07-28 21:48:21 | [32mINFO[0m | yolo_detector.core.detector:detect:459 - 图像分割完成
2025-07-28 21:48:21 | [32mINFO[0m | yolo_detector.core.batch_processor:_process_images_batch:182 - 已处理 70/969 张图像
2025-07-28 21:48:21 | [32mINFO[0m | yolo_detector.core.detector:detect:459 - 图像分割完成
2025-07-28 21:48:22 | [32mINFO[0m | yolo_detector.core.detector:detect:459 - 图像分割完成
2025-07-28 21:48:22 | [32mINFO[0m | yolo_detector.core.detector:detect:459 - 图像分割完成
2025-07-28 21:48:23 | [32mINFO[0m | yolo_detector.core.detector:detect:459 - 图像分割完成
2025-07-28 21:48:23 | [32mINFO[0m | yolo_detector.core.detector:detect:459 - 图像分割完成
2025-07-28 21:48:23 | [32mINFO[0m | yolo_detector.core.detector:detect:459 - 图像分割完成
2025-07-28 21:48:24 | [32mINFO[0m | yolo_detector.core.detector:detect:459 - 图像分割完成
2025-07-28 21:48:24 | [32mINFO[0m | yolo_detector.core.detector:detect:459 - 图像分割完成
2025-07-28 21:48:25 | [32mINFO[0m | yolo_detector.core.detector:detect:459 - 图像分割完成
2025-07-28 21:48:25 | [32mINFO[0m | yolo_detector.core.detector:detect:459 - 图像分割完成
2025-07-28 21:48:25 | [32mINFO[0m | yolo_detector.core.batch_processor:_process_images_batch:182 - 已处理 80/969 张图像
2025-07-28 21:48:26 | [32mINFO[0m | yolo_detector.core.detector:detect:459 - 图像分割完成
2025-07-28 21:48:26 | [32mINFO[0m | yolo_detector.core.detector:detect:459 - 图像分割完成
2025-07-28 21:48:26 | [32mINFO[0m | yolo_detector.core.detector:detect:459 - 图像分割完成
2025-07-28 21:48:27 | [32mINFO[0m | yolo_detector.core.detector:detect:459 - 图像分割完成
2025-07-28 21:48:27 | [32mINFO[0m | yolo_detector.core.detector:detect:459 - 图像分割完成
2025-07-28 21:48:28 | [32mINFO[0m | yolo_detector.core.detector:detect:459 - 图像分割完成
2025-07-28 21:48:28 | [32mINFO[0m | yolo_detector.core.detector:detect:459 - 图像分割完成
2025-07-28 21:48:29 | [32mINFO[0m | yolo_detector.core.detector:detect:459 - 图像分割完成
2025-07-28 21:48:29 | [32mINFO[0m | yolo_detector.core.detector:detect:459 - 图像分割完成
2025-07-28 21:48:29 | [32mINFO[0m | yolo_detector.core.detector:detect:459 - 图像分割完成
2025-07-28 21:48:29 | [32mINFO[0m | yolo_detector.core.batch_processor:_process_images_batch:182 - 已处理 90/969 张图像
2025-07-28 21:48:30 | [32mINFO[0m | yolo_detector.core.detector:detect:459 - 图像分割完成
2025-07-28 21:48:30 | [32mINFO[0m | yolo_detector.core.detector:detect:459 - 图像分割完成
2025-07-28 21:48:31 | [32mINFO[0m | yolo_detector.core.detector:detect:459 - 图像分割完成
2025-07-28 21:48:31 | [32mINFO[0m | yolo_detector.core.detector:detect:459 - 图像分割完成
2025-07-28 21:48:32 | [32mINFO[0m | yolo_detector.core.detector:detect:459 - 图像分割完成
2025-07-28 21:48:32 | [32mINFO[0m | yolo_detector.core.detector:detect:459 - 图像分割完成
2025-07-28 21:48:32 | [32mINFO[0m | yolo_detector.core.detector:detect:459 - 图像分割完成
2025-07-28 21:48:33 | [32mINFO[0m | yolo_detector.core.detector:detect:459 - 图像分割完成
2025-07-28 21:48:33 | [32mINFO[0m | yolo_detector.core.detector:detect:459 - 图像分割完成
2025-07-28 21:48:34 | [32mINFO[0m | yolo_detector.core.detector:detect:459 - 图像分割完成
2025-07-28 21:48:34 | [32mINFO[0m | yolo_detector.core.batch_processor:_process_images_batch:182 - 已处理 100/969 张图像
2025-07-28 21:48:34 | [32mINFO[0m | yolo_detector.core.detector:detect:459 - 图像分割完成
2025-07-28 21:48:34 | [32mINFO[0m | yolo_detector.core.detector:detect:459 - 图像分割完成
2025-07-28 21:48:35 | [32mINFO[0m | yolo_detector.core.detector:detect:459 - 图像分割完成
2025-07-28 21:48:35 | [32mINFO[0m | yolo_detector.core.detector:detect:459 - 图像分割完成
2025-07-28 21:48:36 | [32mINFO[0m | yolo_detector.core.detector:detect:459 - 图像分割完成
2025-07-28 21:48:36 | [32mINFO[0m | yolo_detector.core.detector:detect:459 - 图像分割完成
2025-07-28 21:48:37 | [32mINFO[0m | yolo_detector.core.detector:detect:459 - 图像分割完成
2025-07-28 21:48:37 | [32mINFO[0m | yolo_detector.core.detector:detect:459 - 图像分割完成
2025-07-28 21:48:37 | [32mINFO[0m | yolo_detector.core.detector:detect:459 - 图像分割完成
2025-07-28 21:48:38 | [32mINFO[0m | yolo_detector.core.detector:detect:459 - 图像分割完成
2025-07-28 21:48:38 | [32mINFO[0m | yolo_detector.core.batch_processor:_process_images_batch:182 - 已处理 110/969 张图像
2025-07-28 21:48:38 | [32mINFO[0m | yolo_detector.core.detector:detect:459 - 图像分割完成
2025-07-28 21:48:39 | [32mINFO[0m | yolo_detector.core.detector:detect:459 - 图像分割完成
2025-07-28 21:48:39 | [32mINFO[0m | yolo_detector.core.detector:detect:459 - 图像分割完成
2025-07-28 21:48:39 | [32mINFO[0m | yolo_detector.core.detector:detect:459 - 图像分割完成
2025-07-28 21:48:40 | [32mINFO[0m | yolo_detector.core.detector:detect:459 - 图像分割完成
2025-07-28 21:48:40 | [32mINFO[0m | yolo_detector.core.detector:detect:459 - 图像分割完成
2025-07-28 21:48:41 | [32mINFO[0m | yolo_detector.core.detector:detect:459 - 图像分割完成
2025-07-28 21:48:41 | [32mINFO[0m | yolo_detector.core.detector:detect:459 - 图像分割完成
2025-07-28 21:48:42 | [32mINFO[0m | yolo_detector.core.detector:detect:459 - 图像分割完成
2025-07-28 21:48:42 | [32mINFO[0m | yolo_detector.core.detector:detect:459 - 图像分割完成
2025-07-28 21:48:42 | [32mINFO[0m | yolo_detector.core.batch_processor:_process_images_batch:182 - 已处理 120/969 张图像
2025-07-28 21:48:43 | [32mINFO[0m | yolo_detector.core.detector:detect:459 - 图像分割完成
2025-07-28 21:48:43 | [32mINFO[0m | yolo_detector.core.detector:detect:459 - 图像分割完成
2025-07-28 21:48:44 | [32mINFO[0m | yolo_detector.core.detector:detect:459 - 图像分割完成
2025-07-28 21:48:44 | [32mINFO[0m | yolo_detector.core.detector:detect:459 - 图像分割完成
2025-07-28 21:48:45 | [32mINFO[0m | yolo_detector.core.detector:detect:459 - 图像分割完成
2025-07-28 21:48:45 | [32mINFO[0m | yolo_detector.core.detector:detect:459 - 图像分割完成
2025-07-28 21:48:46 | [32mINFO[0m | yolo_detector.core.detector:detect:459 - 图像分割完成
2025-07-28 21:48:46 | [32mINFO[0m | yolo_detector.core.detector:detect:459 - 图像分割完成
2025-07-28 21:48:47 | [32mINFO[0m | yolo_detector.core.detector:detect:459 - 图像分割完成
2025-07-28 21:48:47 | [32mINFO[0m | yolo_detector.core.detector:detect:459 - 图像分割完成
2025-07-28 21:48:47 | [32mINFO[0m | yolo_detector.core.batch_processor:_process_images_batch:182 - 已处理 130/969 张图像
2025-07-28 21:48:48 | [32mINFO[0m | yolo_detector.core.detector:detect:459 - 图像分割完成
2025-07-28 21:48:48 | [32mINFO[0m | yolo_detector.core.detector:detect:459 - 图像分割完成
2025-07-28 21:48:48 | [32mINFO[0m | yolo_detector.core.detector:detect:459 - 图像分割完成
2025-07-28 21:48:49 | [32mINFO[0m | yolo_detector.core.detector:detect:459 - 图像分割完成
2025-07-28 21:48:49 | [32mINFO[0m | yolo_detector.core.detector:detect:459 - 图像分割完成
2025-07-28 21:48:50 | [32mINFO[0m | yolo_detector.core.detector:detect:459 - 图像分割完成
2025-07-28 21:48:50 | [32mINFO[0m | yolo_detector.core.detector:detect:459 - 图像分割完成
2025-07-28 21:48:51 | [32mINFO[0m | yolo_detector.core.detector:detect:459 - 图像分割完成
2025-07-28 21:48:51 | [32mINFO[0m | yolo_detector.core.detector:detect:459 - 图像分割完成
2025-07-28 21:48:51 | [32mINFO[0m | yolo_detector.core.detector:detect:459 - 图像分割完成
2025-07-28 21:48:51 | [32mINFO[0m | yolo_detector.core.batch_processor:_process_images_batch:182 - 已处理 140/969 张图像
2025-07-28 21:48:52 | [32mINFO[0m | yolo_detector.core.detector:detect:459 - 图像分割完成
2025-07-28 21:48:52 | [32mINFO[0m | yolo_detector.core.detector:detect:459 - 图像分割完成
2025-07-28 21:48:53 | [32mINFO[0m | yolo_detector.core.detector:detect:459 - 图像分割完成
2025-07-28 21:48:53 | [32mINFO[0m | yolo_detector.core.detector:detect:459 - 图像分割完成
2025-07-28 21:48:54 | [32mINFO[0m | yolo_detector.core.detector:detect:459 - 图像分割完成
2025-07-28 21:48:54 | [32mINFO[0m | yolo_detector.core.detector:detect:459 - 图像分割完成
2025-07-28 21:48:54 | [32mINFO[0m | yolo_detector.core.detector:detect:459 - 图像分割完成
2025-07-28 21:48:55 | [32mINFO[0m | yolo_detector.core.detector:detect:459 - 图像分割完成
2025-07-28 21:48:55 | [32mINFO[0m | yolo_detector.core.detector:detect:459 - 图像分割完成
2025-07-28 21:48:56 | [32mINFO[0m | yolo_detector.core.detector:detect:459 - 图像分割完成
2025-07-28 21:48:56 | [32mINFO[0m | yolo_detector.core.batch_processor:_process_images_batch:182 - 已处理 150/969 张图像
2025-07-28 21:48:56 | [32mINFO[0m | yolo_detector.core.detector:detect:459 - 图像分割完成
2025-07-28 21:48:56 | [32mINFO[0m | yolo_detector.core.detector:detect:459 - 图像分割完成
2025-07-28 21:48:57 | [32mINFO[0m | yolo_detector.core.detector:detect:459 - 图像分割完成
2025-07-28 21:48:57 | [32mINFO[0m | yolo_detector.core.detector:detect:459 - 图像分割完成
2025-07-28 21:48:58 | [32mINFO[0m | yolo_detector.core.detector:detect:459 - 图像分割完成
2025-07-28 21:48:58 | [32mINFO[0m | yolo_detector.core.detector:detect:459 - 图像分割完成
2025-07-28 21:48:58 | [32mINFO[0m | yolo_detector.core.detector:detect:459 - 图像分割完成
2025-07-28 21:48:59 | [32mINFO[0m | yolo_detector.core.detector:detect:459 - 图像分割完成
2025-07-28 21:48:59 | [32mINFO[0m | yolo_detector.core.detector:detect:459 - 图像分割完成
2025-07-28 21:49:00 | [32mINFO[0m | yolo_detector.core.detector:detect:459 - 图像分割完成
2025-07-28 21:49:00 | [32mINFO[0m | yolo_detector.core.batch_processor:_process_images_batch:182 - 已处理 160/969 张图像
2025-07-28 21:49:00 | [32mINFO[0m | yolo_detector.core.detector:detect:459 - 图像分割完成
2025-07-28 21:49:01 | [32mINFO[0m | yolo_detector.core.detector:detect:459 - 图像分割完成
2025-07-28 21:49:01 | [32mINFO[0m | yolo_detector.core.detector:detect:459 - 图像分割完成
2025-07-28 21:49:01 | [32mINFO[0m | yolo_detector.core.detector:detect:459 - 图像分割完成
2025-07-28 21:49:02 | [32mINFO[0m | yolo_detector.core.detector:detect:459 - 图像分割完成
2025-07-28 21:49:02 | [32mINFO[0m | yolo_detector.core.detector:detect:459 - 图像分割完成
2025-07-28 21:49:03 | [32mINFO[0m | yolo_detector.core.detector:detect:459 - 图像分割完成
2025-07-28 21:49:03 | [32mINFO[0m | yolo_detector.core.detector:detect:459 - 图像分割完成
2025-07-28 21:49:04 | [32mINFO[0m | yolo_detector.core.detector:detect:459 - 图像分割完成
2025-07-28 21:49:04 | [32mINFO[0m | yolo_detector.core.detector:detect:459 - 图像分割完成
2025-07-28 21:49:04 | [32mINFO[0m | yolo_detector.core.batch_processor:_process_images_batch:182 - 已处理 170/969 张图像
2025-07-28 21:49:04 | [32mINFO[0m | yolo_detector.core.detector:detect:459 - 图像分割完成
2025-07-28 21:49:05 | [32mINFO[0m | yolo_detector.core.detector:detect:459 - 图像分割完成
2025-07-28 21:49:05 | [32mINFO[0m | yolo_detector.core.detector:detect:459 - 图像分割完成
2025-07-28 21:49:06 | [32mINFO[0m | yolo_detector.core.detector:detect:459 - 图像分割完成
2025-07-28 21:49:06 | [32mINFO[0m | yolo_detector.core.detector:detect:459 - 图像分割完成
2025-07-28 21:49:07 | [32mINFO[0m | yolo_detector.core.detector:detect:459 - 图像分割完成
2025-07-28 21:49:07 | [32mINFO[0m | yolo_detector.core.detector:detect:459 - 图像分割完成
2025-07-28 21:49:07 | [32mINFO[0m | yolo_detector.core.detector:detect:459 - 图像分割完成
2025-07-28 21:49:08 | [32mINFO[0m | yolo_detector.core.detector:detect:459 - 图像分割完成
2025-07-28 21:49:08 | [32mINFO[0m | yolo_detector.core.detector:detect:459 - 图像分割完成
2025-07-28 21:49:08 | [32mINFO[0m | yolo_detector.core.batch_processor:_process_images_batch:182 - 已处理 180/969 张图像
2025-07-28 21:49:09 | [32mINFO[0m | yolo_detector.core.detector:detect:459 - 图像分割完成
2025-07-28 21:49:09 | [32mINFO[0m | yolo_detector.core.detector:detect:459 - 图像分割完成
2025-07-28 21:49:10 | [32mINFO[0m | yolo_detector.core.detector:detect:459 - 图像分割完成
2025-07-28 21:49:10 | [32mINFO[0m | yolo_detector.core.detector:detect:459 - 图像分割完成
2025-07-28 21:49:11 | [32mINFO[0m | yolo_detector.core.detector:detect:459 - 图像分割完成
2025-07-28 21:49:11 | [32mINFO[0m | yolo_detector.core.detector:detect:459 - 图像分割完成
2025-07-28 21:49:11 | [32mINFO[0m | yolo_detector.core.detector:detect:459 - 图像分割完成
2025-07-28 21:49:12 | [32mINFO[0m | yolo_detector.core.detector:detect:459 - 图像分割完成
2025-07-28 21:49:12 | [32mINFO[0m | yolo_detector.core.detector:detect:459 - 图像分割完成
2025-07-28 21:49:13 | [32mINFO[0m | yolo_detector.core.detector:detect:459 - 图像分割完成
2025-07-28 21:49:13 | [32mINFO[0m | yolo_detector.core.batch_processor:_process_images_batch:182 - 已处理 190/969 张图像
2025-07-28 21:49:13 | [32mINFO[0m | yolo_detector.core.detector:detect:459 - 图像分割完成
2025-07-28 21:49:13 | [32mINFO[0m | yolo_detector.core.detector:detect:459 - 图像分割完成
2025-07-28 21:49:14 | [32mINFO[0m | yolo_detector.core.detector:detect:459 - 图像分割完成
2025-07-28 21:49:14 | [32mINFO[0m | yolo_detector.core.detector:detect:459 - 图像分割完成
2025-07-28 21:49:15 | [32mINFO[0m | yolo_detector.core.detector:detect:459 - 图像分割完成
2025-07-28 21:49:15 | [32mINFO[0m | yolo_detector.core.detector:detect:459 - 图像分割完成
2025-07-28 21:49:16 | [32mINFO[0m | yolo_detector.core.detector:detect:459 - 图像分割完成
2025-07-28 21:49:16 | [32mINFO[0m | yolo_detector.core.detector:detect:459 - 图像分割完成
2025-07-28 21:49:16 | [32mINFO[0m | yolo_detector.core.detector:detect:459 - 图像分割完成
2025-07-28 21:49:17 | [32mINFO[0m | yolo_detector.core.detector:detect:459 - 图像分割完成
2025-07-28 21:49:17 | [32mINFO[0m | yolo_detector.core.batch_processor:_process_images_batch:182 - 已处理 200/969 张图像
2025-07-28 21:49:17 | [32mINFO[0m | yolo_detector.core.detector:detect:459 - 图像分割完成
2025-07-28 21:49:18 | [32mINFO[0m | yolo_detector.core.detector:detect:459 - 图像分割完成
2025-07-28 21:49:18 | [32mINFO[0m | yolo_detector.core.detector:detect:459 - 图像分割完成
2025-07-28 21:49:19 | [32mINFO[0m | yolo_detector.core.detector:detect:459 - 图像分割完成
2025-07-28 21:49:19 | [32mINFO[0m | yolo_detector.core.detector:detect:459 - 图像分割完成
2025-07-28 21:49:19 | [32mINFO[0m | yolo_detector.core.detector:detect:459 - 图像分割完成
2025-07-28 21:49:20 | [32mINFO[0m | yolo_detector.core.detector:detect:459 - 图像分割完成
2025-07-28 21:49:20 | [32mINFO[0m | yolo_detector.core.detector:detect:459 - 图像分割完成
2025-07-28 21:49:21 | [32mINFO[0m | yolo_detector.core.detector:detect:459 - 图像分割完成
2025-07-28 21:49:21 | [32mINFO[0m | yolo_detector.core.detector:detect:459 - 图像分割完成
2025-07-28 21:49:21 | [32mINFO[0m | yolo_detector.core.batch_processor:_process_images_batch:182 - 已处理 210/969 张图像
2025-07-28 21:49:22 | [32mINFO[0m | yolo_detector.core.detector:detect:459 - 图像分割完成
2025-07-28 21:49:22 | [32mINFO[0m | yolo_detector.core.detector:detect:459 - 图像分割完成
2025-07-28 21:49:22 | [32mINFO[0m | yolo_detector.core.detector:detect:459 - 图像分割完成
2025-07-28 21:49:23 | [32mINFO[0m | yolo_detector.core.detector:detect:459 - 图像分割完成
2025-07-28 21:49:24 | [32mINFO[0m | yolo_detector.core.detector:detect:459 - 图像分割完成
2025-07-28 21:49:24 | [32mINFO[0m | yolo_detector.core.detector:detect:459 - 图像分割完成
2025-07-28 21:49:24 | [32mINFO[0m | yolo_detector.core.detector:detect:459 - 图像分割完成
2025-07-28 21:49:25 | [32mINFO[0m | yolo_detector.core.detector:detect:459 - 图像分割完成
2025-07-28 21:49:25 | [32mINFO[0m | yolo_detector.core.detector:detect:459 - 图像分割完成
2025-07-28 21:49:26 | [32mINFO[0m | yolo_detector.core.detector:detect:459 - 图像分割完成
2025-07-28 21:49:26 | [32mINFO[0m | yolo_detector.core.batch_processor:_process_images_batch:182 - 已处理 220/969 张图像
2025-07-28 21:49:26 | [32mINFO[0m | yolo_detector.core.detector:detect:459 - 图像分割完成
2025-07-28 21:49:27 | [32mINFO[0m | yolo_detector.core.detector:detect:459 - 图像分割完成
2025-07-28 21:49:27 | [32mINFO[0m | yolo_detector.core.detector:detect:459 - 图像分割完成
2025-07-28 21:49:27 | [32mINFO[0m | yolo_detector.core.detector:detect:459 - 图像分割完成
2025-07-28 21:49:28 | [32mINFO[0m | yolo_detector.core.detector:detect:459 - 图像分割完成
2025-07-28 21:49:28 | [32mINFO[0m | yolo_detector.core.detector:detect:459 - 图像分割完成
2025-07-28 21:49:29 | [32mINFO[0m | yolo_detector.core.detector:detect:459 - 图像分割完成
2025-07-28 21:49:29 | [32mINFO[0m | yolo_detector.core.detector:detect:459 - 图像分割完成
2025-07-28 21:49:29 | [32mINFO[0m | yolo_detector.core.detector:detect:459 - 图像分割完成
2025-07-28 21:49:30 | [32mINFO[0m | yolo_detector.core.detector:detect:459 - 图像分割完成
2025-07-28 21:49:30 | [32mINFO[0m | yolo_detector.core.batch_processor:_process_images_batch:182 - 已处理 230/969 张图像
2025-07-28 21:49:30 | [32mINFO[0m | yolo_detector.core.detector:detect:459 - 图像分割完成
2025-07-28 21:49:31 | [32mINFO[0m | yolo_detector.core.detector:detect:459 - 图像分割完成
2025-07-28 21:49:31 | [32mINFO[0m | yolo_detector.core.detector:detect:459 - 图像分割完成
2025-07-28 21:49:32 | [32mINFO[0m | yolo_detector.core.detector:detect:459 - 图像分割完成
2025-07-28 21:49:32 | [32mINFO[0m | yolo_detector.core.detector:detect:459 - 图像分割完成
2025-07-28 21:49:32 | [32mINFO[0m | yolo_detector.core.detector:detect:459 - 图像分割完成
2025-07-28 21:49:33 | [32mINFO[0m | yolo_detector.core.detector:detect:459 - 图像分割完成
2025-07-28 21:49:33 | [32mINFO[0m | yolo_detector.core.detector:detect:459 - 图像分割完成
2025-07-28 21:49:34 | [32mINFO[0m | yolo_detector.core.detector:detect:459 - 图像分割完成
2025-07-28 21:49:34 | [32mINFO[0m | yolo_detector.core.detector:detect:459 - 图像分割完成
2025-07-28 21:49:34 | [32mINFO[0m | yolo_detector.core.batch_processor:_process_images_batch:182 - 已处理 240/969 张图像
2025-07-28 21:49:34 | [32mINFO[0m | yolo_detector.core.detector:detect:459 - 图像分割完成
2025-07-28 21:49:35 | [32mINFO[0m | yolo_detector.core.detector:detect:459 - 图像分割完成
2025-07-28 21:49:35 | [32mINFO[0m | yolo_detector.core.detector:detect:459 - 图像分割完成
2025-07-28 21:49:36 | [32mINFO[0m | yolo_detector.core.detector:detect:459 - 图像分割完成
2025-07-28 21:49:36 | [32mINFO[0m | yolo_detector.core.detector:detect:459 - 图像分割完成
2025-07-28 21:49:37 | [32mINFO[0m | yolo_detector.core.detector:detect:459 - 图像分割完成
2025-07-28 21:49:37 | [32mINFO[0m | yolo_detector.core.detector:detect:459 - 图像分割完成
2025-07-28 21:49:37 | [32mINFO[0m | yolo_detector.core.detector:detect:459 - 图像分割完成
2025-07-28 21:49:38 | [32mINFO[0m | yolo_detector.core.detector:detect:459 - 图像分割完成
2025-07-28 21:49:38 | [32mINFO[0m | yolo_detector.core.detector:detect:459 - 图像分割完成
2025-07-28 21:49:38 | [32mINFO[0m | yolo_detector.core.batch_processor:_process_images_batch:182 - 已处理 250/969 张图像
2025-07-28 21:49:39 | [32mINFO[0m | yolo_detector.core.detector:detect:459 - 图像分割完成
2025-07-28 21:49:39 | [32mINFO[0m | yolo_detector.core.detector:detect:459 - 图像分割完成
2025-07-28 21:49:40 | [32mINFO[0m | yolo_detector.core.detector:detect:459 - 图像分割完成
2025-07-28 21:49:40 | [32mINFO[0m | yolo_detector.core.detector:detect:459 - 图像分割完成
2025-07-28 21:49:40 | [32mINFO[0m | yolo_detector.core.detector:detect:459 - 图像分割完成
2025-07-28 21:49:41 | [32mINFO[0m | yolo_detector.core.detector:detect:459 - 图像分割完成
2025-07-28 21:49:41 | [32mINFO[0m | yolo_detector.core.detector:detect:459 - 图像分割完成
2025-07-28 21:49:42 | [32mINFO[0m | yolo_detector.core.detector:detect:459 - 图像分割完成
2025-07-28 21:49:42 | [32mINFO[0m | yolo_detector.core.detector:detect:459 - 图像分割完成
2025-07-28 21:49:43 | [32mINFO[0m | yolo_detector.core.detector:detect:459 - 图像分割完成
2025-07-28 21:49:43 | [32mINFO[0m | yolo_detector.core.batch_processor:_process_images_batch:182 - 已处理 260/969 张图像
2025-07-28 21:49:43 | [32mINFO[0m | yolo_detector.core.detector:detect:459 - 图像分割完成
2025-07-28 21:49:43 | [32mINFO[0m | yolo_detector.core.detector:detect:459 - 图像分割完成
2025-07-28 21:49:44 | [32mINFO[0m | yolo_detector.core.detector:detect:459 - 图像分割完成
2025-07-28 21:49:44 | [32mINFO[0m | yolo_detector.core.detector:detect:459 - 图像分割完成
2025-07-28 21:49:45 | [32mINFO[0m | yolo_detector.core.detector:detect:459 - 图像分割完成
2025-07-28 21:49:45 | [32mINFO[0m | yolo_detector.core.detector:detect:459 - 图像分割完成
2025-07-28 21:49:46 | [32mINFO[0m | yolo_detector.core.detector:detect:459 - 图像分割完成
2025-07-28 21:49:46 | [32mINFO[0m | yolo_detector.core.detector:detect:459 - 图像分割完成
2025-07-28 21:49:47 | [32mINFO[0m | yolo_detector.core.detector:detect:459 - 图像分割完成
2025-07-28 21:49:47 | [32mINFO[0m | yolo_detector.core.detector:detect:459 - 图像分割完成
2025-07-28 21:49:47 | [32mINFO[0m | yolo_detector.core.batch_processor:_process_images_batch:182 - 已处理 270/969 张图像
2025-07-28 21:49:48 | [32mINFO[0m | yolo_detector.core.detector:detect:459 - 图像分割完成
2025-07-28 21:49:48 | [32mINFO[0m | yolo_detector.core.detector:detect:459 - 图像分割完成
2025-07-28 21:49:49 | [32mINFO[0m | yolo_detector.core.detector:detect:459 - 图像分割完成
2025-07-28 21:49:49 | [32mINFO[0m | yolo_detector.core.detector:detect:459 - 图像分割完成
2025-07-28 21:49:50 | [32mINFO[0m | yolo_detector.core.detector:detect:459 - 图像分割完成
2025-07-28 21:49:50 | [32mINFO[0m | yolo_detector.core.detector:detect:459 - 图像分割完成
2025-07-28 21:49:51 | [32mINFO[0m | yolo_detector.core.detector:detect:459 - 图像分割完成
2025-07-28 21:49:51 | [32mINFO[0m | yolo_detector.core.detector:detect:459 - 图像分割完成
2025-07-28 21:49:52 | [32mINFO[0m | yolo_detector.core.detector:detect:459 - 图像分割完成
2025-07-28 21:49:52 | [32mINFO[0m | yolo_detector.core.detector:detect:459 - 图像分割完成
2025-07-28 21:49:52 | [32mINFO[0m | yolo_detector.core.batch_processor:_process_images_batch:182 - 已处理 280/969 张图像
2025-07-28 21:49:53 | [32mINFO[0m | yolo_detector.core.detector:detect:459 - 图像分割完成
2025-07-28 21:49:53 | [32mINFO[0m | yolo_detector.core.detector:detect:459 - 图像分割完成
2025-07-28 21:49:54 | [32mINFO[0m | yolo_detector.core.detector:detect:459 - 图像分割完成
2025-07-28 21:49:54 | [32mINFO[0m | yolo_detector.core.detector:detect:459 - 图像分割完成
2025-07-28 21:49:54 | [32mINFO[0m | yolo_detector.core.detector:detect:459 - 图像分割完成
2025-07-28 21:49:55 | [32mINFO[0m | yolo_detector.core.detector:detect:459 - 图像分割完成
2025-07-28 21:49:55 | [32mINFO[0m | yolo_detector.core.detector:detect:459 - 图像分割完成
2025-07-28 21:49:56 | [32mINFO[0m | yolo_detector.core.detector:detect:459 - 图像分割完成
2025-07-28 21:49:56 | [32mINFO[0m | yolo_detector.core.detector:detect:459 - 图像分割完成
2025-07-28 21:49:56 | [32mINFO[0m | yolo_detector.core.detector:detect:459 - 图像分割完成
2025-07-28 21:49:56 | [32mINFO[0m | yolo_detector.core.batch_processor:_process_images_batch:182 - 已处理 290/969 张图像
2025-07-28 21:49:57 | [32mINFO[0m | yolo_detector.core.detector:detect:459 - 图像分割完成
2025-07-28 21:49:57 | [32mINFO[0m | yolo_detector.core.detector:detect:459 - 图像分割完成
2025-07-28 21:49:58 | [32mINFO[0m | yolo_detector.core.detector:detect:459 - 图像分割完成
2025-07-28 21:49:58 | [32mINFO[0m | yolo_detector.core.detector:detect:459 - 图像分割完成
2025-07-28 21:49:58 | [32mINFO[0m | yolo_detector.core.detector:detect:459 - 图像分割完成
2025-07-28 21:49:59 | [32mINFO[0m | yolo_detector.core.detector:detect:459 - 图像分割完成
2025-07-28 21:49:59 | [32mINFO[0m | yolo_detector.core.detector:detect:459 - 图像分割完成
2025-07-28 21:50:00 | [32mINFO[0m | yolo_detector.core.detector:detect:459 - 图像分割完成
2025-07-28 21:50:00 | [32mINFO[0m | yolo_detector.core.detector:detect:459 - 图像分割完成
2025-07-28 21:50:01 | [32mINFO[0m | yolo_detector.core.detector:detect:459 - 图像分割完成
2025-07-28 21:50:01 | [32mINFO[0m | yolo_detector.core.batch_processor:_process_images_batch:182 - 已处理 300/969 张图像
2025-07-28 21:50:01 | [32mINFO[0m | yolo_detector.core.detector:detect:459 - 图像分割完成
2025-07-28 21:50:02 | [32mINFO[0m | yolo_detector.core.detector:detect:459 - 图像分割完成
2025-07-28 21:50:02 | [32mINFO[0m | yolo_detector.core.detector:detect:459 - 图像分割完成
2025-07-28 21:50:02 | [32mINFO[0m | yolo_detector.core.detector:detect:459 - 图像分割完成
2025-07-28 21:50:03 | [32mINFO[0m | yolo_detector.core.detector:detect:459 - 图像分割完成
2025-07-28 21:50:03 | [32mINFO[0m | yolo_detector.core.detector:detect:459 - 图像分割完成
2025-07-28 21:50:04 | [32mINFO[0m | yolo_detector.core.detector:detect:459 - 图像分割完成
2025-07-28 21:50:04 | [32mINFO[0m | yolo_detector.core.detector:detect:459 - 图像分割完成
2025-07-28 21:50:05 | [32mINFO[0m | yolo_detector.core.detector:detect:459 - 图像分割完成
2025-07-28 21:50:05 | [32mINFO[0m | yolo_detector.core.detector:detect:459 - 图像分割完成
2025-07-28 21:50:05 | [32mINFO[0m | yolo_detector.core.batch_processor:_process_images_batch:182 - 已处理 310/969 张图像
2025-07-28 21:50:05 | [32mINFO[0m | yolo_detector.core.detector:detect:459 - 图像分割完成
2025-07-28 21:50:06 | [32mINFO[0m | yolo_detector.core.detector:detect:459 - 图像分割完成
2025-07-28 21:50:06 | [32mINFO[0m | yolo_detector.core.detector:detect:459 - 图像分割完成
2025-07-28 21:50:07 | [32mINFO[0m | yolo_detector.core.detector:detect:459 - 图像分割完成
2025-07-28 21:50:07 | [32mINFO[0m | yolo_detector.core.detector:detect:459 - 图像分割完成
2025-07-28 21:50:08 | [32mINFO[0m | yolo_detector.core.detector:detect:459 - 图像分割完成
2025-07-28 21:50:08 | [32mINFO[0m | yolo_detector.core.detector:detect:459 - 图像分割完成
2025-07-28 21:50:08 | [32mINFO[0m | yolo_detector.core.detector:detect:459 - 图像分割完成
2025-07-28 21:50:09 | [32mINFO[0m | yolo_detector.core.detector:detect:459 - 图像分割完成
2025-07-28 21:50:09 | [32mINFO[0m | yolo_detector.core.detector:detect:459 - 图像分割完成
2025-07-28 21:50:09 | [32mINFO[0m | yolo_detector.core.batch_processor:_process_images_batch:182 - 已处理 320/969 张图像
2025-07-28 21:50:10 | [32mINFO[0m | yolo_detector.core.detector:detect:459 - 图像分割完成
2025-07-28 21:50:10 | [32mINFO[0m | yolo_detector.core.detector:detect:459 - 图像分割完成
2025-07-28 21:50:10 | [32mINFO[0m | yolo_detector.core.detector:detect:459 - 图像分割完成
2025-07-28 21:50:11 | [32mINFO[0m | yolo_detector.core.detector:detect:459 - 图像分割完成
2025-07-28 21:50:11 | [32mINFO[0m | yolo_detector.core.detector:detect:459 - 图像分割完成
2025-07-28 21:50:12 | [32mINFO[0m | yolo_detector.core.detector:detect:459 - 图像分割完成
2025-07-28 21:50:12 | [32mINFO[0m | yolo_detector.core.detector:detect:459 - 图像分割完成
2025-07-28 21:50:12 | [32mINFO[0m | yolo_detector.core.detector:detect:459 - 图像分割完成
2025-07-28 21:50:13 | [32mINFO[0m | yolo_detector.core.detector:detect:459 - 图像分割完成
2025-07-28 21:50:13 | [32mINFO[0m | yolo_detector.core.detector:detect:459 - 图像分割完成
2025-07-28 21:50:13 | [32mINFO[0m | yolo_detector.core.batch_processor:_process_images_batch:182 - 已处理 330/969 张图像
2025-07-28 21:50:14 | [32mINFO[0m | yolo_detector.core.detector:detect:459 - 图像分割完成
2025-07-28 21:50:14 | [32mINFO[0m | yolo_detector.core.detector:detect:459 - 图像分割完成
2025-07-28 21:50:15 | [32mINFO[0m | yolo_detector.core.detector:detect:459 - 图像分割完成
2025-07-28 21:50:15 | [32mINFO[0m | yolo_detector.core.detector:detect:459 - 图像分割完成
2025-07-28 21:50:15 | [32mINFO[0m | yolo_detector.core.detector:detect:459 - 图像分割完成
2025-07-28 21:50:16 | [32mINFO[0m | yolo_detector.core.detector:detect:459 - 图像分割完成
2025-07-28 21:50:16 | [32mINFO[0m | yolo_detector.core.detector:detect:459 - 图像分割完成
2025-07-28 21:50:17 | [32mINFO[0m | yolo_detector.core.detector:detect:459 - 图像分割完成
2025-07-28 21:50:17 | [32mINFO[0m | yolo_detector.core.detector:detect:459 - 图像分割完成
2025-07-28 21:50:18 | [32mINFO[0m | yolo_detector.core.detector:detect:459 - 图像分割完成
2025-07-28 21:50:18 | [32mINFO[0m | yolo_detector.core.batch_processor:_process_images_batch:182 - 已处理 340/969 张图像
2025-07-28 21:50:18 | [32mINFO[0m | yolo_detector.core.detector:detect:459 - 图像分割完成
2025-07-28 21:50:18 | [32mINFO[0m | yolo_detector.core.detector:detect:459 - 图像分割完成
2025-07-28 21:50:19 | [32mINFO[0m | yolo_detector.core.detector:detect:459 - 图像分割完成
2025-07-28 21:50:19 | [32mINFO[0m | yolo_detector.core.detector:detect:459 - 图像分割完成
2025-07-28 21:50:20 | [32mINFO[0m | yolo_detector.core.detector:detect:459 - 图像分割完成
2025-07-28 21:50:20 | [32mINFO[0m | yolo_detector.core.detector:detect:459 - 图像分割完成
2025-07-28 21:50:21 | [32mINFO[0m | yolo_detector.core.detector:detect:459 - 图像分割完成
2025-07-28 21:50:21 | [32mINFO[0m | yolo_detector.core.detector:detect:459 - 图像分割完成
2025-07-28 21:50:21 | [32mINFO[0m | yolo_detector.core.detector:detect:459 - 图像分割完成
2025-07-28 21:50:22 | [32mINFO[0m | yolo_detector.core.detector:detect:459 - 图像分割完成
2025-07-28 21:50:22 | [32mINFO[0m | yolo_detector.core.batch_processor:_process_images_batch:182 - 已处理 350/969 张图像
2025-07-28 21:50:22 | [32mINFO[0m | yolo_detector.core.detector:detect:459 - 图像分割完成
2025-07-28 21:50:23 | [32mINFO[0m | yolo_detector.core.detector:detect:459 - 图像分割完成
2025-07-28 21:50:23 | [32mINFO[0m | yolo_detector.core.detector:detect:459 - 图像分割完成
2025-07-28 21:50:23 | [32mINFO[0m | yolo_detector.core.detector:detect:459 - 图像分割完成
2025-07-28 21:50:24 | [32mINFO[0m | yolo_detector.core.detector:detect:459 - 图像分割完成
2025-07-28 21:50:24 | [32mINFO[0m | yolo_detector.core.detector:detect:459 - 图像分割完成
2025-07-28 21:50:25 | [32mINFO[0m | yolo_detector.core.detector:detect:459 - 图像分割完成
2025-07-28 21:50:25 | [32mINFO[0m | yolo_detector.core.detector:detect:459 - 图像分割完成
2025-07-28 21:50:25 | [32mINFO[0m | yolo_detector.core.detector:detect:459 - 图像分割完成
2025-07-28 21:50:26 | [32mINFO[0m | yolo_detector.core.detector:detect:459 - 图像分割完成
2025-07-28 21:50:26 | [32mINFO[0m | yolo_detector.core.batch_processor:_process_images_batch:182 - 已处理 360/969 张图像
2025-07-28 21:50:26 | [32mINFO[0m | yolo_detector.core.detector:detect:459 - 图像分割完成
2025-07-28 21:50:27 | [32mINFO[0m | yolo_detector.core.detector:detect:459 - 图像分割完成
2025-07-28 21:50:27 | [32mINFO[0m | yolo_detector.core.detector:detect:459 - 图像分割完成
2025-07-28 21:50:28 | [32mINFO[0m | yolo_detector.core.detector:detect:459 - 图像分割完成
2025-07-28 21:50:28 | [32mINFO[0m | yolo_detector.core.detector:detect:459 - 图像分割完成
2025-07-28 21:50:28 | [32mINFO[0m | yolo_detector.core.detector:detect:459 - 图像分割完成
2025-07-28 21:50:29 | [32mINFO[0m | yolo_detector.core.detector:detect:459 - 图像分割完成
2025-07-28 21:50:29 | [32mINFO[0m | yolo_detector.core.detector:detect:459 - 图像分割完成
2025-07-28 21:50:30 | [32mINFO[0m | yolo_detector.core.detector:detect:459 - 图像分割完成
2025-07-28 21:50:30 | [32mINFO[0m | yolo_detector.core.detector:detect:459 - 图像分割完成
2025-07-28 21:50:30 | [32mINFO[0m | yolo_detector.core.batch_processor:_process_images_batch:182 - 已处理 370/969 张图像
2025-07-28 21:50:31 | [32mINFO[0m | yolo_detector.core.detector:detect:459 - 图像分割完成
2025-07-28 21:50:31 | [32mINFO[0m | yolo_detector.core.detector:detect:459 - 图像分割完成
2025-07-28 21:50:31 | [32mINFO[0m | yolo_detector.core.detector:detect:459 - 图像分割完成
2025-07-28 21:50:32 | [32mINFO[0m | yolo_detector.core.detector:detect:459 - 图像分割完成
2025-07-28 21:50:32 | [32mINFO[0m | yolo_detector.core.detector:detect:459 - 图像分割完成
2025-07-28 21:50:33 | [32mINFO[0m | yolo_detector.core.detector:detect:459 - 图像分割完成
2025-07-28 21:50:33 | [32mINFO[0m | yolo_detector.core.detector:detect:459 - 图像分割完成
2025-07-28 21:50:33 | [32mINFO[0m | yolo_detector.core.detector:detect:459 - 图像分割完成
2025-07-28 21:50:34 | [32mINFO[0m | yolo_detector.core.detector:detect:459 - 图像分割完成
2025-07-28 21:50:34 | [32mINFO[0m | yolo_detector.core.detector:detect:459 - 图像分割完成
2025-07-28 21:50:34 | [32mINFO[0m | yolo_detector.core.batch_processor:_process_images_batch:182 - 已处理 380/969 张图像
2025-07-28 21:50:35 | [32mINFO[0m | yolo_detector.core.detector:detect:459 - 图像分割完成
2025-07-28 21:50:35 | [32mINFO[0m | yolo_detector.core.detector:detect:459 - 图像分割完成
2025-07-28 21:50:36 | [32mINFO[0m | yolo_detector.core.detector:detect:459 - 图像分割完成
2025-07-28 21:50:36 | [32mINFO[0m | yolo_detector.core.detector:detect:459 - 图像分割完成
2025-07-28 21:50:36 | [32mINFO[0m | yolo_detector.core.detector:detect:459 - 图像分割完成
2025-07-28 21:50:37 | [32mINFO[0m | yolo_detector.core.detector:detect:459 - 图像分割完成
2025-07-28 21:50:37 | [32mINFO[0m | yolo_detector.core.detector:detect:459 - 图像分割完成
2025-07-28 21:50:38 | [32mINFO[0m | yolo_detector.core.detector:detect:459 - 图像分割完成
2025-07-28 21:50:38 | [32mINFO[0m | yolo_detector.core.detector:detect:459 - 图像分割完成
2025-07-28 21:50:38 | [32mINFO[0m | yolo_detector.core.detector:detect:459 - 图像分割完成
2025-07-28 21:50:38 | [32mINFO[0m | yolo_detector.core.batch_processor:_process_images_batch:182 - 已处理 390/969 张图像
2025-07-28 21:50:39 | [32mINFO[0m | yolo_detector.core.detector:detect:459 - 图像分割完成
2025-07-28 21:50:39 | [32mINFO[0m | yolo_detector.core.detector:detect:459 - 图像分割完成
2025-07-28 21:50:40 | [32mINFO[0m | yolo_detector.core.detector:detect:459 - 图像分割完成
2025-07-28 21:50:40 | [32mINFO[0m | yolo_detector.core.detector:detect:459 - 图像分割完成
2025-07-28 21:50:40 | [32mINFO[0m | yolo_detector.core.detector:detect:459 - 图像分割完成
2025-07-28 21:50:41 | [32mINFO[0m | yolo_detector.core.detector:detect:459 - 图像分割完成
2025-07-28 21:50:41 | [32mINFO[0m | yolo_detector.core.detector:detect:459 - 图像分割完成
2025-07-28 21:50:42 | [32mINFO[0m | yolo_detector.core.detector:detect:459 - 图像分割完成
2025-07-28 21:50:42 | [32mINFO[0m | yolo_detector.core.detector:detect:459 - 图像分割完成
2025-07-28 21:50:43 | [32mINFO[0m | yolo_detector.core.detector:detect:459 - 图像分割完成
2025-07-28 21:50:43 | [32mINFO[0m | yolo_detector.core.batch_processor:_process_images_batch:182 - 已处理 400/969 张图像
2025-07-28 21:50:43 | [32mINFO[0m | yolo_detector.core.detector:detect:459 - 图像分割完成
2025-07-28 21:50:43 | [32mINFO[0m | yolo_detector.core.detector:detect:459 - 图像分割完成
2025-07-28 21:50:44 | [32mINFO[0m | yolo_detector.core.detector:detect:459 - 图像分割完成
2025-07-28 21:50:44 | [32mINFO[0m | yolo_detector.core.detector:detect:459 - 图像分割完成
2025-07-28 21:50:45 | [32mINFO[0m | yolo_detector.core.detector:detect:459 - 图像分割完成
2025-07-28 21:50:45 | [32mINFO[0m | yolo_detector.core.detector:detect:459 - 图像分割完成
2025-07-28 21:50:45 | [32mINFO[0m | yolo_detector.core.detector:detect:459 - 图像分割完成
2025-07-28 21:50:46 | [32mINFO[0m | yolo_detector.core.detector:detect:459 - 图像分割完成
2025-07-28 21:50:46 | [32mINFO[0m | yolo_detector.core.detector:detect:459 - 图像分割完成
2025-07-28 21:50:47 | [32mINFO[0m | yolo_detector.core.detector:detect:459 - 图像分割完成
2025-07-28 21:50:47 | [32mINFO[0m | yolo_detector.core.batch_processor:_process_images_batch:182 - 已处理 410/969 张图像
2025-07-28 21:50:47 | [32mINFO[0m | yolo_detector.core.detector:detect:459 - 图像分割完成
2025-07-28 21:50:48 | [32mINFO[0m | yolo_detector.core.detector:detect:459 - 图像分割完成
2025-07-28 21:50:48 | [32mINFO[0m | yolo_detector.core.detector:detect:459 - 图像分割完成
2025-07-28 21:50:48 | [32mINFO[0m | yolo_detector.core.detector:detect:459 - 图像分割完成
2025-07-28 21:50:49 | [32mINFO[0m | yolo_detector.core.detector:detect:459 - 图像分割完成
2025-07-28 21:50:49 | [32mINFO[0m | yolo_detector.core.detector:detect:459 - 图像分割完成
2025-07-28 21:50:50 | [32mINFO[0m | yolo_detector.core.detector:detect:459 - 图像分割完成
2025-07-28 21:50:50 | [32mINFO[0m | yolo_detector.core.detector:detect:459 - 图像分割完成
2025-07-28 21:50:51 | [32mINFO[0m | yolo_detector.core.detector:detect:459 - 图像分割完成
2025-07-28 21:50:51 | [32mINFO[0m | yolo_detector.core.detector:detect:459 - 图像分割完成
2025-07-28 21:50:51 | [32mINFO[0m | yolo_detector.core.batch_processor:_process_images_batch:182 - 已处理 420/969 张图像
2025-07-28 21:50:51 | [32mINFO[0m | yolo_detector.core.detector:detect:459 - 图像分割完成
2025-07-28 21:50:52 | [32mINFO[0m | yolo_detector.core.detector:detect:459 - 图像分割完成
2025-07-28 21:50:52 | [32mINFO[0m | yolo_detector.core.detector:detect:459 - 图像分割完成
2025-07-28 21:50:53 | [32mINFO[0m | yolo_detector.core.detector:detect:459 - 图像分割完成
2025-07-28 21:50:53 | [32mINFO[0m | yolo_detector.core.detector:detect:459 - 图像分割完成
2025-07-28 21:50:54 | [32mINFO[0m | yolo_detector.core.detector:detect:459 - 图像分割完成
2025-07-28 21:50:54 | [32mINFO[0m | yolo_detector.core.detector:detect:459 - 图像分割完成
2025-07-28 21:50:55 | [32mINFO[0m | yolo_detector.core.detector:detect:459 - 图像分割完成
2025-07-28 21:50:55 | [32mINFO[0m | yolo_detector.core.detector:detect:459 - 图像分割完成
2025-07-28 21:50:56 | [32mINFO[0m | yolo_detector.core.detector:detect:459 - 图像分割完成
2025-07-28 21:50:56 | [32mINFO[0m | yolo_detector.core.batch_processor:_process_images_batch:182 - 已处理 430/969 张图像
2025-07-28 21:50:56 | [32mINFO[0m | yolo_detector.core.detector:detect:459 - 图像分割完成
2025-07-28 21:50:57 | [32mINFO[0m | yolo_detector.core.detector:detect:459 - 图像分割完成
2025-07-28 21:50:57 | [32mINFO[0m | yolo_detector.core.detector:detect:459 - 图像分割完成
2025-07-28 21:50:58 | [32mINFO[0m | yolo_detector.core.detector:detect:459 - 图像分割完成
2025-07-28 21:50:58 | [32mINFO[0m | yolo_detector.core.detector:detect:459 - 图像分割完成
2025-07-28 21:50:59 | [32mINFO[0m | yolo_detector.core.detector:detect:459 - 图像分割完成
2025-07-28 21:50:59 | [32mINFO[0m | yolo_detector.core.detector:detect:459 - 图像分割完成
2025-07-28 21:50:59 | [32mINFO[0m | yolo_detector.core.detector:detect:459 - 图像分割完成
2025-07-28 21:51:00 | [32mINFO[0m | yolo_detector.core.detector:detect:459 - 图像分割完成
2025-07-28 21:51:00 | [32mINFO[0m | yolo_detector.core.detector:detect:459 - 图像分割完成
2025-07-28 21:51:00 | [32mINFO[0m | yolo_detector.core.batch_processor:_process_images_batch:182 - 已处理 440/969 张图像
2025-07-28 21:51:01 | [32mINFO[0m | yolo_detector.core.detector:detect:459 - 图像分割完成
2025-07-28 21:51:01 | [32mINFO[0m | yolo_detector.core.detector:detect:459 - 图像分割完成
2025-07-28 21:51:01 | [32mINFO[0m | yolo_detector.core.detector:detect:459 - 图像分割完成
2025-07-28 21:51:02 | [32mINFO[0m | yolo_detector.core.detector:detect:459 - 图像分割完成
2025-07-28 21:51:02 | [32mINFO[0m | yolo_detector.core.detector:detect:459 - 图像分割完成
2025-07-28 21:51:03 | [32mINFO[0m | yolo_detector.core.detector:detect:459 - 图像分割完成
2025-07-28 21:51:03 | [32mINFO[0m | yolo_detector.core.detector:detect:459 - 图像分割完成
2025-07-28 21:51:04 | [32mINFO[0m | yolo_detector.core.detector:detect:459 - 图像分割完成
2025-07-28 21:51:04 | [32mINFO[0m | yolo_detector.core.detector:detect:459 - 图像分割完成
2025-07-28 21:51:04 | [32mINFO[0m | yolo_detector.core.detector:detect:459 - 图像分割完成
2025-07-28 21:51:04 | [32mINFO[0m | yolo_detector.core.batch_processor:_process_images_batch:182 - 已处理 450/969 张图像
2025-07-28 21:51:05 | [32mINFO[0m | yolo_detector.core.detector:detect:459 - 图像分割完成
2025-07-28 21:51:05 | [32mINFO[0m | yolo_detector.core.detector:detect:459 - 图像分割完成
2025-07-28 21:51:06 | [32mINFO[0m | yolo_detector.core.detector:detect:459 - 图像分割完成
2025-07-28 21:51:06 | [32mINFO[0m | yolo_detector.core.detector:detect:459 - 图像分割完成
2025-07-28 21:51:06 | [32mINFO[0m | yolo_detector.core.detector:detect:459 - 图像分割完成
2025-07-28 21:51:07 | [32mINFO[0m | yolo_detector.core.detector:detect:459 - 图像分割完成
2025-07-28 21:51:07 | [32mINFO[0m | yolo_detector.core.detector:detect:459 - 图像分割完成
2025-07-28 21:51:08 | [32mINFO[0m | yolo_detector.core.detector:detect:459 - 图像分割完成
2025-07-28 21:51:08 | [32mINFO[0m | yolo_detector.core.detector:detect:459 - 图像分割完成
2025-07-28 21:51:09 | [32mINFO[0m | yolo_detector.core.detector:detect:459 - 图像分割完成
2025-07-28 21:51:09 | [32mINFO[0m | yolo_detector.core.batch_processor:_process_images_batch:182 - 已处理 460/969 张图像
2025-07-28 21:51:09 | [32mINFO[0m | yolo_detector.core.detector:detect:459 - 图像分割完成
2025-07-28 21:51:09 | [32mINFO[0m | yolo_detector.core.detector:detect:459 - 图像分割完成
2025-07-28 21:51:10 | [32mINFO[0m | yolo_detector.core.detector:detect:459 - 图像分割完成
2025-07-28 21:51:10 | [32mINFO[0m | yolo_detector.core.detector:detect:459 - 图像分割完成
2025-07-28 21:51:11 | [32mINFO[0m | yolo_detector.core.detector:detect:459 - 图像分割完成
2025-07-28 21:51:11 | [32mINFO[0m | yolo_detector.core.detector:detect:459 - 图像分割完成
2025-07-28 21:51:12 | [32mINFO[0m | yolo_detector.core.detector:detect:459 - 图像分割完成
2025-07-28 21:51:12 | [32mINFO[0m | yolo_detector.core.detector:detect:459 - 图像分割完成
2025-07-28 21:51:12 | [32mINFO[0m | yolo_detector.core.detector:detect:459 - 图像分割完成
2025-07-28 21:51:13 | [32mINFO[0m | yolo_detector.core.detector:detect:459 - 图像分割完成
2025-07-28 21:51:13 | [32mINFO[0m | yolo_detector.core.batch_processor:_process_images_batch:182 - 已处理 470/969 张图像
2025-07-28 21:51:13 | [32mINFO[0m | yolo_detector.core.detector:detect:459 - 图像分割完成
2025-07-28 21:51:14 | [32mINFO[0m | yolo_detector.core.detector:detect:459 - 图像分割完成
2025-07-28 21:51:14 | [32mINFO[0m | yolo_detector.core.detector:detect:459 - 图像分割完成
2025-07-28 21:51:14 | [32mINFO[0m | yolo_detector.core.detector:detect:459 - 图像分割完成
2025-07-28 21:51:15 | [32mINFO[0m | yolo_detector.core.detector:detect:459 - 图像分割完成
2025-07-28 21:51:15 | [32mINFO[0m | yolo_detector.core.detector:detect:459 - 图像分割完成
2025-07-28 21:51:16 | [32mINFO[0m | yolo_detector.core.detector:detect:459 - 图像分割完成
2025-07-28 21:51:16 | [32mINFO[0m | yolo_detector.core.detector:detect:459 - 图像分割完成
2025-07-28 21:51:17 | [32mINFO[0m | yolo_detector.core.detector:detect:459 - 图像分割完成
2025-07-28 21:51:17 | [32mINFO[0m | yolo_detector.core.detector:detect:459 - 图像分割完成
2025-07-28 21:51:17 | [32mINFO[0m | yolo_detector.core.batch_processor:_process_images_batch:182 - 已处理 480/969 张图像
2025-07-28 21:51:17 | [32mINFO[0m | yolo_detector.core.detector:detect:459 - 图像分割完成
2025-07-28 21:51:18 | [32mINFO[0m | yolo_detector.core.detector:detect:459 - 图像分割完成
2025-07-28 21:51:18 | [32mINFO[0m | yolo_detector.core.detector:detect:459 - 图像分割完成
2025-07-28 21:51:19 | [32mINFO[0m | yolo_detector.core.detector:detect:459 - 图像分割完成
2025-07-28 21:51:19 | [32mINFO[0m | yolo_detector.core.detector:detect:459 - 图像分割完成
2025-07-28 21:51:20 | [32mINFO[0m | yolo_detector.core.detector:detect:459 - 图像分割完成
2025-07-28 21:51:20 | [32mINFO[0m | yolo_detector.core.detector:detect:459 - 图像分割完成
2025-07-28 21:51:20 | [32mINFO[0m | yolo_detector.core.detector:detect:459 - 图像分割完成
2025-07-28 21:51:21 | [32mINFO[0m | yolo_detector.core.detector:detect:459 - 图像分割完成
2025-07-28 21:51:21 | [32mINFO[0m | yolo_detector.core.detector:detect:459 - 图像分割完成
2025-07-28 21:51:21 | [32mINFO[0m | yolo_detector.core.batch_processor:_process_images_batch:182 - 已处理 490/969 张图像
2025-07-28 21:51:22 | [32mINFO[0m | yolo_detector.core.detector:detect:459 - 图像分割完成
2025-07-28 21:51:22 | [32mINFO[0m | yolo_detector.core.detector:detect:459 - 图像分割完成
2025-07-28 21:51:22 | [32mINFO[0m | yolo_detector.core.detector:detect:459 - 图像分割完成
2025-07-28 21:51:23 | [32mINFO[0m | yolo_detector.core.detector:detect:459 - 图像分割完成
2025-07-28 21:51:23 | [32mINFO[0m | yolo_detector.core.detector:detect:459 - 图像分割完成
2025-07-28 21:51:24 | [32mINFO[0m | yolo_detector.core.detector:detect:459 - 图像分割完成
2025-07-28 21:51:24 | [32mINFO[0m | yolo_detector.core.detector:detect:459 - 图像分割完成
2025-07-28 21:51:25 | [32mINFO[0m | yolo_detector.core.detector:detect:459 - 图像分割完成
2025-07-28 21:51:25 | [32mINFO[0m | yolo_detector.core.detector:detect:459 - 图像分割完成
2025-07-28 21:51:25 | [32mINFO[0m | yolo_detector.core.detector:detect:459 - 图像分割完成
2025-07-28 21:51:25 | [32mINFO[0m | yolo_detector.core.batch_processor:_process_images_batch:182 - 已处理 500/969 张图像
2025-07-28 21:51:26 | [32mINFO[0m | yolo_detector.core.detector:detect:459 - 图像分割完成
2025-07-28 21:51:26 | [32mINFO[0m | yolo_detector.core.detector:detect:459 - 图像分割完成
2025-07-28 21:51:27 | [32mINFO[0m | yolo_detector.core.detector:detect:459 - 图像分割完成
2025-07-28 21:51:27 | [32mINFO[0m | yolo_detector.core.detector:detect:459 - 图像分割完成
2025-07-28 21:51:27 | [32mINFO[0m | yolo_detector.core.detector:detect:459 - 图像分割完成
2025-07-28 21:51:28 | [32mINFO[0m | yolo_detector.core.detector:detect:459 - 图像分割完成
2025-07-28 21:51:28 | [32mINFO[0m | yolo_detector.core.detector:detect:459 - 图像分割完成
2025-07-28 21:51:29 | [32mINFO[0m | yolo_detector.core.detector:detect:459 - 图像分割完成
2025-07-28 21:51:29 | [32mINFO[0m | yolo_detector.core.detector:detect:459 - 图像分割完成
2025-07-28 21:51:29 | [32mINFO[0m | yolo_detector.core.detector:detect:459 - 图像分割完成
2025-07-28 21:51:29 | [32mINFO[0m | yolo_detector.core.batch_processor:_process_images_batch:182 - 已处理 510/969 张图像
2025-07-28 21:51:30 | [32mINFO[0m | yolo_detector.core.detector:detect:459 - 图像分割完成
2025-07-28 21:51:30 | [32mINFO[0m | yolo_detector.core.detector:detect:459 - 图像分割完成
2025-07-28 21:51:31 | [32mINFO[0m | yolo_detector.core.detector:detect:459 - 图像分割完成
2025-07-28 21:51:31 | [32mINFO[0m | yolo_detector.core.detector:detect:459 - 图像分割完成
2025-07-28 21:51:32 | [32mINFO[0m | yolo_detector.core.detector:detect:459 - 图像分割完成
2025-07-28 21:51:32 | [32mINFO[0m | yolo_detector.core.detector:detect:459 - 图像分割完成
2025-07-28 21:51:32 | [32mINFO[0m | yolo_detector.core.detector:detect:459 - 图像分割完成
2025-07-28 21:51:33 | [32mINFO[0m | yolo_detector.core.detector:detect:459 - 图像分割完成
2025-07-28 21:51:33 | [32mINFO[0m | yolo_detector.core.detector:detect:459 - 图像分割完成
2025-07-28 21:51:34 | [32mINFO[0m | yolo_detector.core.detector:detect:459 - 图像分割完成
2025-07-28 21:51:34 | [32mINFO[0m | yolo_detector.core.batch_processor:_process_images_batch:182 - 已处理 520/969 张图像
2025-07-28 21:51:34 | [32mINFO[0m | yolo_detector.core.detector:detect:459 - 图像分割完成
2025-07-28 21:51:34 | [32mINFO[0m | yolo_detector.core.detector:detect:459 - 图像分割完成
2025-07-28 21:51:35 | [32mINFO[0m | yolo_detector.core.detector:detect:459 - 图像分割完成
2025-07-28 21:51:35 | [32mINFO[0m | yolo_detector.core.detector:detect:459 - 图像分割完成
2025-07-28 21:51:36 | [32mINFO[0m | yolo_detector.core.detector:detect:459 - 图像分割完成
2025-07-28 21:51:36 | [32mINFO[0m | yolo_detector.core.detector:detect:459 - 图像分割完成
2025-07-28 21:51:37 | [32mINFO[0m | yolo_detector.core.detector:detect:459 - 图像分割完成
2025-07-28 21:51:37 | [32mINFO[0m | yolo_detector.core.detector:detect:459 - 图像分割完成
2025-07-28 21:51:37 | [32mINFO[0m | yolo_detector.core.detector:detect:459 - 图像分割完成
2025-07-28 21:51:38 | [32mINFO[0m | yolo_detector.core.detector:detect:459 - 图像分割完成
2025-07-28 21:51:38 | [32mINFO[0m | yolo_detector.core.batch_processor:_process_images_batch:182 - 已处理 530/969 张图像
2025-07-28 21:51:38 | [32mINFO[0m | yolo_detector.core.detector:detect:459 - 图像分割完成
2025-07-28 21:51:39 | [32mINFO[0m | yolo_detector.core.detector:detect:459 - 图像分割完成
2025-07-28 21:51:39 | [32mINFO[0m | yolo_detector.core.detector:detect:459 - 图像分割完成
2025-07-28 21:51:39 | [32mINFO[0m | yolo_detector.core.detector:detect:459 - 图像分割完成
2025-07-28 21:51:40 | [32mINFO[0m | yolo_detector.core.detector:detect:459 - 图像分割完成
2025-07-28 21:51:40 | [32mINFO[0m | yolo_detector.core.detector:detect:459 - 图像分割完成
2025-07-28 21:51:41 | [32mINFO[0m | yolo_detector.core.detector:detect:459 - 图像分割完成
2025-07-28 21:51:41 | [32mINFO[0m | yolo_detector.core.detector:detect:459 - 图像分割完成
2025-07-28 21:51:42 | [32mINFO[0m | yolo_detector.core.detector:detect:459 - 图像分割完成
2025-07-28 21:51:42 | [32mINFO[0m | yolo_detector.core.detector:detect:459 - 图像分割完成
2025-07-28 21:51:42 | [32mINFO[0m | yolo_detector.core.batch_processor:_process_images_batch:182 - 已处理 540/969 张图像
2025-07-28 21:51:42 | [32mINFO[0m | yolo_detector.core.detector:detect:459 - 图像分割完成
2025-07-28 21:51:43 | [32mINFO[0m | yolo_detector.core.detector:detect:459 - 图像分割完成
2025-07-28 21:51:43 | [32mINFO[0m | yolo_detector.core.detector:detect:459 - 图像分割完成
2025-07-28 21:51:44 | [32mINFO[0m | yolo_detector.core.detector:detect:459 - 图像分割完成
2025-07-28 21:51:44 | [32mINFO[0m | yolo_detector.core.detector:detect:459 - 图像分割完成
2025-07-28 21:51:45 | [32mINFO[0m | yolo_detector.core.detector:detect:459 - 图像分割完成
2025-07-28 21:51:45 | [32mINFO[0m | yolo_detector.core.detector:detect:459 - 图像分割完成
2025-07-28 21:51:45 | [32mINFO[0m | yolo_detector.core.detector:detect:459 - 图像分割完成
2025-07-28 21:51:46 | [32mINFO[0m | yolo_detector.core.detector:detect:459 - 图像分割完成
2025-07-28 21:51:46 | [32mINFO[0m | yolo_detector.core.detector:detect:459 - 图像分割完成
2025-07-28 21:51:46 | [32mINFO[0m | yolo_detector.core.batch_processor:_process_images_batch:182 - 已处理 550/969 张图像
2025-07-28 21:51:47 | [32mINFO[0m | yolo_detector.core.detector:detect:459 - 图像分割完成
2025-07-28 21:51:47 | [32mINFO[0m | yolo_detector.core.detector:detect:459 - 图像分割完成
2025-07-28 21:51:47 | [32mINFO[0m | yolo_detector.core.detector:detect:459 - 图像分割完成
2025-07-28 21:51:48 | [32mINFO[0m | yolo_detector.core.detector:detect:459 - 图像分割完成
2025-07-28 21:51:48 | [32mINFO[0m | yolo_detector.core.detector:detect:459 - 图像分割完成
2025-07-28 21:51:49 | [32mINFO[0m | yolo_detector.core.detector:detect:459 - 图像分割完成
2025-07-28 21:51:49 | [32mINFO[0m | yolo_detector.core.detector:detect:459 - 图像分割完成
2025-07-28 21:51:49 | [32mINFO[0m | yolo_detector.core.detector:detect:459 - 图像分割完成
2025-07-28 21:51:50 | [32mINFO[0m | yolo_detector.core.detector:detect:459 - 图像分割完成
2025-07-28 21:51:50 | [32mINFO[0m | yolo_detector.core.detector:detect:459 - 图像分割完成
2025-07-28 21:51:50 | [32mINFO[0m | yolo_detector.core.batch_processor:_process_images_batch:182 - 已处理 560/969 张图像
2025-07-28 21:51:51 | [32mINFO[0m | yolo_detector.core.detector:detect:459 - 图像分割完成
2025-07-28 21:51:51 | [32mINFO[0m | yolo_detector.core.detector:detect:459 - 图像分割完成
2025-07-28 21:51:52 | [32mINFO[0m | yolo_detector.core.detector:detect:459 - 图像分割完成
2025-07-28 21:51:52 | [32mINFO[0m | yolo_detector.core.detector:detect:459 - 图像分割完成
2025-07-28 21:51:52 | [32mINFO[0m | yolo_detector.core.detector:detect:459 - 图像分割完成
2025-07-28 21:51:53 | [32mINFO[0m | yolo_detector.core.detector:detect:459 - 图像分割完成
2025-07-28 21:51:53 | [32mINFO[0m | yolo_detector.core.detector:detect:459 - 图像分割完成
2025-07-28 21:51:54 | [32mINFO[0m | yolo_detector.core.detector:detect:459 - 图像分割完成
2025-07-28 21:51:54 | [32mINFO[0m | yolo_detector.core.detector:detect:459 - 图像分割完成
2025-07-28 21:51:54 | [32mINFO[0m | yolo_detector.core.detector:detect:459 - 图像分割完成
2025-07-28 21:51:55 | [32mINFO[0m | yolo_detector.core.batch_processor:_process_images_batch:182 - 已处理 570/969 张图像
2025-07-28 21:51:55 | [32mINFO[0m | yolo_detector.core.detector:detect:459 - 图像分割完成
2025-07-28 21:51:55 | [32mINFO[0m | yolo_detector.core.detector:detect:459 - 图像分割完成
2025-07-28 21:51:56 | [32mINFO[0m | yolo_detector.core.detector:detect:459 - 图像分割完成
2025-07-28 21:51:56 | [32mINFO[0m | yolo_detector.core.detector:detect:459 - 图像分割完成
2025-07-28 21:51:57 | [32mINFO[0m | yolo_detector.core.detector:detect:459 - 图像分割完成
2025-07-28 21:51:57 | [32mINFO[0m | yolo_detector.core.detector:detect:459 - 图像分割完成
2025-07-28 21:51:57 | [32mINFO[0m | yolo_detector.core.detector:detect:459 - 图像分割完成
2025-07-28 21:51:58 | [32mINFO[0m | yolo_detector.core.detector:detect:459 - 图像分割完成
2025-07-28 21:51:58 | [32mINFO[0m | yolo_detector.core.detector:detect:459 - 图像分割完成
2025-07-28 21:51:59 | [32mINFO[0m | yolo_detector.core.detector:detect:459 - 图像分割完成
2025-07-28 21:51:59 | [32mINFO[0m | yolo_detector.core.batch_processor:_process_images_batch:182 - 已处理 580/969 张图像
2025-07-28 21:51:59 | [32mINFO[0m | yolo_detector.core.detector:detect:459 - 图像分割完成
2025-07-28 21:52:00 | [32mINFO[0m | yolo_detector.core.detector:detect:459 - 图像分割完成
2025-07-28 21:52:00 | [32mINFO[0m | yolo_detector.core.detector:detect:459 - 图像分割完成
2025-07-28 21:52:01 | [32mINFO[0m | yolo_detector.core.detector:detect:459 - 图像分割完成
2025-07-28 21:52:02 | [32mINFO[0m | yolo_detector.core.detector:detect:459 - 图像分割完成
2025-07-28 21:52:02 | [32mINFO[0m | yolo_detector.core.detector:detect:459 - 图像分割完成
2025-07-28 21:52:02 | [32mINFO[0m | yolo_detector.core.detector:detect:459 - 图像分割完成
2025-07-28 21:52:03 | [32mINFO[0m | yolo_detector.core.detector:detect:459 - 图像分割完成
2025-07-28 21:52:03 | [32mINFO[0m | yolo_detector.core.detector:detect:459 - 图像分割完成
2025-07-28 21:52:04 | [32mINFO[0m | yolo_detector.core.detector:detect:459 - 图像分割完成
2025-07-28 21:52:04 | [32mINFO[0m | yolo_detector.core.batch_processor:_process_images_batch:182 - 已处理 590/969 张图像
2025-07-28 21:52:04 | [32mINFO[0m | yolo_detector.core.detector:detect:459 - 图像分割完成
2025-07-28 21:52:05 | [32mINFO[0m | yolo_detector.core.detector:detect:459 - 图像分割完成
2025-07-28 21:52:05 | [32mINFO[0m | yolo_detector.core.detector:detect:459 - 图像分割完成
2025-07-28 21:52:06 | [32mINFO[0m | yolo_detector.core.detector:detect:459 - 图像分割完成
2025-07-28 21:52:06 | [32mINFO[0m | yolo_detector.core.detector:detect:459 - 图像分割完成
2025-07-28 21:52:06 | [32mINFO[0m | yolo_detector.core.detector:detect:459 - 图像分割完成
2025-07-28 21:52:07 | [32mINFO[0m | yolo_detector.core.detector:detect:459 - 图像分割完成
2025-07-28 21:52:07 | [32mINFO[0m | yolo_detector.core.detector:detect:459 - 图像分割完成
2025-07-28 21:52:08 | [32mINFO[0m | yolo_detector.core.detector:detect:459 - 图像分割完成
2025-07-28 21:52:08 | [32mINFO[0m | yolo_detector.core.detector:detect:459 - 图像分割完成
2025-07-28 21:52:08 | [32mINFO[0m | yolo_detector.core.batch_processor:_process_images_batch:182 - 已处理 600/969 张图像
2025-07-28 21:52:08 | [32mINFO[0m | yolo_detector.core.detector:detect:459 - 图像分割完成
2025-07-28 21:52:09 | [32mINFO[0m | yolo_detector.core.detector:detect:459 - 图像分割完成
2025-07-28 21:52:09 | [32mINFO[0m | yolo_detector.core.detector:detect:459 - 图像分割完成
2025-07-28 21:52:10 | [32mINFO[0m | yolo_detector.core.detector:detect:459 - 图像分割完成
2025-07-28 21:52:10 | [32mINFO[0m | yolo_detector.core.detector:detect:459 - 图像分割完成
2025-07-28 21:52:11 | [32mINFO[0m | yolo_detector.core.detector:detect:459 - 图像分割完成
2025-07-28 21:52:11 | [32mINFO[0m | yolo_detector.core.detector:detect:459 - 图像分割完成
2025-07-28 21:52:11 | [32mINFO[0m | yolo_detector.core.detector:detect:459 - 图像分割完成
2025-07-28 21:52:12 | [32mINFO[0m | yolo_detector.core.detector:detect:459 - 图像分割完成
2025-07-28 21:52:12 | [32mINFO[0m | yolo_detector.core.detector:detect:459 - 图像分割完成
2025-07-28 21:52:12 | [32mINFO[0m | yolo_detector.core.batch_processor:_process_images_batch:182 - 已处理 610/969 张图像
2025-07-28 21:52:13 | [32mINFO[0m | yolo_detector.core.detector:detect:459 - 图像分割完成
2025-07-28 21:52:13 | [32mINFO[0m | yolo_detector.core.detector:detect:459 - 图像分割完成
2025-07-28 21:52:13 | [32mINFO[0m | yolo_detector.core.detector:detect:459 - 图像分割完成
2025-07-28 21:52:14 | [32mINFO[0m | yolo_detector.core.detector:detect:459 - 图像分割完成
2025-07-28 21:52:14 | [32mINFO[0m | yolo_detector.core.detector:detect:459 - 图像分割完成
2025-07-28 21:52:15 | [32mINFO[0m | yolo_detector.core.detector:detect:459 - 图像分割完成
2025-07-28 21:52:15 | [32mINFO[0m | yolo_detector.core.detector:detect:459 - 图像分割完成
2025-07-28 21:52:16 | [32mINFO[0m | yolo_detector.core.detector:detect:459 - 图像分割完成
2025-07-28 21:52:16 | [32mINFO[0m | yolo_detector.core.detector:detect:459 - 图像分割完成
2025-07-28 21:52:17 | [32mINFO[0m | yolo_detector.core.detector:detect:459 - 图像分割完成
2025-07-28 21:52:17 | [32mINFO[0m | yolo_detector.core.batch_processor:_process_images_batch:182 - 已处理 620/969 张图像
2025-07-28 21:52:17 | [32mINFO[0m | yolo_detector.core.detector:detect:459 - 图像分割完成
2025-07-28 21:52:17 | [32mINFO[0m | yolo_detector.core.detector:detect:459 - 图像分割完成
2025-07-28 21:52:18 | [32mINFO[0m | yolo_detector.core.detector:detect:459 - 图像分割完成
2025-07-28 21:52:18 | [32mINFO[0m | yolo_detector.core.detector:detect:459 - 图像分割完成
2025-07-28 21:52:19 | [32mINFO[0m | yolo_detector.core.detector:detect:459 - 图像分割完成
2025-07-28 21:52:19 | [32mINFO[0m | yolo_detector.core.detector:detect:459 - 图像分割完成
2025-07-28 21:52:19 | [32mINFO[0m | yolo_detector.core.detector:detect:459 - 图像分割完成
2025-07-28 21:52:20 | [32mINFO[0m | yolo_detector.core.detector:detect:459 - 图像分割完成
2025-07-28 21:52:20 | [32mINFO[0m | yolo_detector.core.detector:detect:459 - 图像分割完成
2025-07-28 21:52:21 | [32mINFO[0m | yolo_detector.core.detector:detect:459 - 图像分割完成
2025-07-28 21:52:21 | [32mINFO[0m | yolo_detector.core.batch_processor:_process_images_batch:182 - 已处理 630/969 张图像
2025-07-28 21:52:21 | [32mINFO[0m | yolo_detector.core.detector:detect:459 - 图像分割完成
2025-07-28 21:52:21 | [32mINFO[0m | yolo_detector.core.detector:detect:459 - 图像分割完成
2025-07-28 21:52:22 | [32mINFO[0m | yolo_detector.core.detector:detect:459 - 图像分割完成
2025-07-28 21:52:22 | [32mINFO[0m | yolo_detector.core.detector:detect:459 - 图像分割完成
2025-07-28 21:52:23 | [32mINFO[0m | yolo_detector.core.detector:detect:459 - 图像分割完成
2025-07-28 21:52:23 | [32mINFO[0m | yolo_detector.core.detector:detect:459 - 图像分割完成
2025-07-28 21:52:23 | [32mINFO[0m | yolo_detector.core.detector:detect:459 - 图像分割完成
2025-07-28 21:52:24 | [32mINFO[0m | yolo_detector.core.detector:detect:459 - 图像分割完成
2025-07-28 21:52:24 | [32mINFO[0m | yolo_detector.core.detector:detect:459 - 图像分割完成
2025-07-28 21:52:25 | [32mINFO[0m | yolo_detector.core.detector:detect:459 - 图像分割完成
2025-07-28 21:52:25 | [32mINFO[0m | yolo_detector.core.batch_processor:_process_images_batch:182 - 已处理 640/969 张图像
2025-07-28 21:52:25 | [32mINFO[0m | yolo_detector.core.detector:detect:459 - 图像分割完成
2025-07-28 21:52:25 | [32mINFO[0m | yolo_detector.core.detector:detect:459 - 图像分割完成
2025-07-28 21:52:26 | [32mINFO[0m | yolo_detector.core.detector:detect:459 - 图像分割完成
2025-07-28 21:52:26 | [32mINFO[0m | yolo_detector.core.detector:detect:459 - 图像分割完成
2025-07-28 21:52:27 | [32mINFO[0m | yolo_detector.core.detector:detect:459 - 图像分割完成
2025-07-28 21:52:27 | [32mINFO[0m | yolo_detector.core.detector:detect:459 - 图像分割完成
2025-07-28 21:52:28 | [32mINFO[0m | yolo_detector.core.detector:detect:459 - 图像分割完成
2025-07-28 21:52:28 | [32mINFO[0m | yolo_detector.core.detector:detect:459 - 图像分割完成
2025-07-28 21:52:28 | [32mINFO[0m | yolo_detector.core.detector:detect:459 - 图像分割完成
2025-07-28 21:52:29 | [32mINFO[0m | yolo_detector.core.detector:detect:459 - 图像分割完成
2025-07-28 21:52:29 | [32mINFO[0m | yolo_detector.core.batch_processor:_process_images_batch:182 - 已处理 650/969 张图像
2025-07-28 21:52:29 | [32mINFO[0m | yolo_detector.core.detector:detect:459 - 图像分割完成
2025-07-28 21:52:30 | [32mINFO[0m | yolo_detector.core.detector:detect:459 - 图像分割完成
2025-07-28 21:52:30 | [32mINFO[0m | yolo_detector.core.detector:detect:459 - 图像分割完成
2025-07-28 21:52:30 | [32mINFO[0m | yolo_detector.core.detector:detect:459 - 图像分割完成
2025-07-28 21:52:31 | [32mINFO[0m | yolo_detector.core.detector:detect:459 - 图像分割完成
2025-07-28 21:52:31 | [32mINFO[0m | yolo_detector.core.detector:detect:459 - 图像分割完成
2025-07-28 21:52:32 | [32mINFO[0m | yolo_detector.core.detector:detect:459 - 图像分割完成
2025-07-28 21:52:32 | [32mINFO[0m | yolo_detector.core.detector:detect:459 - 图像分割完成
2025-07-28 21:52:32 | [32mINFO[0m | yolo_detector.core.detector:detect:459 - 图像分割完成
2025-07-28 21:52:33 | [32mINFO[0m | yolo_detector.core.detector:detect:459 - 图像分割完成
2025-07-28 21:52:33 | [32mINFO[0m | yolo_detector.core.batch_processor:_process_images_batch:182 - 已处理 660/969 张图像
2025-07-28 21:52:33 | [32mINFO[0m | yolo_detector.core.detector:detect:459 - 图像分割完成
2025-07-28 21:52:34 | [32mINFO[0m | yolo_detector.core.detector:detect:459 - 图像分割完成
2025-07-28 21:52:34 | [32mINFO[0m | yolo_detector.core.detector:detect:459 - 图像分割完成
2025-07-28 21:52:35 | [32mINFO[0m | yolo_detector.core.detector:detect:459 - 图像分割完成
2025-07-28 21:52:35 | [32mINFO[0m | yolo_detector.core.detector:detect:459 - 图像分割完成
2025-07-28 21:52:35 | [32mINFO[0m | yolo_detector.core.detector:detect:459 - 图像分割完成
2025-07-28 21:52:36 | [32mINFO[0m | yolo_detector.core.detector:detect:459 - 图像分割完成
2025-07-28 21:52:36 | [32mINFO[0m | yolo_detector.core.detector:detect:459 - 图像分割完成
2025-07-28 21:52:37 | [32mINFO[0m | yolo_detector.core.detector:detect:459 - 图像分割完成
2025-07-28 21:52:37 | [32mINFO[0m | yolo_detector.core.detector:detect:459 - 图像分割完成
2025-07-28 21:52:37 | [32mINFO[0m | yolo_detector.core.batch_processor:_process_images_batch:182 - 已处理 670/969 张图像
2025-07-28 21:52:38 | [32mINFO[0m | yolo_detector.core.detector:detect:459 - 图像分割完成
2025-07-28 21:52:38 | [32mINFO[0m | yolo_detector.core.detector:detect:459 - 图像分割完成
2025-07-28 21:52:38 | [32mINFO[0m | yolo_detector.core.detector:detect:459 - 图像分割完成
2025-07-28 21:52:39 | [32mINFO[0m | yolo_detector.core.detector:detect:459 - 图像分割完成
2025-07-28 21:52:39 | [32mINFO[0m | yolo_detector.core.detector:detect:459 - 图像分割完成
2025-07-28 21:52:40 | [32mINFO[0m | yolo_detector.core.detector:detect:459 - 图像分割完成
2025-07-28 21:52:40 | [32mINFO[0m | yolo_detector.core.detector:detect:459 - 图像分割完成
2025-07-28 21:52:41 | [32mINFO[0m | yolo_detector.core.detector:detect:459 - 图像分割完成
2025-07-28 21:52:41 | [32mINFO[0m | yolo_detector.core.detector:detect:459 - 图像分割完成
2025-07-28 21:52:41 | [32mINFO[0m | yolo_detector.core.detector:detect:459 - 图像分割完成
2025-07-28 21:52:41 | [32mINFO[0m | yolo_detector.core.batch_processor:_process_images_batch:182 - 已处理 680/969 张图像
2025-07-28 21:52:42 | [32mINFO[0m | yolo_detector.core.detector:detect:459 - 图像分割完成
2025-07-28 21:52:42 | [32mINFO[0m | yolo_detector.core.detector:detect:459 - 图像分割完成
2025-07-28 21:52:43 | [32mINFO[0m | yolo_detector.core.detector:detect:459 - 图像分割完成
2025-07-28 21:52:43 | [32mINFO[0m | yolo_detector.core.detector:detect:459 - 图像分割完成
2025-07-28 21:52:44 | [32mINFO[0m | yolo_detector.core.detector:detect:459 - 图像分割完成
2025-07-28 21:52:44 | [32mINFO[0m | yolo_detector.core.detector:detect:459 - 图像分割完成
2025-07-28 21:52:44 | [32mINFO[0m | yolo_detector.core.detector:detect:459 - 图像分割完成
2025-07-28 21:52:45 | [32mINFO[0m | yolo_detector.core.detector:detect:459 - 图像分割完成
2025-07-28 21:52:45 | [32mINFO[0m | yolo_detector.core.detector:detect:459 - 图像分割完成
2025-07-28 21:52:46 | [32mINFO[0m | yolo_detector.core.detector:detect:459 - 图像分割完成
2025-07-28 21:52:46 | [32mINFO[0m | yolo_detector.core.batch_processor:_process_images_batch:182 - 已处理 690/969 张图像
2025-07-28 21:52:46 | [32mINFO[0m | yolo_detector.core.detector:detect:459 - 图像分割完成
2025-07-28 21:52:46 | [32mINFO[0m | yolo_detector.core.detector:detect:459 - 图像分割完成
2025-07-28 21:52:47 | [32mINFO[0m | yolo_detector.core.detector:detect:459 - 图像分割完成
2025-07-28 21:52:47 | [32mINFO[0m | yolo_detector.core.detector:detect:459 - 图像分割完成
2025-07-28 21:52:48 | [32mINFO[0m | yolo_detector.core.detector:detect:459 - 图像分割完成
2025-07-28 21:52:48 | [32mINFO[0m | yolo_detector.core.detector:detect:459 - 图像分割完成
2025-07-28 21:52:48 | [32mINFO[0m | yolo_detector.core.detector:detect:459 - 图像分割完成
2025-07-28 21:52:49 | [32mINFO[0m | yolo_detector.core.detector:detect:459 - 图像分割完成
2025-07-28 21:52:49 | [32mINFO[0m | yolo_detector.core.detector:detect:459 - 图像分割完成
2025-07-28 21:52:50 | [32mINFO[0m | yolo_detector.core.detector:detect:459 - 图像分割完成
2025-07-28 21:52:50 | [32mINFO[0m | yolo_detector.core.batch_processor:_process_images_batch:182 - 已处理 700/969 张图像
2025-07-28 21:52:50 | [32mINFO[0m | yolo_detector.core.detector:detect:459 - 图像分割完成
2025-07-28 21:52:51 | [32mINFO[0m | yolo_detector.core.detector:detect:459 - 图像分割完成
2025-07-28 21:52:51 | [32mINFO[0m | yolo_detector.core.detector:detect:459 - 图像分割完成
2025-07-28 21:52:51 | [32mINFO[0m | yolo_detector.core.detector:detect:459 - 图像分割完成
2025-07-28 21:52:52 | [32mINFO[0m | yolo_detector.core.detector:detect:459 - 图像分割完成
2025-07-28 21:52:52 | [32mINFO[0m | yolo_detector.core.detector:detect:459 - 图像分割完成
2025-07-28 21:52:53 | [32mINFO[0m | yolo_detector.core.detector:detect:459 - 图像分割完成
2025-07-28 21:52:53 | [32mINFO[0m | yolo_detector.core.detector:detect:459 - 图像分割完成
2025-07-28 21:52:53 | [32mINFO[0m | yolo_detector.core.detector:detect:459 - 图像分割完成
2025-07-28 21:52:54 | [32mINFO[0m | yolo_detector.core.detector:detect:459 - 图像分割完成
2025-07-28 21:52:54 | [32mINFO[0m | yolo_detector.core.batch_processor:_process_images_batch:182 - 已处理 710/969 张图像
2025-07-28 21:52:54 | [32mINFO[0m | yolo_detector.core.detector:detect:459 - 图像分割完成
2025-07-28 21:52:55 | [32mINFO[0m | yolo_detector.core.detector:detect:459 - 图像分割完成
2025-07-28 21:52:55 | [32mINFO[0m | yolo_detector.core.detector:detect:459 - 图像分割完成
2025-07-28 21:52:55 | [32mINFO[0m | yolo_detector.core.detector:detect:459 - 图像分割完成
2025-07-28 21:52:56 | [32mINFO[0m | yolo_detector.core.detector:detect:459 - 图像分割完成
2025-07-28 21:52:56 | [32mINFO[0m | yolo_detector.core.detector:detect:459 - 图像分割完成
2025-07-28 21:52:57 | [32mINFO[0m | yolo_detector.core.detector:detect:459 - 图像分割完成
2025-07-28 21:52:57 | [32mINFO[0m | yolo_detector.core.detector:detect:459 - 图像分割完成
2025-07-28 21:52:58 | [32mINFO[0m | yolo_detector.core.detector:detect:459 - 图像分割完成
2025-07-28 21:52:58 | [32mINFO[0m | yolo_detector.core.detector:detect:459 - 图像分割完成
2025-07-28 21:52:58 | [32mINFO[0m | yolo_detector.core.batch_processor:_process_images_batch:182 - 已处理 720/969 张图像
2025-07-28 21:52:58 | [32mINFO[0m | yolo_detector.core.detector:detect:459 - 图像分割完成
2025-07-28 21:52:59 | [32mINFO[0m | yolo_detector.core.detector:detect:459 - 图像分割完成
2025-07-28 21:52:59 | [32mINFO[0m | yolo_detector.core.detector:detect:459 - 图像分割完成
2025-07-28 21:53:00 | [32mINFO[0m | yolo_detector.core.detector:detect:459 - 图像分割完成
2025-07-28 21:53:00 | [32mINFO[0m | yolo_detector.core.detector:detect:459 - 图像分割完成
2025-07-28 21:53:01 | [32mINFO[0m | yolo_detector.core.detector:detect:459 - 图像分割完成
2025-07-28 21:53:01 | [32mINFO[0m | yolo_detector.core.detector:detect:459 - 图像分割完成
2025-07-28 21:53:02 | [32mINFO[0m | yolo_detector.core.detector:detect:459 - 图像分割完成
2025-07-28 21:53:02 | [32mINFO[0m | yolo_detector.core.detector:detect:459 - 图像分割完成
2025-07-28 21:53:03 | [32mINFO[0m | yolo_detector.core.detector:detect:459 - 图像分割完成
2025-07-28 21:53:03 | [32mINFO[0m | yolo_detector.core.batch_processor:_process_images_batch:182 - 已处理 730/969 张图像
2025-07-28 21:53:03 | [32mINFO[0m | yolo_detector.core.detector:detect:459 - 图像分割完成
2025-07-28 21:53:04 | [32mINFO[0m | yolo_detector.core.detector:detect:459 - 图像分割完成
2025-07-28 21:53:05 | [32mINFO[0m | yolo_detector.core.detector:detect:459 - 图像分割完成
2025-07-28 21:53:05 | [32mINFO[0m | yolo_detector.core.detector:detect:459 - 图像分割完成
2025-07-28 21:53:06 | [32mINFO[0m | yolo_detector.core.detector:detect:459 - 图像分割完成
2025-07-28 21:53:06 | [32mINFO[0m | yolo_detector.core.detector:detect:459 - 图像分割完成
2025-07-28 21:53:07 | [32mINFO[0m | yolo_detector.core.detector:detect:459 - 图像分割完成
2025-07-28 21:53:07 | [32mINFO[0m | yolo_detector.core.detector:detect:459 - 图像分割完成
2025-07-28 21:53:08 | [32mINFO[0m | yolo_detector.core.detector:detect:459 - 图像分割完成
2025-07-28 21:53:08 | [32mINFO[0m | yolo_detector.core.detector:detect:459 - 图像分割完成
2025-07-28 21:53:08 | [32mINFO[0m | yolo_detector.core.batch_processor:_process_images_batch:182 - 已处理 740/969 张图像
2025-07-28 21:53:09 | [32mINFO[0m | yolo_detector.core.detector:detect:459 - 图像分割完成
2025-07-28 21:53:09 | [32mINFO[0m | yolo_detector.core.detector:detect:459 - 图像分割完成
2025-07-28 21:53:10 | [32mINFO[0m | yolo_detector.core.detector:detect:459 - 图像分割完成
2025-07-28 21:53:10 | [32mINFO[0m | yolo_detector.core.detector:detect:459 - 图像分割完成
2025-07-28 21:53:11 | [32mINFO[0m | yolo_detector.core.detector:detect:459 - 图像分割完成
2025-07-28 21:53:11 | [32mINFO[0m | yolo_detector.core.detector:detect:459 - 图像分割完成
2025-07-28 21:53:12 | [32mINFO[0m | yolo_detector.core.detector:detect:459 - 图像分割完成
2025-07-28 21:53:12 | [32mINFO[0m | yolo_detector.core.detector:detect:459 - 图像分割完成
2025-07-28 21:53:12 | [32mINFO[0m | yolo_detector.core.detector:detect:459 - 图像分割完成
2025-07-28 21:53:13 | [32mINFO[0m | yolo_detector.core.detector:detect:459 - 图像分割完成
2025-07-28 21:53:13 | [32mINFO[0m | yolo_detector.core.batch_processor:_process_images_batch:182 - 已处理 750/969 张图像
2025-07-28 21:53:13 | [32mINFO[0m | yolo_detector.core.detector:detect:459 - 图像分割完成
2025-07-28 21:53:14 | [32mINFO[0m | yolo_detector.core.detector:detect:459 - 图像分割完成
2025-07-28 21:53:14 | [32mINFO[0m | yolo_detector.core.detector:detect:459 - 图像分割完成
2025-07-28 21:53:15 | [32mINFO[0m | yolo_detector.core.detector:detect:459 - 图像分割完成
2025-07-28 21:53:15 | [32mINFO[0m | yolo_detector.core.detector:detect:459 - 图像分割完成
2025-07-28 21:53:15 | [32mINFO[0m | yolo_detector.core.detector:detect:459 - 图像分割完成
2025-07-28 21:53:16 | [32mINFO[0m | yolo_detector.core.detector:detect:459 - 图像分割完成
2025-07-28 21:53:16 | [32mINFO[0m | yolo_detector.core.detector:detect:459 - 图像分割完成
2025-07-28 21:53:17 | [32mINFO[0m | yolo_detector.core.detector:detect:459 - 图像分割完成
2025-07-28 21:53:17 | [32mINFO[0m | yolo_detector.core.detector:detect:459 - 图像分割完成
2025-07-28 21:53:17 | [32mINFO[0m | yolo_detector.core.batch_processor:_process_images_batch:182 - 已处理 760/969 张图像
2025-07-28 21:53:18 | [32mINFO[0m | yolo_detector.core.detector:detect:459 - 图像分割完成
2025-07-28 21:53:18 | [32mINFO[0m | yolo_detector.core.detector:detect:459 - 图像分割完成
2025-07-28 21:53:18 | [32mINFO[0m | yolo_detector.core.detector:detect:459 - 图像分割完成
2025-07-28 21:53:19 | [32mINFO[0m | yolo_detector.core.detector:detect:459 - 图像分割完成
2025-07-28 21:53:19 | [32mINFO[0m | yolo_detector.core.detector:detect:459 - 图像分割完成
2025-07-28 21:53:20 | [32mINFO[0m | yolo_detector.core.detector:detect:459 - 图像分割完成
2025-07-28 21:53:20 | [32mINFO[0m | yolo_detector.core.detector:detect:459 - 图像分割完成
2025-07-28 21:53:21 | [32mINFO[0m | yolo_detector.core.detector:detect:459 - 图像分割完成
2025-07-28 21:53:21 | [32mINFO[0m | yolo_detector.core.detector:detect:459 - 图像分割完成
2025-07-28 21:53:22 | [32mINFO[0m | yolo_detector.core.detector:detect:459 - 图像分割完成
2025-07-28 21:53:22 | [32mINFO[0m | yolo_detector.core.batch_processor:_process_images_batch:182 - 已处理 770/969 张图像
2025-07-28 21:53:22 | [32mINFO[0m | yolo_detector.core.detector:detect:459 - 图像分割完成
2025-07-28 21:53:22 | [32mINFO[0m | yolo_detector.core.detector:detect:459 - 图像分割完成
2025-07-28 21:53:23 | [32mINFO[0m | yolo_detector.core.detector:detect:459 - 图像分割完成
2025-07-28 21:53:23 | [32mINFO[0m | yolo_detector.core.detector:detect:459 - 图像分割完成
2025-07-28 21:53:24 | [32mINFO[0m | yolo_detector.core.detector:detect:459 - 图像分割完成
2025-07-28 21:53:24 | [32mINFO[0m | yolo_detector.core.detector:detect:459 - 图像分割完成
2025-07-28 21:53:25 | [32mINFO[0m | yolo_detector.core.detector:detect:459 - 图像分割完成
2025-07-28 21:53:25 | [32mINFO[0m | yolo_detector.core.detector:detect:459 - 图像分割完成
2025-07-28 21:53:25 | [32mINFO[0m | yolo_detector.core.detector:detect:459 - 图像分割完成
2025-07-28 21:53:26 | [32mINFO[0m | yolo_detector.core.detector:detect:459 - 图像分割完成
2025-07-28 21:53:26 | [32mINFO[0m | yolo_detector.core.batch_processor:_process_images_batch:182 - 已处理 780/969 张图像
2025-07-28 21:53:26 | [32mINFO[0m | yolo_detector.core.detector:detect:459 - 图像分割完成
2025-07-28 21:53:27 | [32mINFO[0m | yolo_detector.core.detector:detect:459 - 图像分割完成
2025-07-28 21:53:27 | [32mINFO[0m | yolo_detector.core.detector:detect:459 - 图像分割完成
2025-07-28 21:53:28 | [32mINFO[0m | yolo_detector.core.detector:detect:459 - 图像分割完成
2025-07-28 21:53:28 | [32mINFO[0m | yolo_detector.core.detector:detect:459 - 图像分割完成
2025-07-28 21:53:29 | [32mINFO[0m | yolo_detector.core.detector:detect:459 - 图像分割完成
2025-07-28 21:53:29 | [32mINFO[0m | yolo_detector.core.detector:detect:459 - 图像分割完成
2025-07-28 21:53:29 | [32mINFO[0m | yolo_detector.core.detector:detect:459 - 图像分割完成
2025-07-28 21:53:30 | [32mINFO[0m | yolo_detector.core.detector:detect:459 - 图像分割完成
2025-07-28 21:53:30 | [32mINFO[0m | yolo_detector.core.detector:detect:459 - 图像分割完成
2025-07-28 21:53:30 | [32mINFO[0m | yolo_detector.core.batch_processor:_process_images_batch:182 - 已处理 790/969 张图像
2025-07-28 21:53:31 | [32mINFO[0m | yolo_detector.core.detector:detect:459 - 图像分割完成
2025-07-28 21:53:31 | [32mINFO[0m | yolo_detector.core.detector:detect:459 - 图像分割完成
2025-07-28 21:53:32 | [32mINFO[0m | yolo_detector.core.detector:detect:459 - 图像分割完成
2025-07-28 21:53:32 | [32mINFO[0m | yolo_detector.core.detector:detect:459 - 图像分割完成
2025-07-28 21:53:32 | [32mINFO[0m | yolo_detector.core.detector:detect:459 - 图像分割完成
2025-07-28 21:53:33 | [32mINFO[0m | yolo_detector.core.detector:detect:459 - 图像分割完成
2025-07-28 21:53:33 | [32mINFO[0m | yolo_detector.core.detector:detect:459 - 图像分割完成
2025-07-28 21:53:34 | [32mINFO[0m | yolo_detector.core.detector:detect:459 - 图像分割完成
2025-07-28 21:53:34 | [32mINFO[0m | yolo_detector.core.detector:detect:459 - 图像分割完成
2025-07-28 21:53:35 | [32mINFO[0m | yolo_detector.core.detector:detect:459 - 图像分割完成
2025-07-28 21:53:35 | [32mINFO[0m | yolo_detector.core.batch_processor:_process_images_batch:182 - 已处理 800/969 张图像
2025-07-28 21:53:35 | [32mINFO[0m | yolo_detector.core.detector:detect:459 - 图像分割完成
2025-07-28 21:53:36 | [32mINFO[0m | yolo_detector.core.detector:detect:459 - 图像分割完成
2025-07-28 21:53:36 | [32mINFO[0m | yolo_detector.core.detector:detect:459 - 图像分割完成
2025-07-28 21:53:37 | [32mINFO[0m | yolo_detector.core.detector:detect:459 - 图像分割完成
2025-07-28 21:53:37 | [32mINFO[0m | yolo_detector.core.detector:detect:459 - 图像分割完成
2025-07-28 21:53:38 | [32mINFO[0m | yolo_detector.core.detector:detect:459 - 图像分割完成
2025-07-28 21:53:38 | [32mINFO[0m | yolo_detector.core.detector:detect:459 - 图像分割完成
2025-07-28 21:53:38 | [32mINFO[0m | yolo_detector.core.detector:detect:459 - 图像分割完成
2025-07-28 21:53:39 | [32mINFO[0m | yolo_detector.core.detector:detect:459 - 图像分割完成
2025-07-28 21:53:39 | [32mINFO[0m | yolo_detector.core.detector:detect:459 - 图像分割完成
2025-07-28 21:53:39 | [32mINFO[0m | yolo_detector.core.batch_processor:_process_images_batch:182 - 已处理 810/969 张图像
2025-07-28 21:53:40 | [32mINFO[0m | yolo_detector.core.detector:detect:459 - 图像分割完成
2025-07-28 21:53:40 | [32mINFO[0m | yolo_detector.core.detector:detect:459 - 图像分割完成
2025-07-28 21:53:40 | [32mINFO[0m | yolo_detector.core.detector:detect:459 - 图像分割完成
2025-07-28 21:53:41 | [32mINFO[0m | yolo_detector.core.detector:detect:459 - 图像分割完成
2025-07-28 21:53:41 | [32mINFO[0m | yolo_detector.core.detector:detect:459 - 图像分割完成
2025-07-28 21:53:42 | [32mINFO[0m | yolo_detector.core.detector:detect:459 - 图像分割完成
2025-07-28 21:53:42 | [32mINFO[0m | yolo_detector.core.detector:detect:459 - 图像分割完成
2025-07-28 21:53:43 | [32mINFO[0m | yolo_detector.core.detector:detect:459 - 图像分割完成
2025-07-28 21:53:43 | [32mINFO[0m | yolo_detector.core.detector:detect:459 - 图像分割完成
2025-07-28 21:53:43 | [32mINFO[0m | yolo_detector.core.detector:detect:459 - 图像分割完成
2025-07-28 21:53:43 | [32mINFO[0m | yolo_detector.core.batch_processor:_process_images_batch:182 - 已处理 820/969 张图像
2025-07-28 21:53:44 | [32mINFO[0m | yolo_detector.core.detector:detect:459 - 图像分割完成
2025-07-28 21:53:44 | [32mINFO[0m | yolo_detector.core.detector:detect:459 - 图像分割完成
2025-07-28 21:53:45 | [32mINFO[0m | yolo_detector.core.detector:detect:459 - 图像分割完成
2025-07-28 21:53:45 | [32mINFO[0m | yolo_detector.core.detector:detect:459 - 图像分割完成
2025-07-28 21:53:46 | [32mINFO[0m | yolo_detector.core.detector:detect:459 - 图像分割完成
2025-07-28 21:53:46 | [32mINFO[0m | yolo_detector.core.detector:detect:459 - 图像分割完成
2025-07-28 21:53:47 | [32mINFO[0m | yolo_detector.core.detector:detect:459 - 图像分割完成
2025-07-28 21:53:47 | [32mINFO[0m | yolo_detector.core.detector:detect:459 - 图像分割完成
2025-07-28 21:53:47 | [32mINFO[0m | yolo_detector.core.detector:detect:459 - 图像分割完成
2025-07-28 21:53:48 | [32mINFO[0m | yolo_detector.core.detector:detect:459 - 图像分割完成
2025-07-28 21:53:48 | [32mINFO[0m | yolo_detector.core.batch_processor:_process_images_batch:182 - 已处理 830/969 张图像
2025-07-28 21:53:48 | [32mINFO[0m | yolo_detector.core.detector:detect:459 - 图像分割完成
2025-07-28 21:53:49 | [32mINFO[0m | yolo_detector.core.detector:detect:459 - 图像分割完成
2025-07-28 21:53:49 | [32mINFO[0m | yolo_detector.core.detector:detect:459 - 图像分割完成
2025-07-28 21:53:50 | [32mINFO[0m | yolo_detector.core.detector:detect:459 - 图像分割完成
2025-07-28 21:53:50 | [32mINFO[0m | yolo_detector.core.detector:detect:459 - 图像分割完成
2025-07-28 21:53:50 | [32mINFO[0m | yolo_detector.core.detector:detect:459 - 图像分割完成
2025-07-28 21:53:51 | [32mINFO[0m | yolo_detector.core.detector:detect:459 - 图像分割完成
2025-07-28 21:53:51 | [32mINFO[0m | yolo_detector.core.detector:detect:459 - 图像分割完成
2025-07-28 21:53:52 | [32mINFO[0m | yolo_detector.core.detector:detect:459 - 图像分割完成
2025-07-28 21:53:52 | [32mINFO[0m | yolo_detector.core.detector:detect:459 - 图像分割完成
2025-07-28 21:53:52 | [32mINFO[0m | yolo_detector.core.batch_processor:_process_images_batch:182 - 已处理 840/969 张图像
2025-07-28 21:53:53 | [32mINFO[0m | yolo_detector.core.detector:detect:459 - 图像分割完成
2025-07-28 21:53:53 | [32mINFO[0m | yolo_detector.core.detector:detect:459 - 图像分割完成
2025-07-28 21:53:53 | [32mINFO[0m | yolo_detector.core.detector:detect:459 - 图像分割完成
2025-07-28 21:53:54 | [32mINFO[0m | yolo_detector.core.detector:detect:459 - 图像分割完成
2025-07-28 21:53:55 | [32mINFO[0m | yolo_detector.core.detector:detect:459 - 图像分割完成
2025-07-28 21:53:56 | [32mINFO[0m | yolo_detector.core.detector:detect:459 - 图像分割完成
2025-07-28 21:53:57 | [32mINFO[0m | yolo_detector.core.detector:detect:459 - 图像分割完成
2025-07-28 21:53:57 | [32mINFO[0m | yolo_detector.core.detector:detect:459 - 图像分割完成
2025-07-28 21:53:58 | [32mINFO[0m | yolo_detector.core.detector:detect:459 - 图像分割完成
2025-07-28 21:53:59 | [32mINFO[0m | yolo_detector.core.detector:detect:459 - 图像分割完成
2025-07-28 21:53:59 | [32mINFO[0m | yolo_detector.core.batch_processor:_process_images_batch:182 - 已处理 850/969 张图像
2025-07-28 21:53:59 | [32mINFO[0m | yolo_detector.core.detector:detect:459 - 图像分割完成
2025-07-28 21:54:00 | [32mINFO[0m | yolo_detector.core.detector:detect:459 - 图像分割完成
2025-07-28 21:54:01 | [32mINFO[0m | yolo_detector.core.detector:detect:459 - 图像分割完成
2025-07-28 21:54:01 | [32mINFO[0m | yolo_detector.core.detector:detect:459 - 图像分割完成
2025-07-28 21:54:02 | [32mINFO[0m | yolo_detector.core.detector:detect:459 - 图像分割完成
2025-07-28 21:54:02 | [32mINFO[0m | yolo_detector.core.detector:detect:459 - 图像分割完成
2025-07-28 21:54:03 | [32mINFO[0m | yolo_detector.core.detector:detect:459 - 图像分割完成
2025-07-28 21:54:03 | [32mINFO[0m | yolo_detector.core.detector:detect:459 - 图像分割完成
2025-07-28 21:54:04 | [32mINFO[0m | yolo_detector.core.detector:detect:459 - 图像分割完成
2025-07-28 21:54:04 | [32mINFO[0m | yolo_detector.core.detector:detect:459 - 图像分割完成
2025-07-28 21:54:04 | [32mINFO[0m | yolo_detector.core.batch_processor:_process_images_batch:182 - 已处理 860/969 张图像
2025-07-28 21:54:05 | [32mINFO[0m | yolo_detector.core.detector:detect:459 - 图像分割完成
2025-07-28 21:54:06 | [32mINFO[0m | yolo_detector.core.detector:detect:459 - 图像分割完成
2025-07-28 21:54:06 | [32mINFO[0m | yolo_detector.core.detector:detect:459 - 图像分割完成
2025-07-28 21:54:07 | [32mINFO[0m | yolo_detector.core.detector:detect:459 - 图像分割完成
2025-07-28 21:54:07 | [32mINFO[0m | yolo_detector.core.detector:detect:459 - 图像分割完成
2025-07-28 21:54:08 | [32mINFO[0m | yolo_detector.core.detector:detect:459 - 图像分割完成
2025-07-28 21:54:08 | [32mINFO[0m | yolo_detector.core.detector:detect:459 - 图像分割完成
2025-07-28 21:54:09 | [32mINFO[0m | yolo_detector.core.detector:detect:459 - 图像分割完成
2025-07-28 21:54:09 | [31mERROR[0m | yolo_detector.utils.image_utils:get_image_info:194 - 获取图像信息失败: 
2025-07-28 21:54:09 | [31mERROR[0m | yolo_detector.core.detector:detect:466 - 图像分割失败: OpenCV(4.11.0) D:\a\opencv-python\opencv-python\opencv\modules\core\src\alloc.cpp:73: error: (-4:Insufficient memory) Failed to allocate 2764800 bytes in function 'cv::OutOfMemoryError'

2025-07-28 21:54:09 | [31mERROR[0m | yolo_detector.utils.image_utils:get_image_info:194 - 获取图像信息失败: 
2025-07-28 21:54:09 | [31mERROR[0m | yolo_detector.core.detector:detect:466 - 图像分割失败: OpenCV(4.11.0) D:\a\opencv-python\opencv-python\opencv\modules\core\src\alloc.cpp:73: error: (-4:Insufficient memory) Failed to allocate 2764800 bytes in function 'cv::OutOfMemoryError'

2025-07-28 21:54:09 | [32mINFO[0m | yolo_detector.core.batch_processor:_process_images_batch:182 - 已处理 870/969 张图像
2025-07-28 21:54:09 | [31mERROR[0m | yolo_detector.utils.image_utils:get_image_info:194 - 获取图像信息失败: 
2025-07-28 21:54:09 | [31mERROR[0m | yolo_detector.core.detector:detect:466 - 图像分割失败: OpenCV(4.11.0) D:\a\opencv-python\opencv-python\opencv\modules\core\src\alloc.cpp:73: error: (-4:Insufficient memory) Failed to allocate 2764800 bytes in function 'cv::OutOfMemoryError'

2025-07-28 21:54:09 | [31mERROR[0m | yolo_detector.utils.image_utils:get_image_info:194 - 获取图像信息失败: 
2025-07-28 21:54:09 | [31mERROR[0m | yolo_detector.core.detector:detect:466 - 图像分割失败: OpenCV(4.11.0) D:\a\opencv-python\opencv-python\opencv\modules\core\src\alloc.cpp:73: error: (-4:Insufficient memory) Failed to allocate 2764800 bytes in function 'cv::OutOfMemoryError'

2025-07-28 21:54:09 | [31mERROR[0m | yolo_detector.utils.image_utils:get_image_info:194 - 获取图像信息失败: 
2025-07-28 21:54:09 | [31mERROR[0m | yolo_detector.core.detector:detect:466 - 图像分割失败: OpenCV(4.11.0) D:\a\opencv-python\opencv-python\opencv\modules\core\src\alloc.cpp:73: error: (-4:Insufficient memory) Failed to allocate 2764800 bytes in function 'cv::OutOfMemoryError'

2025-07-28 21:54:09 | [31mERROR[0m | yolo_detector.utils.image_utils:get_image_info:194 - 获取图像信息失败: 
2025-07-28 21:54:09 | [31mERROR[0m | yolo_detector.core.detector:detect:466 - 图像分割失败: OpenCV(4.11.0) D:\a\opencv-python\opencv-python\opencv\modules\core\src\alloc.cpp:73: error: (-4:Insufficient memory) Failed to allocate 2764800 bytes in function 'cv::OutOfMemoryError'

2025-07-28 21:54:09 | [31mERROR[0m | yolo_detector.core.detector:detect:466 - 图像分割失败: OpenCV(4.11.0) D:\a\opencv-python\opencv-python\opencv\modules\core\src\alloc.cpp:73: error: (-4:Insufficient memory) Failed to allocate 2764800 bytes in function 'cv::OutOfMemoryError'

2025-07-28 21:54:10 | [32mINFO[0m | yolo_detector.core.detector:detect:459 - 图像分割完成
2025-07-28 21:54:10 | [32mINFO[0m | yolo_detector.core.detector:detect:459 - 图像分割完成
2025-07-28 21:54:11 | [32mINFO[0m | yolo_detector.core.detector:detect:459 - 图像分割完成
2025-07-28 21:54:11 | [32mINFO[0m | yolo_detector.core.detector:detect:459 - 图像分割完成
2025-07-28 21:54:12 | [32mINFO[0m | yolo_detector.core.detector:detect:459 - 图像分割完成
2025-07-28 21:54:12 | [32mINFO[0m | yolo_detector.core.batch_processor:_process_images_batch:182 - 已处理 880/969 张图像
2025-07-28 21:54:12 | [32mINFO[0m | yolo_detector.core.detector:detect:459 - 图像分割完成
2025-07-28 21:54:13 | [32mINFO[0m | yolo_detector.core.detector:detect:459 - 图像分割完成
2025-07-28 21:54:13 | [32mINFO[0m | yolo_detector.core.detector:detect:459 - 图像分割完成
2025-07-28 21:54:14 | [32mINFO[0m | yolo_detector.core.detector:detect:459 - 图像分割完成
2025-07-28 21:55:56 | [32mINFO[0m | yolo_detector.config.settings:_load_config:49 - 成功加载配置文件: D:\00deeplearn\yolo11\gradi_yolo\configs\default.yaml
2025-07-28 21:55:56 | [32mINFO[0m | yolo_detector.config.settings:_validate_config:126 - 配置验证完成
2025-07-28 21:55:56 | [32mINFO[0m | __main__:setup_environment:36 - 环境设置完成
2025-07-28 21:55:56 | [32mINFO[0m | __main__:run_batch_processing:75 - 开始批量处理: D:/Python/00雪橇打标/20250525
2025-07-28 21:55:56 | [32mINFO[0m | yolo_detector.core.batch_processor:process_folder:79 - 扫描图像文件: D:/Python/00雪橇打标/20250525
2025-07-28 21:55:56 | [32mINFO[0m | yolo_detector.utils.file_utils:get_image_files:68 - 找到 969 个图像文件在 D:\Python\00雪橇打标\20250525
2025-07-28 21:55:56 | [32mINFO[0m | yolo_detector.core.batch_processor:process_folder:92 - 找到 969 个图像文件
2025-07-28 21:55:56 | [32mINFO[0m | yolo_detector.models.model_loader:load_model:81 - 开始加载segmentation模型: D:/00deeplearn/yolo11/【2】训练模型/seg/train2_new/weights/best.pt
2025-07-28 21:55:56 | [32mINFO[0m | yolo_detector.models.model_loader:load_model:92 - 成功加载segmentation模型: D:/00deeplearn/yolo11/【2】训练模型/seg/train2_new/weights/best.pt
2025-07-28 21:55:56 | [32mINFO[0m | yolo_detector.core.detector:load_model:408 - 图像分割模型加载成功
2025-07-28 21:56:01 | [32mINFO[0m | yolo_detector.core.detector:detect:459 - 图像分割完成
2025-07-28 21:56:02 | [32mINFO[0m | yolo_detector.core.detector:detect:459 - 图像分割完成
2025-07-28 21:56:02 | [32mINFO[0m | yolo_detector.core.detector:detect:459 - 图像分割完成
2025-07-28 21:56:03 | [32mINFO[0m | yolo_detector.core.detector:detect:459 - 图像分割完成
2025-07-28 21:56:03 | [32mINFO[0m | yolo_detector.core.detector:detect:459 - 图像分割完成
2025-07-28 21:56:03 | [32mINFO[0m | yolo_detector.core.detector:detect:459 - 图像分割完成
2025-07-28 21:56:04 | [32mINFO[0m | yolo_detector.core.detector:detect:459 - 图像分割完成
2025-07-28 21:56:04 | [32mINFO[0m | yolo_detector.core.detector:detect:459 - 图像分割完成
2025-07-28 21:56:05 | [32mINFO[0m | yolo_detector.core.detector:detect:459 - 图像分割完成
2025-07-28 21:56:05 | [32mINFO[0m | yolo_detector.core.detector:detect:459 - 图像分割完成
2025-07-28 21:56:05 | [32mINFO[0m | yolo_detector.core.batch_processor:_process_images_batch:182 - 已处理 10/969 张图像
2025-07-28 21:56:05 | [32mINFO[0m | yolo_detector.core.detector:detect:459 - 图像分割完成
2025-07-28 21:56:06 | [32mINFO[0m | yolo_detector.core.detector:detect:459 - 图像分割完成
2025-07-28 21:56:06 | [32mINFO[0m | yolo_detector.core.detector:detect:459 - 图像分割完成
2025-07-28 21:56:07 | [32mINFO[0m | yolo_detector.core.detector:detect:459 - 图像分割完成
2025-07-28 21:56:07 | [32mINFO[0m | yolo_detector.core.detector:detect:459 - 图像分割完成
2025-07-28 21:56:07 | [32mINFO[0m | yolo_detector.core.detector:detect:459 - 图像分割完成
2025-07-28 21:56:08 | [32mINFO[0m | yolo_detector.core.detector:detect:459 - 图像分割完成
2025-07-28 21:56:08 | [32mINFO[0m | yolo_detector.core.detector:detect:459 - 图像分割完成
2025-07-28 21:56:08 | [32mINFO[0m | yolo_detector.core.detector:detect:459 - 图像分割完成
2025-07-28 21:56:09 | [32mINFO[0m | yolo_detector.core.detector:detect:459 - 图像分割完成
2025-07-28 21:56:09 | [32mINFO[0m | yolo_detector.core.batch_processor:_process_images_batch:182 - 已处理 20/969 张图像
2025-07-28 21:56:09 | [32mINFO[0m | yolo_detector.core.detector:detect:459 - 图像分割完成
2025-07-28 21:56:10 | [32mINFO[0m | yolo_detector.core.detector:detect:459 - 图像分割完成
2025-07-28 21:56:10 | [32mINFO[0m | yolo_detector.core.detector:detect:459 - 图像分割完成
2025-07-28 21:56:10 | [32mINFO[0m | yolo_detector.core.detector:detect:459 - 图像分割完成
2025-07-28 21:56:11 | [32mINFO[0m | yolo_detector.core.detector:detect:459 - 图像分割完成
2025-07-28 21:56:11 | [32mINFO[0m | yolo_detector.core.detector:detect:459 - 图像分割完成
2025-07-28 21:56:12 | [32mINFO[0m | yolo_detector.core.detector:detect:459 - 图像分割完成
2025-07-28 21:56:12 | [32mINFO[0m | yolo_detector.core.detector:detect:459 - 图像分割完成
2025-07-28 21:56:13 | [32mINFO[0m | yolo_detector.core.detector:detect:459 - 图像分割完成
2025-07-28 21:56:13 | [32mINFO[0m | yolo_detector.core.detector:detect:459 - 图像分割完成
2025-07-28 21:56:13 | [32mINFO[0m | yolo_detector.core.batch_processor:_process_images_batch:182 - 已处理 30/969 张图像
2025-07-28 21:56:13 | [32mINFO[0m | yolo_detector.core.detector:detect:459 - 图像分割完成
2025-07-28 21:56:14 | [32mINFO[0m | yolo_detector.core.detector:detect:459 - 图像分割完成
2025-07-28 21:56:14 | [32mINFO[0m | yolo_detector.core.detector:detect:459 - 图像分割完成
2025-07-28 21:56:14 | [32mINFO[0m | yolo_detector.core.detector:detect:459 - 图像分割完成
2025-07-28 21:56:15 | [32mINFO[0m | yolo_detector.core.detector:detect:459 - 图像分割完成
2025-07-28 21:56:15 | [32mINFO[0m | yolo_detector.core.detector:detect:459 - 图像分割完成
2025-07-28 21:56:16 | [32mINFO[0m | yolo_detector.core.detector:detect:459 - 图像分割完成
2025-07-28 21:56:16 | [32mINFO[0m | yolo_detector.core.detector:detect:459 - 图像分割完成
2025-07-28 21:56:16 | [32mINFO[0m | yolo_detector.core.detector:detect:459 - 图像分割完成
2025-07-28 21:56:17 | [32mINFO[0m | yolo_detector.core.detector:detect:459 - 图像分割完成
2025-07-28 21:56:17 | [32mINFO[0m | yolo_detector.core.batch_processor:_process_images_batch:182 - 已处理 40/969 张图像
2025-07-28 21:56:17 | [32mINFO[0m | yolo_detector.core.detector:detect:459 - 图像分割完成
2025-07-28 21:56:18 | [32mINFO[0m | yolo_detector.core.detector:detect:459 - 图像分割完成
2025-07-28 21:56:18 | [32mINFO[0m | yolo_detector.core.detector:detect:459 - 图像分割完成
2025-07-28 21:56:18 | [32mINFO[0m | yolo_detector.core.detector:detect:459 - 图像分割完成
2025-07-28 21:56:19 | [32mINFO[0m | yolo_detector.core.detector:detect:459 - 图像分割完成
2025-07-28 21:56:19 | [32mINFO[0m | yolo_detector.core.detector:detect:459 - 图像分割完成
2025-07-28 21:56:20 | [32mINFO[0m | yolo_detector.core.detector:detect:459 - 图像分割完成
2025-07-28 21:56:20 | [32mINFO[0m | yolo_detector.core.detector:detect:459 - 图像分割完成
2025-07-28 21:56:20 | [32mINFO[0m | yolo_detector.core.detector:detect:459 - 图像分割完成
2025-07-28 21:56:21 | [32mINFO[0m | yolo_detector.core.detector:detect:459 - 图像分割完成
2025-07-28 21:56:21 | [32mINFO[0m | yolo_detector.core.batch_processor:_process_images_batch:182 - 已处理 50/969 张图像
2025-07-28 21:56:21 | [32mINFO[0m | yolo_detector.core.detector:detect:459 - 图像分割完成
2025-07-28 21:56:22 | [32mINFO[0m | yolo_detector.core.detector:detect:459 - 图像分割完成
2025-07-28 21:56:22 | [32mINFO[0m | yolo_detector.core.detector:detect:459 - 图像分割完成
2025-07-28 21:56:23 | [32mINFO[0m | yolo_detector.core.detector:detect:459 - 图像分割完成
2025-07-28 21:56:23 | [32mINFO[0m | yolo_detector.core.detector:detect:459 - 图像分割完成
2025-07-28 21:56:24 | [32mINFO[0m | yolo_detector.core.detector:detect:459 - 图像分割完成
2025-07-28 21:56:24 | [32mINFO[0m | yolo_detector.core.detector:detect:459 - 图像分割完成
2025-07-28 21:56:25 | [32mINFO[0m | yolo_detector.core.detector:detect:459 - 图像分割完成
2025-07-28 21:56:25 | [32mINFO[0m | yolo_detector.core.detector:detect:459 - 图像分割完成
2025-07-28 21:56:26 | [32mINFO[0m | yolo_detector.core.detector:detect:459 - 图像分割完成
2025-07-28 21:56:26 | [32mINFO[0m | yolo_detector.core.batch_processor:_process_images_batch:182 - 已处理 60/969 张图像
2025-07-28 21:56:26 | [32mINFO[0m | yolo_detector.core.detector:detect:459 - 图像分割完成
2025-07-28 21:56:27 | [32mINFO[0m | yolo_detector.core.detector:detect:459 - 图像分割完成
2025-07-28 21:56:27 | [32mINFO[0m | yolo_detector.core.detector:detect:459 - 图像分割完成
2025-07-28 21:56:27 | [32mINFO[0m | yolo_detector.core.detector:detect:459 - 图像分割完成
2025-07-28 21:56:28 | [32mINFO[0m | yolo_detector.core.detector:detect:459 - 图像分割完成
2025-07-28 21:56:28 | [32mINFO[0m | yolo_detector.core.detector:detect:459 - 图像分割完成
2025-07-28 21:56:29 | [32mINFO[0m | yolo_detector.core.detector:detect:459 - 图像分割完成
2025-07-28 21:56:29 | [32mINFO[0m | yolo_detector.core.detector:detect:459 - 图像分割完成
2025-07-28 21:56:30 | [32mINFO[0m | yolo_detector.core.detector:detect:459 - 图像分割完成
2025-07-28 21:56:30 | [32mINFO[0m | yolo_detector.core.detector:detect:459 - 图像分割完成
2025-07-28 21:56:30 | [32mINFO[0m | yolo_detector.core.batch_processor:_process_images_batch:182 - 已处理 70/969 张图像
2025-07-28 21:56:30 | [32mINFO[0m | yolo_detector.core.detector:detect:459 - 图像分割完成
2025-07-28 21:56:31 | [32mINFO[0m | yolo_detector.core.detector:detect:459 - 图像分割完成
2025-07-28 21:56:31 | [32mINFO[0m | yolo_detector.core.detector:detect:459 - 图像分割完成
2025-07-28 21:56:31 | [32mINFO[0m | yolo_detector.core.detector:detect:459 - 图像分割完成
2025-07-28 21:56:32 | [32mINFO[0m | yolo_detector.core.detector:detect:459 - 图像分割完成
2025-07-28 21:56:32 | [32mINFO[0m | yolo_detector.core.detector:detect:459 - 图像分割完成
2025-07-28 21:56:33 | [32mINFO[0m | yolo_detector.core.detector:detect:459 - 图像分割完成
2025-07-28 21:56:33 | [32mINFO[0m | yolo_detector.core.detector:detect:459 - 图像分割完成
2025-07-28 21:56:34 | [32mINFO[0m | yolo_detector.core.detector:detect:459 - 图像分割完成
2025-07-28 21:56:34 | [32mINFO[0m | yolo_detector.core.detector:detect:459 - 图像分割完成
2025-07-28 21:56:34 | [32mINFO[0m | yolo_detector.core.batch_processor:_process_images_batch:182 - 已处理 80/969 张图像
2025-07-28 21:56:34 | [32mINFO[0m | yolo_detector.core.detector:detect:459 - 图像分割完成
2025-07-28 21:56:35 | [32mINFO[0m | yolo_detector.core.detector:detect:459 - 图像分割完成
2025-07-28 21:56:35 | [32mINFO[0m | yolo_detector.core.detector:detect:459 - 图像分割完成
2025-07-28 21:56:36 | [32mINFO[0m | yolo_detector.core.detector:detect:459 - 图像分割完成
2025-07-28 21:56:36 | [32mINFO[0m | yolo_detector.core.detector:detect:459 - 图像分割完成
2025-07-28 21:56:36 | [32mINFO[0m | yolo_detector.core.detector:detect:459 - 图像分割完成
2025-07-28 21:56:37 | [32mINFO[0m | yolo_detector.core.detector:detect:459 - 图像分割完成
2025-07-28 21:56:37 | [32mINFO[0m | yolo_detector.core.detector:detect:459 - 图像分割完成
2025-07-28 21:56:38 | [32mINFO[0m | yolo_detector.core.detector:detect:459 - 图像分割完成
2025-07-28 21:56:38 | [32mINFO[0m | yolo_detector.core.detector:detect:459 - 图像分割完成
2025-07-28 21:56:38 | [32mINFO[0m | yolo_detector.core.batch_processor:_process_images_batch:182 - 已处理 90/969 张图像
2025-07-28 21:56:38 | [32mINFO[0m | yolo_detector.core.detector:detect:459 - 图像分割完成
2025-07-28 21:56:39 | [32mINFO[0m | yolo_detector.core.detector:detect:459 - 图像分割完成
2025-07-28 21:56:39 | [32mINFO[0m | yolo_detector.core.detector:detect:459 - 图像分割完成
2025-07-28 21:56:40 | [32mINFO[0m | yolo_detector.core.detector:detect:459 - 图像分割完成
2025-07-28 21:56:40 | [32mINFO[0m | yolo_detector.core.detector:detect:459 - 图像分割完成
2025-07-28 21:56:40 | [32mINFO[0m | yolo_detector.core.detector:detect:459 - 图像分割完成
2025-07-28 21:56:41 | [32mINFO[0m | yolo_detector.core.detector:detect:459 - 图像分割完成
2025-07-28 21:56:41 | [32mINFO[0m | yolo_detector.core.detector:detect:459 - 图像分割完成
2025-07-28 21:56:42 | [32mINFO[0m | yolo_detector.core.detector:detect:459 - 图像分割完成
2025-07-28 21:56:42 | [32mINFO[0m | yolo_detector.core.detector:detect:459 - 图像分割完成
2025-07-28 21:56:42 | [32mINFO[0m | yolo_detector.core.batch_processor:_process_images_batch:182 - 已处理 100/969 张图像
2025-07-28 21:56:42 | [32mINFO[0m | yolo_detector.core.detector:detect:459 - 图像分割完成
2025-07-28 21:56:43 | [32mINFO[0m | yolo_detector.core.detector:detect:459 - 图像分割完成
2025-07-28 21:56:43 | [32mINFO[0m | yolo_detector.core.detector:detect:459 - 图像分割完成
2025-07-28 21:56:44 | [32mINFO[0m | yolo_detector.core.detector:detect:459 - 图像分割完成
2025-07-28 21:56:44 | [32mINFO[0m | yolo_detector.core.detector:detect:459 - 图像分割完成
2025-07-28 21:56:44 | [32mINFO[0m | yolo_detector.core.detector:detect:459 - 图像分割完成
2025-07-28 21:56:45 | [32mINFO[0m | yolo_detector.core.detector:detect:459 - 图像分割完成
2025-07-28 21:56:45 | [32mINFO[0m | yolo_detector.core.detector:detect:459 - 图像分割完成
2025-07-28 21:56:45 | [32mINFO[0m | yolo_detector.core.detector:detect:459 - 图像分割完成
2025-07-28 21:56:46 | [32mINFO[0m | yolo_detector.core.detector:detect:459 - 图像分割完成
2025-07-28 21:56:46 | [32mINFO[0m | yolo_detector.core.batch_processor:_process_images_batch:182 - 已处理 110/969 张图像
2025-07-28 21:56:46 | [32mINFO[0m | yolo_detector.core.detector:detect:459 - 图像分割完成
2025-07-28 21:56:47 | [32mINFO[0m | yolo_detector.core.detector:detect:459 - 图像分割完成
2025-07-28 21:56:47 | [32mINFO[0m | yolo_detector.core.detector:detect:459 - 图像分割完成
2025-07-28 21:56:47 | [32mINFO[0m | yolo_detector.core.detector:detect:459 - 图像分割完成
2025-07-28 21:56:48 | [32mINFO[0m | yolo_detector.core.detector:detect:459 - 图像分割完成
2025-07-28 21:56:48 | [32mINFO[0m | yolo_detector.core.detector:detect:459 - 图像分割完成
2025-07-28 21:56:49 | [32mINFO[0m | yolo_detector.core.detector:detect:459 - 图像分割完成
2025-07-28 21:56:49 | [32mINFO[0m | yolo_detector.core.detector:detect:459 - 图像分割完成
2025-07-28 21:56:49 | [32mINFO[0m | yolo_detector.core.detector:detect:459 - 图像分割完成
2025-07-28 21:56:50 | [32mINFO[0m | yolo_detector.core.detector:detect:459 - 图像分割完成
2025-07-28 21:56:50 | [32mINFO[0m | yolo_detector.core.batch_processor:_process_images_batch:182 - 已处理 120/969 张图像
2025-07-28 21:56:50 | [32mINFO[0m | yolo_detector.core.detector:detect:459 - 图像分割完成
2025-07-28 21:56:51 | [32mINFO[0m | yolo_detector.core.detector:detect:459 - 图像分割完成
2025-07-28 21:56:51 | [32mINFO[0m | yolo_detector.core.detector:detect:459 - 图像分割完成
2025-07-28 21:56:52 | [32mINFO[0m | yolo_detector.core.detector:detect:459 - 图像分割完成
2025-07-28 21:56:52 | [32mINFO[0m | yolo_detector.core.detector:detect:459 - 图像分割完成
2025-07-28 21:56:52 | [32mINFO[0m | yolo_detector.core.detector:detect:459 - 图像分割完成
2025-07-28 21:56:53 | [32mINFO[0m | yolo_detector.core.detector:detect:459 - 图像分割完成
2025-07-28 21:56:53 | [32mINFO[0m | yolo_detector.core.detector:detect:459 - 图像分割完成
2025-07-28 21:56:54 | [32mINFO[0m | yolo_detector.core.detector:detect:459 - 图像分割完成
2025-07-28 21:56:54 | [32mINFO[0m | yolo_detector.core.detector:detect:459 - 图像分割完成
2025-07-28 21:56:54 | [32mINFO[0m | yolo_detector.core.batch_processor:_process_images_batch:182 - 已处理 130/969 张图像
2025-07-28 21:56:54 | [32mINFO[0m | yolo_detector.core.detector:detect:459 - 图像分割完成
2025-07-28 21:56:55 | [32mINFO[0m | yolo_detector.core.detector:detect:459 - 图像分割完成
2025-07-28 21:56:55 | [32mINFO[0m | yolo_detector.core.detector:detect:459 - 图像分割完成
2025-07-28 21:56:56 | [32mINFO[0m | yolo_detector.core.detector:detect:459 - 图像分割完成
2025-07-28 21:56:56 | [32mINFO[0m | yolo_detector.core.detector:detect:459 - 图像分割完成
2025-07-28 21:56:56 | [32mINFO[0m | yolo_detector.core.detector:detect:459 - 图像分割完成
2025-07-28 21:56:56 | [32mINFO[0m | yolo_detector.core.detector:detect:459 - 图像分割完成
2025-07-28 21:56:57 | [32mINFO[0m | yolo_detector.core.detector:detect:459 - 图像分割完成
2025-07-28 21:56:57 | [32mINFO[0m | yolo_detector.core.detector:detect:459 - 图像分割完成
2025-07-28 21:56:58 | [32mINFO[0m | yolo_detector.core.detector:detect:459 - 图像分割完成
2025-07-28 21:56:58 | [32mINFO[0m | yolo_detector.core.batch_processor:_process_images_batch:182 - 已处理 140/969 张图像
2025-07-28 21:56:58 | [32mINFO[0m | yolo_detector.core.detector:detect:459 - 图像分割完成
2025-07-28 21:56:59 | [32mINFO[0m | yolo_detector.core.detector:detect:459 - 图像分割完成
2025-07-28 21:56:59 | [32mINFO[0m | yolo_detector.core.detector:detect:459 - 图像分割完成
2025-07-28 21:56:59 | [32mINFO[0m | yolo_detector.core.detector:detect:459 - 图像分割完成
2025-07-28 21:57:00 | [32mINFO[0m | yolo_detector.core.detector:detect:459 - 图像分割完成
2025-07-28 21:57:00 | [32mINFO[0m | yolo_detector.core.detector:detect:459 - 图像分割完成
2025-07-28 21:57:00 | [32mINFO[0m | yolo_detector.core.detector:detect:459 - 图像分割完成
2025-07-28 21:57:01 | [32mINFO[0m | yolo_detector.core.detector:detect:459 - 图像分割完成
2025-07-28 21:57:01 | [32mINFO[0m | yolo_detector.core.detector:detect:459 - 图像分割完成
2025-07-28 21:57:02 | [32mINFO[0m | yolo_detector.core.detector:detect:459 - 图像分割完成
2025-07-28 21:57:02 | [32mINFO[0m | yolo_detector.core.batch_processor:_process_images_batch:182 - 已处理 150/969 张图像
2025-07-28 21:57:02 | [32mINFO[0m | yolo_detector.core.detector:detect:459 - 图像分割完成
2025-07-28 21:57:02 | [32mINFO[0m | yolo_detector.core.detector:detect:459 - 图像分割完成
2025-07-28 21:57:03 | [32mINFO[0m | yolo_detector.core.detector:detect:459 - 图像分割完成
2025-07-28 21:57:03 | [32mINFO[0m | yolo_detector.core.detector:detect:459 - 图像分割完成
2025-07-28 21:57:04 | [32mINFO[0m | yolo_detector.core.detector:detect:459 - 图像分割完成
2025-07-28 21:57:04 | [32mINFO[0m | yolo_detector.core.detector:detect:459 - 图像分割完成
2025-07-28 21:57:04 | [32mINFO[0m | yolo_detector.core.detector:detect:459 - 图像分割完成
2025-07-28 21:57:05 | [32mINFO[0m | yolo_detector.core.detector:detect:459 - 图像分割完成
2025-07-28 21:57:05 | [32mINFO[0m | yolo_detector.core.detector:detect:459 - 图像分割完成
2025-07-28 21:57:06 | [32mINFO[0m | yolo_detector.core.detector:detect:459 - 图像分割完成
2025-07-28 21:57:06 | [32mINFO[0m | yolo_detector.core.batch_processor:_process_images_batch:182 - 已处理 160/969 张图像
2025-07-28 21:57:06 | [32mINFO[0m | yolo_detector.core.detector:detect:459 - 图像分割完成
2025-07-28 21:57:06 | [32mINFO[0m | yolo_detector.core.detector:detect:459 - 图像分割完成
2025-07-28 21:57:07 | [32mINFO[0m | yolo_detector.core.detector:detect:459 - 图像分割完成
2025-07-28 21:57:07 | [32mINFO[0m | yolo_detector.core.detector:detect:459 - 图像分割完成
2025-07-28 21:57:08 | [32mINFO[0m | yolo_detector.core.detector:detect:459 - 图像分割完成
2025-07-28 21:57:08 | [32mINFO[0m | yolo_detector.core.detector:detect:459 - 图像分割完成
2025-07-28 21:57:08 | [32mINFO[0m | yolo_detector.core.detector:detect:459 - 图像分割完成
2025-07-28 21:57:09 | [32mINFO[0m | yolo_detector.core.detector:detect:459 - 图像分割完成
2025-07-28 21:57:09 | [32mINFO[0m | yolo_detector.core.detector:detect:459 - 图像分割完成
2025-07-28 21:57:10 | [32mINFO[0m | yolo_detector.core.detector:detect:459 - 图像分割完成
2025-07-28 21:57:10 | [32mINFO[0m | yolo_detector.core.batch_processor:_process_images_batch:182 - 已处理 170/969 张图像
2025-07-28 21:57:10 | [32mINFO[0m | yolo_detector.core.detector:detect:459 - 图像分割完成
2025-07-28 21:57:10 | [32mINFO[0m | yolo_detector.core.detector:detect:459 - 图像分割完成
2025-07-28 21:57:11 | [32mINFO[0m | yolo_detector.core.detector:detect:459 - 图像分割完成
2025-07-28 21:57:11 | [32mINFO[0m | yolo_detector.core.detector:detect:459 - 图像分割完成
2025-07-28 21:57:11 | [32mINFO[0m | yolo_detector.core.detector:detect:459 - 图像分割完成
2025-07-28 21:57:12 | [32mINFO[0m | yolo_detector.core.detector:detect:459 - 图像分割完成
2025-07-28 21:57:12 | [32mINFO[0m | yolo_detector.core.detector:detect:459 - 图像分割完成
2025-07-28 21:57:13 | [32mINFO[0m | yolo_detector.core.detector:detect:459 - 图像分割完成
2025-07-28 21:57:13 | [32mINFO[0m | yolo_detector.core.detector:detect:459 - 图像分割完成
2025-07-28 21:57:14 | [32mINFO[0m | yolo_detector.core.detector:detect:459 - 图像分割完成
2025-07-28 21:57:14 | [32mINFO[0m | yolo_detector.core.batch_processor:_process_images_batch:182 - 已处理 180/969 张图像
2025-07-28 21:57:14 | [32mINFO[0m | yolo_detector.core.detector:detect:459 - 图像分割完成
2025-07-28 21:57:14 | [32mINFO[0m | yolo_detector.core.detector:detect:459 - 图像分割完成
2025-07-28 21:57:15 | [32mINFO[0m | yolo_detector.core.detector:detect:459 - 图像分割完成
2025-07-28 21:57:15 | [32mINFO[0m | yolo_detector.core.detector:detect:459 - 图像分割完成
2025-07-28 21:57:16 | [32mINFO[0m | yolo_detector.core.detector:detect:459 - 图像分割完成
2025-07-28 21:57:16 | [32mINFO[0m | yolo_detector.core.detector:detect:459 - 图像分割完成
2025-07-28 21:57:16 | [32mINFO[0m | yolo_detector.core.detector:detect:459 - 图像分割完成
2025-07-28 21:57:17 | [32mINFO[0m | yolo_detector.core.detector:detect:459 - 图像分割完成
2025-07-28 21:57:17 | [32mINFO[0m | yolo_detector.core.detector:detect:459 - 图像分割完成
2025-07-28 21:57:17 | [32mINFO[0m | yolo_detector.core.detector:detect:459 - 图像分割完成
2025-07-28 21:57:17 | [32mINFO[0m | yolo_detector.core.batch_processor:_process_images_batch:182 - 已处理 190/969 张图像
2025-07-28 21:57:18 | [32mINFO[0m | yolo_detector.core.detector:detect:459 - 图像分割完成
2025-07-28 21:57:18 | [32mINFO[0m | yolo_detector.core.detector:detect:459 - 图像分割完成
2025-07-28 21:57:19 | [32mINFO[0m | yolo_detector.core.detector:detect:459 - 图像分割完成
2025-07-28 21:57:19 | [32mINFO[0m | yolo_detector.core.detector:detect:459 - 图像分割完成
2025-07-28 21:57:19 | [32mINFO[0m | yolo_detector.core.detector:detect:459 - 图像分割完成
2025-07-28 21:57:20 | [32mINFO[0m | yolo_detector.core.detector:detect:459 - 图像分割完成
2025-07-28 21:57:20 | [32mINFO[0m | yolo_detector.core.detector:detect:459 - 图像分割完成
2025-07-28 21:57:21 | [32mINFO[0m | yolo_detector.core.detector:detect:459 - 图像分割完成
2025-07-28 21:57:21 | [32mINFO[0m | yolo_detector.core.detector:detect:459 - 图像分割完成
2025-07-28 21:57:21 | [32mINFO[0m | yolo_detector.core.detector:detect:459 - 图像分割完成
2025-07-28 21:57:21 | [32mINFO[0m | yolo_detector.core.batch_processor:_process_images_batch:182 - 已处理 200/969 张图像
2025-07-28 21:57:22 | [32mINFO[0m | yolo_detector.core.detector:detect:459 - 图像分割完成
2025-07-28 21:57:22 | [32mINFO[0m | yolo_detector.core.detector:detect:459 - 图像分割完成
2025-07-28 21:57:23 | [32mINFO[0m | yolo_detector.core.detector:detect:459 - 图像分割完成
2025-07-28 21:57:23 | [32mINFO[0m | yolo_detector.core.detector:detect:459 - 图像分割完成
2025-07-28 21:57:23 | [32mINFO[0m | yolo_detector.core.detector:detect:459 - 图像分割完成
2025-07-28 21:57:24 | [32mINFO[0m | yolo_detector.core.detector:detect:459 - 图像分割完成
2025-07-28 21:57:26 | [32mINFO[0m | yolo_detector.core.detector:detect:459 - 图像分割完成
2025-07-28 21:57:27 | [32mINFO[0m | yolo_detector.core.detector:detect:459 - 图像分割完成
2025-07-28 21:57:27 | [32mINFO[0m | yolo_detector.core.detector:detect:459 - 图像分割完成
2025-07-28 21:57:28 | [32mINFO[0m | yolo_detector.core.detector:detect:459 - 图像分割完成
2025-07-28 21:57:28 | [32mINFO[0m | yolo_detector.core.batch_processor:_process_images_batch:182 - 已处理 210/969 张图像
2025-07-28 21:57:28 | [32mINFO[0m | yolo_detector.core.detector:detect:459 - 图像分割完成
2025-07-28 21:57:29 | [32mINFO[0m | yolo_detector.core.detector:detect:459 - 图像分割完成
2025-07-28 21:57:29 | [32mINFO[0m | yolo_detector.core.detector:detect:459 - 图像分割完成
2025-07-28 21:57:30 | [32mINFO[0m | yolo_detector.core.detector:detect:459 - 图像分割完成
2025-07-28 21:57:30 | [32mINFO[0m | yolo_detector.core.detector:detect:459 - 图像分割完成
2025-07-28 21:57:31 | [32mINFO[0m | yolo_detector.core.detector:detect:459 - 图像分割完成
2025-07-28 21:57:31 | [32mINFO[0m | yolo_detector.core.detector:detect:459 - 图像分割完成
2025-07-28 21:57:32 | [32mINFO[0m | yolo_detector.core.detector:detect:459 - 图像分割完成
2025-07-28 21:57:32 | [32mINFO[0m | yolo_detector.core.detector:detect:459 - 图像分割完成
2025-07-28 21:57:33 | [32mINFO[0m | yolo_detector.core.detector:detect:459 - 图像分割完成
2025-07-28 21:57:33 | [32mINFO[0m | yolo_detector.core.batch_processor:_process_images_batch:182 - 已处理 220/969 张图像
2025-07-28 21:57:33 | [32mINFO[0m | yolo_detector.core.detector:detect:459 - 图像分割完成
2025-07-28 21:57:33 | [32mINFO[0m | yolo_detector.core.detector:detect:459 - 图像分割完成
2025-07-28 21:57:34 | [32mINFO[0m | yolo_detector.core.detector:detect:459 - 图像分割完成
2025-07-28 21:57:34 | [32mINFO[0m | yolo_detector.core.detector:detect:459 - 图像分割完成
2025-07-28 21:57:35 | [32mINFO[0m | yolo_detector.core.detector:detect:459 - 图像分割完成
2025-07-28 21:57:35 | [32mINFO[0m | yolo_detector.core.detector:detect:459 - 图像分割完成
2025-07-28 21:57:36 | [32mINFO[0m | yolo_detector.core.detector:detect:459 - 图像分割完成
2025-07-28 21:57:36 | [32mINFO[0m | yolo_detector.core.detector:detect:459 - 图像分割完成
2025-07-28 21:57:36 | [32mINFO[0m | yolo_detector.core.detector:detect:459 - 图像分割完成
2025-07-28 21:57:37 | [32mINFO[0m | yolo_detector.core.detector:detect:459 - 图像分割完成
2025-07-28 21:57:37 | [32mINFO[0m | yolo_detector.core.batch_processor:_process_images_batch:182 - 已处理 230/969 张图像
2025-07-28 21:57:37 | [32mINFO[0m | yolo_detector.core.detector:detect:459 - 图像分割完成
2025-07-28 21:57:37 | [32mINFO[0m | yolo_detector.core.detector:detect:459 - 图像分割完成
2025-07-28 21:57:38 | [32mINFO[0m | yolo_detector.core.detector:detect:459 - 图像分割完成
2025-07-28 21:57:38 | [32mINFO[0m | yolo_detector.core.detector:detect:459 - 图像分割完成
2025-07-28 21:57:39 | [32mINFO[0m | yolo_detector.core.detector:detect:459 - 图像分割完成
2025-07-28 21:57:39 | [32mINFO[0m | yolo_detector.core.detector:detect:459 - 图像分割完成
2025-07-28 21:57:39 | [32mINFO[0m | yolo_detector.core.detector:detect:459 - 图像分割完成
2025-07-28 21:57:40 | [32mINFO[0m | yolo_detector.core.detector:detect:459 - 图像分割完成
2025-07-28 21:57:40 | [32mINFO[0m | yolo_detector.core.detector:detect:459 - 图像分割完成
2025-07-28 21:57:41 | [32mINFO[0m | yolo_detector.core.detector:detect:459 - 图像分割完成
2025-07-28 21:57:41 | [32mINFO[0m | yolo_detector.core.batch_processor:_process_images_batch:182 - 已处理 240/969 张图像
2025-07-28 21:57:41 | [32mINFO[0m | yolo_detector.core.detector:detect:459 - 图像分割完成
2025-07-28 21:57:41 | [32mINFO[0m | yolo_detector.core.detector:detect:459 - 图像分割完成
2025-07-28 21:57:42 | [32mINFO[0m | yolo_detector.core.detector:detect:459 - 图像分割完成
2025-07-28 21:57:42 | [32mINFO[0m | yolo_detector.core.detector:detect:459 - 图像分割完成
2025-07-28 21:57:43 | [32mINFO[0m | yolo_detector.core.detector:detect:459 - 图像分割完成
2025-07-28 21:57:43 | [32mINFO[0m | yolo_detector.core.detector:detect:459 - 图像分割完成
2025-07-28 21:57:43 | [32mINFO[0m | yolo_detector.core.detector:detect:459 - 图像分割完成
2025-07-28 21:57:44 | [32mINFO[0m | yolo_detector.core.detector:detect:459 - 图像分割完成
2025-07-28 21:57:44 | [32mINFO[0m | yolo_detector.core.detector:detect:459 - 图像分割完成
2025-07-28 21:57:45 | [32mINFO[0m | yolo_detector.core.detector:detect:459 - 图像分割完成
2025-07-28 21:57:45 | [32mINFO[0m | yolo_detector.core.batch_processor:_process_images_batch:182 - 已处理 250/969 张图像
2025-07-28 21:57:45 | [32mINFO[0m | yolo_detector.core.detector:detect:459 - 图像分割完成
2025-07-28 21:57:45 | [32mINFO[0m | yolo_detector.core.detector:detect:459 - 图像分割完成
2025-07-28 21:57:46 | [32mINFO[0m | yolo_detector.core.detector:detect:459 - 图像分割完成
2025-07-28 21:57:46 | [32mINFO[0m | yolo_detector.core.detector:detect:459 - 图像分割完成
2025-07-28 21:57:47 | [32mINFO[0m | yolo_detector.core.detector:detect:459 - 图像分割完成
2025-07-28 21:57:47 | [32mINFO[0m | yolo_detector.core.detector:detect:459 - 图像分割完成
2025-07-28 21:57:47 | [32mINFO[0m | yolo_detector.core.detector:detect:459 - 图像分割完成
2025-07-28 21:57:48 | [32mINFO[0m | yolo_detector.core.detector:detect:459 - 图像分割完成
2025-07-28 21:57:48 | [32mINFO[0m | yolo_detector.core.detector:detect:459 - 图像分割完成
2025-07-28 21:57:49 | [32mINFO[0m | yolo_detector.core.detector:detect:459 - 图像分割完成
2025-07-28 21:57:49 | [32mINFO[0m | yolo_detector.core.batch_processor:_process_images_batch:182 - 已处理 260/969 张图像
2025-07-28 21:57:49 | [32mINFO[0m | yolo_detector.core.detector:detect:459 - 图像分割完成
2025-07-28 21:57:49 | [32mINFO[0m | yolo_detector.core.detector:detect:459 - 图像分割完成
2025-07-28 21:57:50 | [32mINFO[0m | yolo_detector.core.detector:detect:459 - 图像分割完成
2025-07-28 21:57:50 | [32mINFO[0m | yolo_detector.core.detector:detect:459 - 图像分割完成
2025-07-28 21:57:51 | [32mINFO[0m | yolo_detector.core.detector:detect:459 - 图像分割完成
2025-07-28 21:57:51 | [32mINFO[0m | yolo_detector.core.detector:detect:459 - 图像分割完成
2025-07-28 21:57:51 | [32mINFO[0m | yolo_detector.core.detector:detect:459 - 图像分割完成
2025-07-28 21:57:52 | [32mINFO[0m | yolo_detector.core.detector:detect:459 - 图像分割完成
2025-07-28 21:57:52 | [32mINFO[0m | yolo_detector.core.detector:detect:459 - 图像分割完成
2025-07-28 21:57:53 | [32mINFO[0m | yolo_detector.core.detector:detect:459 - 图像分割完成
2025-07-28 21:57:53 | [32mINFO[0m | yolo_detector.core.batch_processor:_process_images_batch:182 - 已处理 270/969 张图像
2025-07-28 21:57:53 | [32mINFO[0m | yolo_detector.core.detector:detect:459 - 图像分割完成
2025-07-28 21:57:53 | [32mINFO[0m | yolo_detector.core.detector:detect:459 - 图像分割完成
2025-07-28 21:57:54 | [32mINFO[0m | yolo_detector.core.detector:detect:459 - 图像分割完成
2025-07-28 21:57:54 | [32mINFO[0m | yolo_detector.core.detector:detect:459 - 图像分割完成
2025-07-28 21:57:54 | [32mINFO[0m | yolo_detector.core.detector:detect:459 - 图像分割完成
2025-07-28 21:57:55 | [32mINFO[0m | yolo_detector.core.detector:detect:459 - 图像分割完成
2025-07-28 21:57:55 | [32mINFO[0m | yolo_detector.core.detector:detect:459 - 图像分割完成
2025-07-28 21:57:56 | [32mINFO[0m | yolo_detector.core.detector:detect:459 - 图像分割完成
2025-07-28 21:57:56 | [32mINFO[0m | yolo_detector.core.detector:detect:459 - 图像分割完成
2025-07-28 21:57:57 | [32mINFO[0m | yolo_detector.core.detector:detect:459 - 图像分割完成
2025-07-28 21:57:57 | [32mINFO[0m | yolo_detector.core.batch_processor:_process_images_batch:182 - 已处理 280/969 张图像
2025-07-28 21:57:57 | [32mINFO[0m | yolo_detector.core.detector:detect:459 - 图像分割完成
2025-07-28 21:57:57 | [32mINFO[0m | yolo_detector.core.detector:detect:459 - 图像分割完成
2025-07-28 21:57:58 | [32mINFO[0m | yolo_detector.core.detector:detect:459 - 图像分割完成
2025-07-28 21:57:58 | [32mINFO[0m | yolo_detector.core.detector:detect:459 - 图像分割完成
2025-07-28 21:57:59 | [32mINFO[0m | yolo_detector.core.detector:detect:459 - 图像分割完成
2025-07-28 21:57:59 | [32mINFO[0m | yolo_detector.core.detector:detect:459 - 图像分割完成
2025-07-28 21:57:59 | [32mINFO[0m | yolo_detector.core.detector:detect:459 - 图像分割完成
2025-07-28 21:58:00 | [32mINFO[0m | yolo_detector.core.detector:detect:459 - 图像分割完成
2025-07-28 21:58:00 | [32mINFO[0m | yolo_detector.core.detector:detect:459 - 图像分割完成
2025-07-28 21:58:01 | [32mINFO[0m | yolo_detector.core.detector:detect:459 - 图像分割完成
2025-07-28 21:58:01 | [32mINFO[0m | yolo_detector.core.batch_processor:_process_images_batch:182 - 已处理 290/969 张图像
2025-07-28 21:58:01 | [32mINFO[0m | yolo_detector.core.detector:detect:459 - 图像分割完成
2025-07-28 21:58:01 | [32mINFO[0m | yolo_detector.core.detector:detect:459 - 图像分割完成
2025-07-28 21:58:02 | [32mINFO[0m | yolo_detector.core.detector:detect:459 - 图像分割完成
2025-07-28 21:58:02 | [32mINFO[0m | yolo_detector.core.detector:detect:459 - 图像分割完成
2025-07-28 21:58:03 | [32mINFO[0m | yolo_detector.core.detector:detect:459 - 图像分割完成
2025-07-28 21:58:03 | [32mINFO[0m | yolo_detector.core.detector:detect:459 - 图像分割完成
2025-07-28 21:58:03 | [32mINFO[0m | yolo_detector.core.detector:detect:459 - 图像分割完成
2025-07-28 21:58:04 | [32mINFO[0m | yolo_detector.core.detector:detect:459 - 图像分割完成
2025-07-28 21:58:04 | [32mINFO[0m | yolo_detector.core.detector:detect:459 - 图像分割完成
2025-07-28 21:58:04 | [32mINFO[0m | yolo_detector.core.detector:detect:459 - 图像分割完成
2025-07-28 21:58:05 | [32mINFO[0m | yolo_detector.core.batch_processor:_process_images_batch:182 - 已处理 300/969 张图像
2025-07-28 21:58:05 | [32mINFO[0m | yolo_detector.core.detector:detect:459 - 图像分割完成
2025-07-28 21:58:05 | [32mINFO[0m | yolo_detector.core.detector:detect:459 - 图像分割完成
2025-07-28 21:58:06 | [32mINFO[0m | yolo_detector.core.detector:detect:459 - 图像分割完成
2025-07-28 21:58:06 | [32mINFO[0m | yolo_detector.core.detector:detect:459 - 图像分割完成
2025-07-28 21:58:06 | [32mINFO[0m | yolo_detector.core.detector:detect:459 - 图像分割完成
2025-07-28 21:58:07 | [32mINFO[0m | yolo_detector.core.detector:detect:459 - 图像分割完成
2025-07-28 21:58:07 | [32mINFO[0m | yolo_detector.core.detector:detect:459 - 图像分割完成
2025-07-28 21:58:08 | [32mINFO[0m | yolo_detector.core.detector:detect:459 - 图像分割完成
2025-07-28 21:58:08 | [32mINFO[0m | yolo_detector.core.detector:detect:459 - 图像分割完成
2025-07-28 21:58:08 | [32mINFO[0m | yolo_detector.core.detector:detect:459 - 图像分割完成
2025-07-28 21:58:08 | [32mINFO[0m | yolo_detector.core.batch_processor:_process_images_batch:182 - 已处理 310/969 张图像
2025-07-28 21:58:09 | [32mINFO[0m | yolo_detector.core.detector:detect:459 - 图像分割完成
2025-07-28 21:58:09 | [32mINFO[0m | yolo_detector.core.detector:detect:459 - 图像分割完成
2025-07-28 21:58:10 | [32mINFO[0m | yolo_detector.core.detector:detect:459 - 图像分割完成
2025-07-28 21:58:10 | [32mINFO[0m | yolo_detector.core.detector:detect:459 - 图像分割完成
2025-07-28 21:58:11 | [32mINFO[0m | yolo_detector.core.detector:detect:459 - 图像分割完成
2025-07-28 21:58:11 | [32mINFO[0m | yolo_detector.core.detector:detect:459 - 图像分割完成
2025-07-28 21:58:11 | [32mINFO[0m | yolo_detector.core.detector:detect:459 - 图像分割完成
2025-07-28 21:58:12 | [32mINFO[0m | yolo_detector.core.detector:detect:459 - 图像分割完成
2025-07-28 21:58:12 | [32mINFO[0m | yolo_detector.core.detector:detect:459 - 图像分割完成
2025-07-28 21:58:12 | [32mINFO[0m | yolo_detector.core.detector:detect:459 - 图像分割完成
2025-07-28 21:58:12 | [32mINFO[0m | yolo_detector.core.batch_processor:_process_images_batch:182 - 已处理 320/969 张图像
2025-07-28 21:58:13 | [32mINFO[0m | yolo_detector.core.detector:detect:459 - 图像分割完成
2025-07-28 21:58:13 | [32mINFO[0m | yolo_detector.core.detector:detect:459 - 图像分割完成
2025-07-28 21:58:14 | [32mINFO[0m | yolo_detector.core.detector:detect:459 - 图像分割完成
2025-07-28 21:58:14 | [32mINFO[0m | yolo_detector.core.detector:detect:459 - 图像分割完成
2025-07-28 21:58:14 | [32mINFO[0m | yolo_detector.core.detector:detect:459 - 图像分割完成
2025-07-28 21:58:15 | [32mINFO[0m | yolo_detector.core.detector:detect:459 - 图像分割完成
2025-07-28 21:58:15 | [32mINFO[0m | yolo_detector.core.detector:detect:459 - 图像分割完成
2025-07-28 21:58:16 | [32mINFO[0m | yolo_detector.core.detector:detect:459 - 图像分割完成
2025-07-28 21:58:16 | [32mINFO[0m | yolo_detector.core.detector:detect:459 - 图像分割完成
2025-07-28 21:58:16 | [32mINFO[0m | yolo_detector.core.detector:detect:459 - 图像分割完成
2025-07-28 21:58:16 | [32mINFO[0m | yolo_detector.core.batch_processor:_process_images_batch:182 - 已处理 330/969 张图像
2025-07-28 21:58:17 | [32mINFO[0m | yolo_detector.core.detector:detect:459 - 图像分割完成
2025-07-28 21:58:17 | [32mINFO[0m | yolo_detector.core.detector:detect:459 - 图像分割完成
2025-07-28 21:58:18 | [32mINFO[0m | yolo_detector.core.detector:detect:459 - 图像分割完成
2025-07-28 21:58:18 | [32mINFO[0m | yolo_detector.core.detector:detect:459 - 图像分割完成
2025-07-28 21:58:18 | [32mINFO[0m | yolo_detector.core.detector:detect:459 - 图像分割完成
2025-07-28 21:58:19 | [32mINFO[0m | yolo_detector.core.detector:detect:459 - 图像分割完成
2025-07-28 21:58:19 | [32mINFO[0m | yolo_detector.core.detector:detect:459 - 图像分割完成
2025-07-28 21:58:19 | [32mINFO[0m | yolo_detector.core.detector:detect:459 - 图像分割完成
2025-07-28 21:58:20 | [32mINFO[0m | yolo_detector.core.detector:detect:459 - 图像分割完成
2025-07-28 21:58:20 | [32mINFO[0m | yolo_detector.core.detector:detect:459 - 图像分割完成
2025-07-28 21:58:20 | [32mINFO[0m | yolo_detector.core.batch_processor:_process_images_batch:182 - 已处理 340/969 张图像
2025-07-28 21:58:21 | [32mINFO[0m | yolo_detector.core.detector:detect:459 - 图像分割完成
2025-07-28 21:58:21 | [32mINFO[0m | yolo_detector.core.detector:detect:459 - 图像分割完成
2025-07-28 21:58:21 | [32mINFO[0m | yolo_detector.core.detector:detect:459 - 图像分割完成
2025-07-28 21:58:22 | [32mINFO[0m | yolo_detector.core.detector:detect:459 - 图像分割完成
2025-07-28 21:58:22 | [32mINFO[0m | yolo_detector.core.detector:detect:459 - 图像分割完成
2025-07-28 21:58:23 | [32mINFO[0m | yolo_detector.core.detector:detect:459 - 图像分割完成
2025-07-28 21:58:23 | [32mINFO[0m | yolo_detector.core.detector:detect:459 - 图像分割完成
2025-07-28 21:58:23 | [32mINFO[0m | yolo_detector.core.detector:detect:459 - 图像分割完成
2025-07-28 21:58:24 | [32mINFO[0m | yolo_detector.core.detector:detect:459 - 图像分割完成
2025-07-28 21:58:24 | [32mINFO[0m | yolo_detector.core.detector:detect:459 - 图像分割完成
2025-07-28 21:58:24 | [32mINFO[0m | yolo_detector.core.batch_processor:_process_images_batch:182 - 已处理 350/969 张图像
2025-07-28 21:58:25 | [32mINFO[0m | yolo_detector.core.detector:detect:459 - 图像分割完成
2025-07-28 21:58:25 | [32mINFO[0m | yolo_detector.core.detector:detect:459 - 图像分割完成
2025-07-28 21:58:25 | [32mINFO[0m | yolo_detector.core.detector:detect:459 - 图像分割完成
2025-07-28 21:58:26 | [32mINFO[0m | yolo_detector.core.detector:detect:459 - 图像分割完成
2025-07-28 21:58:26 | [32mINFO[0m | yolo_detector.core.detector:detect:459 - 图像分割完成
2025-07-28 21:58:27 | [32mINFO[0m | yolo_detector.core.detector:detect:459 - 图像分割完成
2025-07-28 21:58:27 | [32mINFO[0m | yolo_detector.core.detector:detect:459 - 图像分割完成
2025-07-28 21:58:27 | [32mINFO[0m | yolo_detector.core.detector:detect:459 - 图像分割完成
2025-07-28 21:58:28 | [32mINFO[0m | yolo_detector.core.detector:detect:459 - 图像分割完成
2025-07-28 21:58:28 | [32mINFO[0m | yolo_detector.core.detector:detect:459 - 图像分割完成
2025-07-28 21:58:28 | [32mINFO[0m | yolo_detector.core.batch_processor:_process_images_batch:182 - 已处理 360/969 张图像
2025-07-28 21:58:28 | [32mINFO[0m | yolo_detector.core.detector:detect:459 - 图像分割完成
2025-07-28 21:58:29 | [32mINFO[0m | yolo_detector.core.detector:detect:459 - 图像分割完成
2025-07-28 21:58:29 | [32mINFO[0m | yolo_detector.core.detector:detect:459 - 图像分割完成
2025-07-28 21:58:30 | [32mINFO[0m | yolo_detector.core.detector:detect:459 - 图像分割完成
2025-07-28 21:58:30 | [32mINFO[0m | yolo_detector.core.detector:detect:459 - 图像分割完成
2025-07-28 21:58:30 | [32mINFO[0m | yolo_detector.core.detector:detect:459 - 图像分割完成
2025-07-28 21:58:31 | [32mINFO[0m | yolo_detector.core.detector:detect:459 - 图像分割完成
2025-07-28 21:58:31 | [32mINFO[0m | yolo_detector.core.detector:detect:459 - 图像分割完成
2025-07-28 21:58:32 | [32mINFO[0m | yolo_detector.core.detector:detect:459 - 图像分割完成
2025-07-28 21:58:32 | [32mINFO[0m | yolo_detector.core.detector:detect:459 - 图像分割完成
2025-07-28 21:58:32 | [32mINFO[0m | yolo_detector.core.batch_processor:_process_images_batch:182 - 已处理 370/969 张图像
2025-07-28 21:58:32 | [32mINFO[0m | yolo_detector.core.detector:detect:459 - 图像分割完成
2025-07-28 21:58:33 | [32mINFO[0m | yolo_detector.core.detector:detect:459 - 图像分割完成
2025-07-28 21:58:33 | [32mINFO[0m | yolo_detector.core.detector:detect:459 - 图像分割完成
2025-07-28 21:58:34 | [32mINFO[0m | yolo_detector.core.detector:detect:459 - 图像分割完成
2025-07-28 21:58:34 | [32mINFO[0m | yolo_detector.core.detector:detect:459 - 图像分割完成
2025-07-28 21:58:35 | [32mINFO[0m | yolo_detector.core.detector:detect:459 - 图像分割完成
2025-07-28 21:58:35 | [32mINFO[0m | yolo_detector.core.detector:detect:459 - 图像分割完成
2025-07-28 21:58:36 | [32mINFO[0m | yolo_detector.core.detector:detect:459 - 图像分割完成
2025-07-28 21:58:36 | [32mINFO[0m | yolo_detector.core.detector:detect:459 - 图像分割完成
2025-07-28 21:58:37 | [32mINFO[0m | yolo_detector.core.detector:detect:459 - 图像分割完成
2025-07-28 21:58:37 | [32mINFO[0m | yolo_detector.core.batch_processor:_process_images_batch:182 - 已处理 380/969 张图像
2025-07-28 21:58:37 | [32mINFO[0m | yolo_detector.core.detector:detect:459 - 图像分割完成
2025-07-28 21:58:38 | [32mINFO[0m | yolo_detector.core.detector:detect:459 - 图像分割完成
2025-07-28 21:58:38 | [32mINFO[0m | yolo_detector.core.detector:detect:459 - 图像分割完成
2025-07-28 21:58:39 | [32mINFO[0m | yolo_detector.core.detector:detect:459 - 图像分割完成
2025-07-28 21:58:39 | [32mINFO[0m | yolo_detector.core.detector:detect:459 - 图像分割完成
2025-07-28 21:58:40 | [32mINFO[0m | yolo_detector.core.detector:detect:459 - 图像分割完成
2025-07-28 21:58:40 | [32mINFO[0m | yolo_detector.core.detector:detect:459 - 图像分割完成
2025-07-28 21:58:40 | [32mINFO[0m | yolo_detector.core.detector:detect:459 - 图像分割完成
2025-07-28 21:58:41 | [32mINFO[0m | yolo_detector.core.detector:detect:459 - 图像分割完成
2025-07-28 21:58:41 | [32mINFO[0m | yolo_detector.core.detector:detect:459 - 图像分割完成
2025-07-28 21:58:41 | [32mINFO[0m | yolo_detector.core.batch_processor:_process_images_batch:182 - 已处理 390/969 张图像
2025-07-28 21:58:42 | [32mINFO[0m | yolo_detector.core.detector:detect:459 - 图像分割完成
2025-07-28 21:58:42 | [32mINFO[0m | yolo_detector.core.detector:detect:459 - 图像分割完成
2025-07-28 21:58:42 | [32mINFO[0m | yolo_detector.core.detector:detect:459 - 图像分割完成
2025-07-28 21:58:43 | [32mINFO[0m | yolo_detector.core.detector:detect:459 - 图像分割完成
2025-07-28 21:58:43 | [32mINFO[0m | yolo_detector.core.detector:detect:459 - 图像分割完成
2025-07-28 21:58:44 | [32mINFO[0m | yolo_detector.core.detector:detect:459 - 图像分割完成
2025-07-28 21:58:44 | [32mINFO[0m | yolo_detector.core.detector:detect:459 - 图像分割完成
2025-07-28 21:58:44 | [32mINFO[0m | yolo_detector.core.detector:detect:459 - 图像分割完成
2025-07-28 21:58:45 | [32mINFO[0m | yolo_detector.core.detector:detect:459 - 图像分割完成
2025-07-28 21:58:45 | [32mINFO[0m | yolo_detector.core.detector:detect:459 - 图像分割完成
2025-07-28 21:58:45 | [32mINFO[0m | yolo_detector.core.batch_processor:_process_images_batch:182 - 已处理 400/969 张图像
2025-07-28 21:58:46 | [32mINFO[0m | yolo_detector.core.detector:detect:459 - 图像分割完成
2025-07-28 21:58:46 | [32mINFO[0m | yolo_detector.core.detector:detect:459 - 图像分割完成
2025-07-28 21:58:46 | [32mINFO[0m | yolo_detector.core.detector:detect:459 - 图像分割完成
2025-07-28 21:58:47 | [32mINFO[0m | yolo_detector.core.detector:detect:459 - 图像分割完成
2025-07-28 21:58:47 | [32mINFO[0m | yolo_detector.core.detector:detect:459 - 图像分割完成
2025-07-28 21:58:48 | [32mINFO[0m | yolo_detector.core.detector:detect:459 - 图像分割完成
2025-07-28 21:58:48 | [32mINFO[0m | yolo_detector.core.detector:detect:459 - 图像分割完成
2025-07-28 21:58:48 | [32mINFO[0m | yolo_detector.core.detector:detect:459 - 图像分割完成
2025-07-28 21:58:49 | [32mINFO[0m | yolo_detector.core.detector:detect:459 - 图像分割完成
2025-07-28 21:58:49 | [32mINFO[0m | yolo_detector.core.detector:detect:459 - 图像分割完成
2025-07-28 21:58:49 | [32mINFO[0m | yolo_detector.core.batch_processor:_process_images_batch:182 - 已处理 410/969 张图像
2025-07-28 21:58:50 | [32mINFO[0m | yolo_detector.core.detector:detect:459 - 图像分割完成
2025-07-28 21:58:50 | [32mINFO[0m | yolo_detector.core.detector:detect:459 - 图像分割完成
2025-07-28 21:58:50 | [32mINFO[0m | yolo_detector.core.detector:detect:459 - 图像分割完成
2025-07-28 21:58:51 | [32mINFO[0m | yolo_detector.core.detector:detect:459 - 图像分割完成
2025-07-28 21:58:51 | [32mINFO[0m | yolo_detector.core.detector:detect:459 - 图像分割完成
2025-07-28 21:58:52 | [32mINFO[0m | yolo_detector.core.detector:detect:459 - 图像分割完成
2025-07-28 21:58:52 | [32mINFO[0m | yolo_detector.core.detector:detect:459 - 图像分割完成
2025-07-28 21:58:52 | [32mINFO[0m | yolo_detector.core.detector:detect:459 - 图像分割完成
2025-07-28 21:58:53 | [32mINFO[0m | yolo_detector.core.detector:detect:459 - 图像分割完成
2025-07-28 21:58:53 | [32mINFO[0m | yolo_detector.core.detector:detect:459 - 图像分割完成
2025-07-28 21:58:53 | [32mINFO[0m | yolo_detector.core.batch_processor:_process_images_batch:182 - 已处理 420/969 张图像
2025-07-28 21:58:54 | [32mINFO[0m | yolo_detector.core.detector:detect:459 - 图像分割完成
2025-07-28 21:58:54 | [32mINFO[0m | yolo_detector.core.detector:detect:459 - 图像分割完成
2025-07-28 21:58:54 | [32mINFO[0m | yolo_detector.core.detector:detect:459 - 图像分割完成
2025-07-28 21:58:55 | [32mINFO[0m | yolo_detector.core.detector:detect:459 - 图像分割完成
2025-07-28 21:58:55 | [32mINFO[0m | yolo_detector.core.detector:detect:459 - 图像分割完成
2025-07-28 21:58:55 | [32mINFO[0m | yolo_detector.core.detector:detect:459 - 图像分割完成
2025-07-28 21:58:56 | [32mINFO[0m | yolo_detector.core.detector:detect:459 - 图像分割完成
2025-07-28 21:58:56 | [32mINFO[0m | yolo_detector.core.detector:detect:459 - 图像分割完成
2025-07-28 21:58:57 | [32mINFO[0m | yolo_detector.core.detector:detect:459 - 图像分割完成
2025-07-28 21:58:57 | [32mINFO[0m | yolo_detector.core.detector:detect:459 - 图像分割完成
2025-07-28 21:58:57 | [32mINFO[0m | yolo_detector.core.batch_processor:_process_images_batch:182 - 已处理 430/969 张图像
2025-07-28 21:58:57 | [32mINFO[0m | yolo_detector.core.detector:detect:459 - 图像分割完成
2025-07-28 21:58:58 | [32mINFO[0m | yolo_detector.core.detector:detect:459 - 图像分割完成
2025-07-28 21:58:58 | [32mINFO[0m | yolo_detector.core.detector:detect:459 - 图像分割完成
2025-07-28 21:58:59 | [32mINFO[0m | yolo_detector.core.detector:detect:459 - 图像分割完成
2025-07-28 21:58:59 | [32mINFO[0m | yolo_detector.core.detector:detect:459 - 图像分割完成
2025-07-28 21:58:59 | [32mINFO[0m | yolo_detector.core.detector:detect:459 - 图像分割完成
2025-07-28 21:59:00 | [32mINFO[0m | yolo_detector.core.detector:detect:459 - 图像分割完成
2025-07-28 21:59:00 | [32mINFO[0m | yolo_detector.core.detector:detect:459 - 图像分割完成
2025-07-28 21:59:01 | [32mINFO[0m | yolo_detector.core.detector:detect:459 - 图像分割完成
2025-07-28 21:59:01 | [32mINFO[0m | yolo_detector.core.detector:detect:459 - 图像分割完成
2025-07-28 21:59:01 | [32mINFO[0m | yolo_detector.core.batch_processor:_process_images_batch:182 - 已处理 440/969 张图像
2025-07-28 21:59:01 | [32mINFO[0m | yolo_detector.core.detector:detect:459 - 图像分割完成
2025-07-28 21:59:02 | [32mINFO[0m | yolo_detector.core.detector:detect:459 - 图像分割完成
2025-07-28 21:59:02 | [32mINFO[0m | yolo_detector.core.detector:detect:459 - 图像分割完成
2025-07-28 21:59:03 | [32mINFO[0m | yolo_detector.core.detector:detect:459 - 图像分割完成
2025-07-28 21:59:03 | [32mINFO[0m | yolo_detector.core.detector:detect:459 - 图像分割完成
2025-07-28 21:59:03 | [32mINFO[0m | yolo_detector.core.detector:detect:459 - 图像分割完成
2025-07-28 21:59:04 | [32mINFO[0m | yolo_detector.core.detector:detect:459 - 图像分割完成
2025-07-28 21:59:04 | [32mINFO[0m | yolo_detector.core.detector:detect:459 - 图像分割完成
2025-07-28 21:59:05 | [32mINFO[0m | yolo_detector.core.detector:detect:459 - 图像分割完成
2025-07-28 21:59:05 | [32mINFO[0m | yolo_detector.core.detector:detect:459 - 图像分割完成
2025-07-28 21:59:05 | [32mINFO[0m | yolo_detector.core.batch_processor:_process_images_batch:182 - 已处理 450/969 张图像
2025-07-28 21:59:05 | [32mINFO[0m | yolo_detector.core.detector:detect:459 - 图像分割完成
2025-07-28 21:59:06 | [32mINFO[0m | yolo_detector.core.detector:detect:459 - 图像分割完成
2025-07-28 21:59:06 | [32mINFO[0m | yolo_detector.core.detector:detect:459 - 图像分割完成
2025-07-28 21:59:07 | [32mINFO[0m | yolo_detector.core.detector:detect:459 - 图像分割完成
2025-07-28 21:59:07 | [32mINFO[0m | yolo_detector.core.detector:detect:459 - 图像分割完成
2025-07-28 21:59:07 | [32mINFO[0m | yolo_detector.core.detector:detect:459 - 图像分割完成
2025-07-28 21:59:08 | [32mINFO[0m | yolo_detector.core.detector:detect:459 - 图像分割完成
2025-07-28 21:59:08 | [32mINFO[0m | yolo_detector.core.detector:detect:459 - 图像分割完成
2025-07-28 21:59:09 | [32mINFO[0m | yolo_detector.core.detector:detect:459 - 图像分割完成
2025-07-28 21:59:09 | [32mINFO[0m | yolo_detector.core.detector:detect:459 - 图像分割完成
2025-07-28 21:59:09 | [32mINFO[0m | yolo_detector.core.batch_processor:_process_images_batch:182 - 已处理 460/969 张图像
2025-07-28 21:59:09 | [32mINFO[0m | yolo_detector.core.detector:detect:459 - 图像分割完成
2025-07-28 21:59:10 | [32mINFO[0m | yolo_detector.core.detector:detect:459 - 图像分割完成
2025-07-28 21:59:10 | [32mINFO[0m | yolo_detector.core.detector:detect:459 - 图像分割完成
2025-07-28 21:59:11 | [32mINFO[0m | yolo_detector.core.detector:detect:459 - 图像分割完成
2025-07-28 21:59:11 | [32mINFO[0m | yolo_detector.core.detector:detect:459 - 图像分割完成
2025-07-28 21:59:11 | [32mINFO[0m | yolo_detector.core.detector:detect:459 - 图像分割完成
2025-07-28 21:59:12 | [32mINFO[0m | yolo_detector.core.detector:detect:459 - 图像分割完成
2025-07-28 21:59:12 | [32mINFO[0m | yolo_detector.core.detector:detect:459 - 图像分割完成
2025-07-28 21:59:13 | [32mINFO[0m | yolo_detector.core.detector:detect:459 - 图像分割完成
2025-07-28 21:59:13 | [32mINFO[0m | yolo_detector.core.detector:detect:459 - 图像分割完成
2025-07-28 21:59:13 | [32mINFO[0m | yolo_detector.core.batch_processor:_process_images_batch:182 - 已处理 470/969 张图像
2025-07-28 21:59:13 | [32mINFO[0m | yolo_detector.core.detector:detect:459 - 图像分割完成
2025-07-28 21:59:14 | [32mINFO[0m | yolo_detector.core.detector:detect:459 - 图像分割完成
2025-07-28 21:59:14 | [32mINFO[0m | yolo_detector.core.detector:detect:459 - 图像分割完成
2025-07-28 21:59:15 | [32mINFO[0m | yolo_detector.core.detector:detect:459 - 图像分割完成
2025-07-28 21:59:15 | [32mINFO[0m | yolo_detector.core.detector:detect:459 - 图像分割完成
2025-07-28 21:59:15 | [32mINFO[0m | yolo_detector.core.detector:detect:459 - 图像分割完成
2025-07-28 21:59:16 | [32mINFO[0m | yolo_detector.core.detector:detect:459 - 图像分割完成
2025-07-28 21:59:16 | [32mINFO[0m | yolo_detector.core.detector:detect:459 - 图像分割完成
2025-07-28 21:59:16 | [32mINFO[0m | yolo_detector.core.detector:detect:459 - 图像分割完成
2025-07-28 21:59:17 | [32mINFO[0m | yolo_detector.core.detector:detect:459 - 图像分割完成
2025-07-28 21:59:17 | [32mINFO[0m | yolo_detector.core.batch_processor:_process_images_batch:182 - 已处理 480/969 张图像
2025-07-28 21:59:17 | [32mINFO[0m | yolo_detector.core.detector:detect:459 - 图像分割完成
2025-07-28 21:59:18 | [32mINFO[0m | yolo_detector.core.detector:detect:459 - 图像分割完成
2025-07-28 21:59:18 | [32mINFO[0m | yolo_detector.core.detector:detect:459 - 图像分割完成
2025-07-28 21:59:18 | [32mINFO[0m | yolo_detector.core.detector:detect:459 - 图像分割完成
2025-07-28 21:59:19 | [32mINFO[0m | yolo_detector.core.detector:detect:459 - 图像分割完成
2025-07-28 21:59:19 | [32mINFO[0m | yolo_detector.core.detector:detect:459 - 图像分割完成
2025-07-28 21:59:20 | [32mINFO[0m | yolo_detector.core.detector:detect:459 - 图像分割完成
2025-07-28 21:59:20 | [32mINFO[0m | yolo_detector.core.detector:detect:459 - 图像分割完成
2025-07-28 21:59:20 | [32mINFO[0m | yolo_detector.core.detector:detect:459 - 图像分割完成
2025-07-28 21:59:21 | [32mINFO[0m | yolo_detector.core.detector:detect:459 - 图像分割完成
2025-07-28 21:59:21 | [32mINFO[0m | yolo_detector.core.batch_processor:_process_images_batch:182 - 已处理 490/969 张图像
2025-07-28 21:59:21 | [32mINFO[0m | yolo_detector.core.detector:detect:459 - 图像分割完成
2025-07-28 21:59:22 | [32mINFO[0m | yolo_detector.core.detector:detect:459 - 图像分割完成
2025-07-28 21:59:22 | [32mINFO[0m | yolo_detector.core.detector:detect:459 - 图像分割完成
2025-07-28 21:59:22 | [32mINFO[0m | yolo_detector.core.detector:detect:459 - 图像分割完成
2025-07-28 21:59:23 | [32mINFO[0m | yolo_detector.core.detector:detect:459 - 图像分割完成
2025-07-28 21:59:23 | [32mINFO[0m | yolo_detector.core.detector:detect:459 - 图像分割完成
2025-07-28 21:59:24 | [32mINFO[0m | yolo_detector.core.detector:detect:459 - 图像分割完成
2025-07-28 21:59:24 | [32mINFO[0m | yolo_detector.core.detector:detect:459 - 图像分割完成
2025-07-28 21:59:24 | [32mINFO[0m | yolo_detector.core.detector:detect:459 - 图像分割完成
2025-07-28 21:59:25 | [32mINFO[0m | yolo_detector.core.detector:detect:459 - 图像分割完成
2025-07-28 21:59:25 | [32mINFO[0m | yolo_detector.core.batch_processor:_process_images_batch:182 - 已处理 500/969 张图像
2025-07-28 21:59:25 | [32mINFO[0m | yolo_detector.core.detector:detect:459 - 图像分割完成
2025-07-28 21:59:26 | [32mINFO[0m | yolo_detector.core.detector:detect:459 - 图像分割完成
2025-07-28 21:59:26 | [32mINFO[0m | yolo_detector.core.detector:detect:459 - 图像分割完成
2025-07-28 21:59:26 | [32mINFO[0m | yolo_detector.core.detector:detect:459 - 图像分割完成
2025-07-28 21:59:27 | [32mINFO[0m | yolo_detector.core.detector:detect:459 - 图像分割完成
2025-07-28 21:59:27 | [32mINFO[0m | yolo_detector.core.detector:detect:459 - 图像分割完成
2025-07-28 21:59:28 | [32mINFO[0m | yolo_detector.core.detector:detect:459 - 图像分割完成
2025-07-28 21:59:28 | [32mINFO[0m | yolo_detector.core.detector:detect:459 - 图像分割完成
2025-07-28 21:59:28 | [32mINFO[0m | yolo_detector.core.detector:detect:459 - 图像分割完成
2025-07-28 21:59:29 | [32mINFO[0m | yolo_detector.core.detector:detect:459 - 图像分割完成
2025-07-28 21:59:29 | [32mINFO[0m | yolo_detector.core.batch_processor:_process_images_batch:182 - 已处理 510/969 张图像
2025-07-28 21:59:30 | [32mINFO[0m | yolo_detector.core.detector:detect:459 - 图像分割完成
2025-07-28 21:59:31 | [32mINFO[0m | yolo_detector.core.detector:detect:459 - 图像分割完成
2025-07-28 21:59:31 | [32mINFO[0m | yolo_detector.core.detector:detect:459 - 图像分割完成
2025-07-28 21:59:32 | [32mINFO[0m | yolo_detector.core.detector:detect:459 - 图像分割完成
2025-07-28 21:59:32 | [32mINFO[0m | yolo_detector.core.detector:detect:459 - 图像分割完成
2025-07-28 21:59:33 | [32mINFO[0m | yolo_detector.core.detector:detect:459 - 图像分割完成
2025-07-28 21:59:34 | [32mINFO[0m | yolo_detector.core.detector:detect:459 - 图像分割完成
2025-07-28 21:59:34 | [32mINFO[0m | yolo_detector.core.detector:detect:459 - 图像分割完成
2025-07-28 21:59:35 | [32mINFO[0m | yolo_detector.core.detector:detect:459 - 图像分割完成
2025-07-28 21:59:35 | [32mINFO[0m | yolo_detector.core.detector:detect:459 - 图像分割完成
2025-07-28 21:59:35 | [32mINFO[0m | yolo_detector.core.batch_processor:_process_images_batch:182 - 已处理 520/969 张图像
2025-07-28 21:59:36 | [32mINFO[0m | yolo_detector.core.detector:detect:459 - 图像分割完成
2025-07-28 21:59:36 | [32mINFO[0m | yolo_detector.core.detector:detect:459 - 图像分割完成
2025-07-28 21:59:37 | [32mINFO[0m | yolo_detector.core.detector:detect:459 - 图像分割完成
2025-07-28 21:59:37 | [32mINFO[0m | yolo_detector.core.detector:detect:459 - 图像分割完成
2025-07-28 21:59:37 | [32mINFO[0m | yolo_detector.core.detector:detect:459 - 图像分割完成
2025-07-28 21:59:38 | [32mINFO[0m | yolo_detector.core.detector:detect:459 - 图像分割完成
2025-07-28 21:59:38 | [32mINFO[0m | yolo_detector.core.detector:detect:459 - 图像分割完成
2025-07-28 21:59:39 | [32mINFO[0m | yolo_detector.core.detector:detect:459 - 图像分割完成
2025-07-28 21:59:39 | [32mINFO[0m | yolo_detector.core.detector:detect:459 - 图像分割完成
2025-07-28 21:59:40 | [32mINFO[0m | yolo_detector.core.detector:detect:459 - 图像分割完成
2025-07-28 21:59:40 | [32mINFO[0m | yolo_detector.core.batch_processor:_process_images_batch:182 - 已处理 530/969 张图像
2025-07-28 21:59:40 | [32mINFO[0m | yolo_detector.core.detector:detect:459 - 图像分割完成
2025-07-28 21:59:41 | [32mINFO[0m | yolo_detector.core.detector:detect:459 - 图像分割完成
2025-07-28 21:59:41 | [32mINFO[0m | yolo_detector.core.detector:detect:459 - 图像分割完成
2025-07-28 21:59:42 | [32mINFO[0m | yolo_detector.core.detector:detect:459 - 图像分割完成
2025-07-28 21:59:42 | [32mINFO[0m | yolo_detector.core.detector:detect:459 - 图像分割完成
2025-07-28 21:59:43 | [32mINFO[0m | yolo_detector.core.detector:detect:459 - 图像分割完成
2025-07-28 21:59:43 | [32mINFO[0m | yolo_detector.core.detector:detect:459 - 图像分割完成
2025-07-28 21:59:44 | [32mINFO[0m | yolo_detector.core.detector:detect:459 - 图像分割完成
2025-07-28 21:59:44 | [32mINFO[0m | yolo_detector.core.detector:detect:459 - 图像分割完成
2025-07-28 21:59:45 | [32mINFO[0m | yolo_detector.core.detector:detect:459 - 图像分割完成
2025-07-28 21:59:45 | [32mINFO[0m | yolo_detector.core.batch_processor:_process_images_batch:182 - 已处理 540/969 张图像
2025-07-28 21:59:45 | [32mINFO[0m | yolo_detector.core.detector:detect:459 - 图像分割完成
2025-07-28 21:59:46 | [32mINFO[0m | yolo_detector.core.detector:detect:459 - 图像分割完成
2025-07-28 21:59:46 | [32mINFO[0m | yolo_detector.core.detector:detect:459 - 图像分割完成
2025-07-28 21:59:47 | [32mINFO[0m | yolo_detector.core.detector:detect:459 - 图像分割完成
2025-07-28 21:59:47 | [32mINFO[0m | yolo_detector.core.detector:detect:459 - 图像分割完成
2025-07-28 21:59:48 | [32mINFO[0m | yolo_detector.core.detector:detect:459 - 图像分割完成
2025-07-28 21:59:48 | [32mINFO[0m | yolo_detector.core.detector:detect:459 - 图像分割完成
2025-07-28 21:59:48 | [32mINFO[0m | yolo_detector.core.detector:detect:459 - 图像分割完成
2025-07-28 21:59:49 | [32mINFO[0m | yolo_detector.core.detector:detect:459 - 图像分割完成
2025-07-28 21:59:49 | [32mINFO[0m | yolo_detector.core.detector:detect:459 - 图像分割完成
2025-07-28 21:59:49 | [32mINFO[0m | yolo_detector.core.batch_processor:_process_images_batch:182 - 已处理 550/969 张图像
2025-07-28 21:59:50 | [32mINFO[0m | yolo_detector.core.detector:detect:459 - 图像分割完成
2025-07-28 21:59:50 | [32mINFO[0m | yolo_detector.core.detector:detect:459 - 图像分割完成
2025-07-28 21:59:51 | [32mINFO[0m | yolo_detector.core.detector:detect:459 - 图像分割完成
2025-07-28 21:59:51 | [32mINFO[0m | yolo_detector.core.detector:detect:459 - 图像分割完成
2025-07-28 21:59:52 | [32mINFO[0m | yolo_detector.core.detector:detect:459 - 图像分割完成
2025-07-28 21:59:52 | [32mINFO[0m | yolo_detector.core.detector:detect:459 - 图像分割完成
2025-07-28 21:59:53 | [32mINFO[0m | yolo_detector.core.detector:detect:459 - 图像分割完成
2025-07-28 21:59:53 | [32mINFO[0m | yolo_detector.core.detector:detect:459 - 图像分割完成
2025-07-28 21:59:54 | [32mINFO[0m | yolo_detector.core.detector:detect:459 - 图像分割完成
2025-07-28 21:59:54 | [32mINFO[0m | yolo_detector.core.detector:detect:459 - 图像分割完成
2025-07-28 21:59:54 | [32mINFO[0m | yolo_detector.core.batch_processor:_process_images_batch:182 - 已处理 560/969 张图像
2025-07-28 21:59:55 | [32mINFO[0m | yolo_detector.core.detector:detect:459 - 图像分割完成
2025-07-28 21:59:55 | [32mINFO[0m | yolo_detector.core.detector:detect:459 - 图像分割完成
2025-07-28 21:59:56 | [32mINFO[0m | yolo_detector.core.detector:detect:459 - 图像分割完成
2025-07-28 21:59:56 | [32mINFO[0m | yolo_detector.core.detector:detect:459 - 图像分割完成
2025-07-28 21:59:57 | [32mINFO[0m | yolo_detector.core.detector:detect:459 - 图像分割完成
2025-07-28 21:59:57 | [32mINFO[0m | yolo_detector.core.detector:detect:459 - 图像分割完成
2025-07-28 21:59:58 | [32mINFO[0m | yolo_detector.core.detector:detect:459 - 图像分割完成
2025-07-28 21:59:58 | [32mINFO[0m | yolo_detector.core.detector:detect:459 - 图像分割完成
2025-07-28 21:59:59 | [32mINFO[0m | yolo_detector.core.detector:detect:459 - 图像分割完成
2025-07-28 21:59:59 | [32mINFO[0m | yolo_detector.core.detector:detect:459 - 图像分割完成
2025-07-28 21:59:59 | [32mINFO[0m | yolo_detector.core.batch_processor:_process_images_batch:182 - 已处理 570/969 张图像
2025-07-28 22:00:00 | [32mINFO[0m | yolo_detector.core.detector:detect:459 - 图像分割完成
2025-07-28 22:00:00 | [32mINFO[0m | yolo_detector.core.detector:detect:459 - 图像分割完成
2025-07-28 22:00:01 | [32mINFO[0m | yolo_detector.core.detector:detect:459 - 图像分割完成
2025-07-28 22:00:01 | [32mINFO[0m | yolo_detector.core.detector:detect:459 - 图像分割完成
2025-07-28 22:00:02 | [32mINFO[0m | yolo_detector.core.detector:detect:459 - 图像分割完成
2025-07-28 22:00:02 | [32mINFO[0m | yolo_detector.core.detector:detect:459 - 图像分割完成
2025-07-28 22:00:02 | [32mINFO[0m | yolo_detector.core.detector:detect:459 - 图像分割完成
2025-07-28 22:00:03 | [32mINFO[0m | yolo_detector.core.detector:detect:459 - 图像分割完成
2025-07-28 22:00:04 | [32mINFO[0m | yolo_detector.core.detector:detect:459 - 图像分割完成
2025-07-28 22:00:04 | [32mINFO[0m | yolo_detector.core.detector:detect:459 - 图像分割完成
2025-07-28 22:00:04 | [32mINFO[0m | yolo_detector.core.batch_processor:_process_images_batch:182 - 已处理 580/969 张图像
2025-07-28 22:00:05 | [32mINFO[0m | yolo_detector.core.detector:detect:459 - 图像分割完成
2025-07-28 22:00:09 | [32mINFO[0m | yolo_detector.core.detector:detect:459 - 图像分割完成
2025-07-28 22:00:14 | [32mINFO[0m | yolo_detector.core.detector:detect:459 - 图像分割完成
2025-07-28 22:00:15 | [32mINFO[0m | yolo_detector.core.detector:detect:459 - 图像分割完成
2025-07-28 22:00:16 | [32mINFO[0m | yolo_detector.core.detector:detect:459 - 图像分割完成
2025-07-28 22:00:16 | [32mINFO[0m | yolo_detector.core.detector:detect:459 - 图像分割完成
2025-07-28 22:00:18 | [32mINFO[0m | yolo_detector.core.detector:detect:459 - 图像分割完成
2025-07-28 22:00:18 | [32mINFO[0m | yolo_detector.core.detector:detect:459 - 图像分割完成
2025-07-28 22:00:19 | [32mINFO[0m | yolo_detector.core.detector:detect:459 - 图像分割完成
2025-07-28 22:00:19 | [32mINFO[0m | yolo_detector.core.detector:detect:459 - 图像分割完成
2025-07-28 22:00:19 | [32mINFO[0m | yolo_detector.core.batch_processor:_process_images_batch:182 - 已处理 590/969 张图像
2025-07-28 22:00:20 | [32mINFO[0m | yolo_detector.core.detector:detect:459 - 图像分割完成
2025-07-28 22:00:20 | [32mINFO[0m | yolo_detector.core.detector:detect:459 - 图像分割完成
2025-07-28 22:00:21 | [32mINFO[0m | yolo_detector.core.detector:detect:459 - 图像分割完成
2025-07-28 22:00:21 | [32mINFO[0m | yolo_detector.core.detector:detect:459 - 图像分割完成
2025-07-28 22:00:22 | [32mINFO[0m | yolo_detector.core.detector:detect:459 - 图像分割完成
2025-07-28 22:00:22 | [32mINFO[0m | yolo_detector.core.detector:detect:459 - 图像分割完成
2025-07-28 22:00:22 | [32mINFO[0m | yolo_detector.core.detector:detect:459 - 图像分割完成
2025-07-28 22:00:23 | [32mINFO[0m | yolo_detector.core.detector:detect:459 - 图像分割完成
2025-07-28 22:00:23 | [32mINFO[0m | yolo_detector.core.detector:detect:459 - 图像分割完成
2025-07-28 22:00:23 | [32mINFO[0m | yolo_detector.core.detector:detect:459 - 图像分割完成
2025-07-28 22:00:24 | [32mINFO[0m | yolo_detector.core.batch_processor:_process_images_batch:182 - 已处理 600/969 张图像
2025-07-28 22:00:24 | [32mINFO[0m | yolo_detector.core.detector:detect:459 - 图像分割完成
2025-07-28 22:00:24 | [32mINFO[0m | yolo_detector.core.detector:detect:459 - 图像分割完成
2025-07-28 22:00:25 | [32mINFO[0m | yolo_detector.core.detector:detect:459 - 图像分割完成
2025-07-28 22:00:25 | [32mINFO[0m | yolo_detector.core.detector:detect:459 - 图像分割完成
2025-07-28 22:00:26 | [32mINFO[0m | yolo_detector.core.detector:detect:459 - 图像分割完成
2025-07-28 22:00:26 | [32mINFO[0m | yolo_detector.core.detector:detect:459 - 图像分割完成
2025-07-28 22:00:26 | [32mINFO[0m | yolo_detector.core.detector:detect:459 - 图像分割完成
2025-07-28 22:00:27 | [32mINFO[0m | yolo_detector.core.detector:detect:459 - 图像分割完成
2025-07-28 22:00:27 | [32mINFO[0m | yolo_detector.core.detector:detect:459 - 图像分割完成
2025-07-28 22:00:28 | [32mINFO[0m | yolo_detector.core.detector:detect:459 - 图像分割完成
2025-07-28 22:00:28 | [32mINFO[0m | yolo_detector.core.batch_processor:_process_images_batch:182 - 已处理 610/969 张图像
2025-07-28 22:00:28 | [32mINFO[0m | yolo_detector.core.detector:detect:459 - 图像分割完成
2025-07-28 22:00:28 | [32mINFO[0m | yolo_detector.core.detector:detect:459 - 图像分割完成
2025-07-28 22:00:29 | [32mINFO[0m | yolo_detector.core.detector:detect:459 - 图像分割完成
2025-07-28 22:00:29 | [32mINFO[0m | yolo_detector.core.detector:detect:459 - 图像分割完成
2025-07-28 22:00:30 | [32mINFO[0m | yolo_detector.core.detector:detect:459 - 图像分割完成
2025-07-28 22:00:30 | [32mINFO[0m | yolo_detector.core.detector:detect:459 - 图像分割完成
2025-07-28 22:00:30 | [32mINFO[0m | yolo_detector.core.detector:detect:459 - 图像分割完成
2025-07-28 22:00:31 | [32mINFO[0m | yolo_detector.core.detector:detect:459 - 图像分割完成
2025-07-28 22:00:31 | [32mINFO[0m | yolo_detector.core.detector:detect:459 - 图像分割完成
2025-07-28 22:00:32 | [32mINFO[0m | yolo_detector.core.detector:detect:459 - 图像分割完成
2025-07-28 22:00:32 | [32mINFO[0m | yolo_detector.core.batch_processor:_process_images_batch:182 - 已处理 620/969 张图像
2025-07-28 22:00:32 | [32mINFO[0m | yolo_detector.core.detector:detect:459 - 图像分割完成
2025-07-28 22:00:33 | [32mINFO[0m | yolo_detector.core.detector:detect:459 - 图像分割完成
2025-07-28 22:00:33 | [32mINFO[0m | yolo_detector.core.detector:detect:459 - 图像分割完成
2025-07-28 22:00:33 | [32mINFO[0m | yolo_detector.core.detector:detect:459 - 图像分割完成
2025-07-28 22:00:34 | [32mINFO[0m | yolo_detector.core.detector:detect:459 - 图像分割完成
2025-07-28 22:00:34 | [32mINFO[0m | yolo_detector.core.detector:detect:459 - 图像分割完成
2025-07-28 22:00:35 | [32mINFO[0m | yolo_detector.core.detector:detect:459 - 图像分割完成
2025-07-28 22:00:38 | [32mINFO[0m | yolo_detector.core.detector:detect:459 - 图像分割完成
2025-07-28 22:00:39 | [32mINFO[0m | yolo_detector.core.detector:detect:459 - 图像分割完成
2025-07-28 22:00:40 | [32mINFO[0m | yolo_detector.core.detector:detect:459 - 图像分割完成
2025-07-28 22:00:40 | [32mINFO[0m | yolo_detector.core.batch_processor:_process_images_batch:182 - 已处理 630/969 张图像
2025-07-28 22:00:40 | [32mINFO[0m | yolo_detector.core.detector:detect:459 - 图像分割完成
2025-07-28 22:00:41 | [32mINFO[0m | yolo_detector.core.detector:detect:459 - 图像分割完成
2025-07-28 22:00:41 | [32mINFO[0m | yolo_detector.core.detector:detect:459 - 图像分割完成
2025-07-28 22:00:42 | [32mINFO[0m | yolo_detector.core.detector:detect:459 - 图像分割完成
2025-07-28 22:00:42 | [32mINFO[0m | yolo_detector.core.detector:detect:459 - 图像分割完成
2025-07-28 22:00:43 | [32mINFO[0m | yolo_detector.core.detector:detect:459 - 图像分割完成
2025-07-28 22:00:43 | [32mINFO[0m | yolo_detector.core.detector:detect:459 - 图像分割完成
2025-07-28 22:00:44 | [32mINFO[0m | yolo_detector.core.detector:detect:459 - 图像分割完成
2025-07-28 22:00:44 | [32mINFO[0m | yolo_detector.core.detector:detect:459 - 图像分割完成
2025-07-28 22:00:45 | [32mINFO[0m | yolo_detector.core.detector:detect:459 - 图像分割完成
2025-07-28 22:00:45 | [32mINFO[0m | yolo_detector.core.batch_processor:_process_images_batch:182 - 已处理 640/969 张图像
2025-07-28 22:00:45 | [32mINFO[0m | yolo_detector.core.detector:detect:459 - 图像分割完成
2025-07-28 22:00:46 | [32mINFO[0m | yolo_detector.core.detector:detect:459 - 图像分割完成
2025-07-28 22:00:46 | [32mINFO[0m | yolo_detector.core.detector:detect:459 - 图像分割完成
2025-07-28 22:00:47 | [32mINFO[0m | yolo_detector.core.detector:detect:459 - 图像分割完成
2025-07-28 22:00:47 | [32mINFO[0m | yolo_detector.core.detector:detect:459 - 图像分割完成
2025-07-28 22:00:48 | [32mINFO[0m | yolo_detector.core.detector:detect:459 - 图像分割完成
2025-07-28 22:00:48 | [32mINFO[0m | yolo_detector.core.detector:detect:459 - 图像分割完成
2025-07-28 22:00:49 | [32mINFO[0m | yolo_detector.core.detector:detect:459 - 图像分割完成
2025-07-28 22:00:50 | [32mINFO[0m | yolo_detector.core.detector:detect:459 - 图像分割完成
2025-07-28 22:00:50 | [32mINFO[0m | yolo_detector.core.detector:detect:459 - 图像分割完成
2025-07-28 22:00:50 | [32mINFO[0m | yolo_detector.core.batch_processor:_process_images_batch:182 - 已处理 650/969 张图像
2025-07-28 22:00:51 | [32mINFO[0m | yolo_detector.core.detector:detect:459 - 图像分割完成
2025-07-28 22:00:52 | [32mINFO[0m | yolo_detector.core.detector:detect:459 - 图像分割完成
2025-07-28 22:00:53 | [32mINFO[0m | yolo_detector.core.detector:detect:459 - 图像分割完成
2025-07-28 22:00:53 | [32mINFO[0m | yolo_detector.core.detector:detect:459 - 图像分割完成
2025-07-28 22:00:54 | [32mINFO[0m | yolo_detector.core.detector:detect:459 - 图像分割完成
2025-07-28 22:00:54 | [32mINFO[0m | yolo_detector.core.detector:detect:459 - 图像分割完成
2025-07-28 22:00:54 | [32mINFO[0m | yolo_detector.core.detector:detect:459 - 图像分割完成
2025-07-28 22:00:55 | [32mINFO[0m | yolo_detector.core.detector:detect:459 - 图像分割完成
2025-07-28 22:00:55 | [32mINFO[0m | yolo_detector.core.detector:detect:459 - 图像分割完成
2025-07-28 22:00:56 | [32mINFO[0m | yolo_detector.core.detector:detect:459 - 图像分割完成
2025-07-28 22:00:56 | [32mINFO[0m | yolo_detector.core.batch_processor:_process_images_batch:182 - 已处理 660/969 张图像
2025-07-28 22:00:56 | [32mINFO[0m | yolo_detector.core.detector:detect:459 - 图像分割完成
2025-07-28 22:00:57 | [32mINFO[0m | yolo_detector.core.detector:detect:459 - 图像分割完成
2025-07-28 22:00:57 | [32mINFO[0m | yolo_detector.core.detector:detect:459 - 图像分割完成
2025-07-28 22:00:57 | [32mINFO[0m | yolo_detector.core.detector:detect:459 - 图像分割完成
2025-07-28 22:00:58 | [32mINFO[0m | yolo_detector.core.detector:detect:459 - 图像分割完成
2025-07-28 22:00:58 | [32mINFO[0m | yolo_detector.core.detector:detect:459 - 图像分割完成
2025-07-28 22:00:59 | [32mINFO[0m | yolo_detector.core.detector:detect:459 - 图像分割完成
2025-07-28 22:00:59 | [32mINFO[0m | yolo_detector.core.detector:detect:459 - 图像分割完成
2025-07-28 22:00:59 | [32mINFO[0m | yolo_detector.core.detector:detect:459 - 图像分割完成
2025-07-28 22:01:00 | [32mINFO[0m | yolo_detector.core.detector:detect:459 - 图像分割完成
2025-07-28 22:01:00 | [32mINFO[0m | yolo_detector.core.batch_processor:_process_images_batch:182 - 已处理 670/969 张图像
2025-07-28 22:01:00 | [32mINFO[0m | yolo_detector.core.detector:detect:459 - 图像分割完成
2025-07-28 22:01:01 | [32mINFO[0m | yolo_detector.core.detector:detect:459 - 图像分割完成
2025-07-28 22:01:01 | [32mINFO[0m | yolo_detector.core.detector:detect:459 - 图像分割完成
2025-07-28 22:01:02 | [32mINFO[0m | yolo_detector.core.detector:detect:459 - 图像分割完成
2025-07-28 22:01:02 | [32mINFO[0m | yolo_detector.core.detector:detect:459 - 图像分割完成
2025-07-28 22:01:02 | [32mINFO[0m | yolo_detector.core.detector:detect:459 - 图像分割完成
2025-07-28 22:01:03 | [32mINFO[0m | yolo_detector.core.detector:detect:459 - 图像分割完成
2025-07-28 22:01:03 | [32mINFO[0m | yolo_detector.core.detector:detect:459 - 图像分割完成
2025-07-28 22:01:04 | [32mINFO[0m | yolo_detector.core.detector:detect:459 - 图像分割完成
2025-07-28 22:01:04 | [32mINFO[0m | yolo_detector.core.detector:detect:459 - 图像分割完成
2025-07-28 22:01:04 | [32mINFO[0m | yolo_detector.core.batch_processor:_process_images_batch:182 - 已处理 680/969 张图像
2025-07-28 22:01:04 | [32mINFO[0m | yolo_detector.core.detector:detect:459 - 图像分割完成
2025-07-28 22:01:05 | [32mINFO[0m | yolo_detector.core.detector:detect:459 - 图像分割完成
2025-07-28 22:01:05 | [32mINFO[0m | yolo_detector.core.detector:detect:459 - 图像分割完成
2025-07-28 22:01:06 | [32mINFO[0m | yolo_detector.core.detector:detect:459 - 图像分割完成
2025-07-28 22:01:06 | [32mINFO[0m | yolo_detector.core.detector:detect:459 - 图像分割完成
2025-07-28 22:01:07 | [32mINFO[0m | yolo_detector.core.detector:detect:459 - 图像分割完成
2025-07-28 22:01:07 | [32mINFO[0m | yolo_detector.core.detector:detect:459 - 图像分割完成
2025-07-28 22:01:08 | [32mINFO[0m | yolo_detector.core.detector:detect:459 - 图像分割完成
2025-07-28 22:01:08 | [32mINFO[0m | yolo_detector.core.detector:detect:459 - 图像分割完成
2025-07-28 22:01:09 | [32mINFO[0m | yolo_detector.core.detector:detect:459 - 图像分割完成
2025-07-28 22:01:09 | [32mINFO[0m | yolo_detector.core.batch_processor:_process_images_batch:182 - 已处理 690/969 张图像
2025-07-28 22:01:09 | [32mINFO[0m | yolo_detector.core.detector:detect:459 - 图像分割完成
2025-07-28 22:01:10 | [32mINFO[0m | yolo_detector.core.detector:detect:459 - 图像分割完成
2025-07-28 22:01:10 | [32mINFO[0m | yolo_detector.core.detector:detect:459 - 图像分割完成
2025-07-28 22:01:11 | [32mINFO[0m | yolo_detector.core.detector:detect:459 - 图像分割完成
2025-07-28 22:01:11 | [31mERROR[0m | yolo_detector.utils.image_utils:get_image_info:194 - 获取图像信息失败: 
2025-07-28 22:09:05 | [32mINFO[0m | yolo_detector.config.settings:_load_config:49 - 成功加载配置文件: D:\00deeplearn\yolo11\gradi_yolo\configs\default.yaml
2025-07-28 22:09:05 | [32mINFO[0m | yolo_detector.config.settings:_validate_config:126 - 配置验证完成
2025-07-28 22:09:05 | [32mINFO[0m | __main__:setup_environment:36 - 环境设置完成
2025-07-28 22:09:05 | [32mINFO[0m | __main__:run_batch_processing:75 - 开始批量处理: D:/Python/00雪橇打标/20250518
2025-07-28 22:09:05 | [32mINFO[0m | yolo_detector.core.batch_processor:process_folder:79 - 扫描图像文件: D:/Python/00雪橇打标/20250518
2025-07-28 22:09:05 | [32mINFO[0m | yolo_detector.utils.file_utils:get_image_files:68 - 找到 66 个图像文件在 D:\Python\00雪橇打标\20250518
2025-07-28 22:09:05 | [32mINFO[0m | yolo_detector.core.batch_processor:process_folder:92 - 找到 66 个图像文件
2025-07-28 22:09:05 | [32mINFO[0m | yolo_detector.models.model_loader:load_model:81 - 开始加载segmentation模型: D:/00deeplearn/yolo11/【2】训练模型/seg/train2_new/weights/best.pt
2025-07-28 22:09:05 | [32mINFO[0m | yolo_detector.models.model_loader:load_model:92 - 成功加载segmentation模型: D:/00deeplearn/yolo11/【2】训练模型/seg/train2_new/weights/best.pt
2025-07-28 22:09:05 | [32mINFO[0m | yolo_detector.core.detector:load_model:408 - 图像分割模型加载成功
2025-07-28 22:09:10 | [32mINFO[0m | yolo_detector.core.detector:detect:459 - 图像分割完成
2025-07-28 22:09:10 | [32mINFO[0m | yolo_detector.core.detector:detect:459 - 图像分割完成
2025-07-28 22:09:11 | [32mINFO[0m | yolo_detector.core.detector:detect:459 - 图像分割完成
2025-07-28 22:09:11 | [32mINFO[0m | yolo_detector.core.detector:detect:459 - 图像分割完成
2025-07-28 22:09:12 | [32mINFO[0m | yolo_detector.core.detector:detect:459 - 图像分割完成
2025-07-28 22:09:12 | [32mINFO[0m | yolo_detector.core.detector:detect:459 - 图像分割完成
2025-07-28 22:09:12 | [32mINFO[0m | yolo_detector.core.detector:detect:459 - 图像分割完成
2025-07-28 22:09:13 | [32mINFO[0m | yolo_detector.core.detector:detect:459 - 图像分割完成
2025-07-28 22:09:13 | [32mINFO[0m | yolo_detector.core.detector:detect:459 - 图像分割完成
2025-07-28 22:09:14 | [32mINFO[0m | yolo_detector.core.detector:detect:459 - 图像分割完成
2025-07-28 22:09:14 | [32mINFO[0m | yolo_detector.core.batch_processor:_process_images_batch:182 - 已处理 10/66 张图像
2025-07-28 22:09:14 | [32mINFO[0m | yolo_detector.core.detector:detect:459 - 图像分割完成
2025-07-28 22:09:15 | [32mINFO[0m | yolo_detector.core.detector:detect:459 - 图像分割完成
2025-07-28 22:09:15 | [32mINFO[0m | yolo_detector.core.detector:detect:459 - 图像分割完成
2025-07-28 22:09:15 | [32mINFO[0m | yolo_detector.core.detector:detect:459 - 图像分割完成
2025-07-28 22:09:16 | [32mINFO[0m | yolo_detector.core.detector:detect:459 - 图像分割完成
2025-07-28 22:09:16 | [32mINFO[0m | yolo_detector.core.detector:detect:459 - 图像分割完成
2025-07-28 22:09:17 | [32mINFO[0m | yolo_detector.core.detector:detect:459 - 图像分割完成
2025-07-28 22:09:17 | [32mINFO[0m | yolo_detector.core.detector:detect:459 - 图像分割完成
2025-07-28 22:09:17 | [32mINFO[0m | yolo_detector.core.detector:detect:459 - 图像分割完成
2025-07-28 22:09:18 | [32mINFO[0m | yolo_detector.core.detector:detect:459 - 图像分割完成
2025-07-28 22:09:18 | [32mINFO[0m | yolo_detector.core.batch_processor:_process_images_batch:182 - 已处理 20/66 张图像
2025-07-28 22:09:18 | [32mINFO[0m | yolo_detector.core.detector:detect:459 - 图像分割完成
2025-07-28 22:09:19 | [32mINFO[0m | yolo_detector.core.detector:detect:459 - 图像分割完成
2025-07-28 22:09:19 | [32mINFO[0m | yolo_detector.core.detector:detect:459 - 图像分割完成
2025-07-28 22:09:19 | [32mINFO[0m | yolo_detector.core.detector:detect:459 - 图像分割完成
2025-07-28 22:09:20 | [32mINFO[0m | yolo_detector.core.detector:detect:459 - 图像分割完成
2025-07-28 22:09:20 | [32mINFO[0m | yolo_detector.core.detector:detect:459 - 图像分割完成
2025-07-28 22:09:21 | [32mINFO[0m | yolo_detector.core.detector:detect:459 - 图像分割完成
2025-07-28 22:09:21 | [32mINFO[0m | yolo_detector.core.detector:detect:459 - 图像分割完成
2025-07-28 22:09:21 | [32mINFO[0m | yolo_detector.core.detector:detect:459 - 图像分割完成
2025-07-28 22:09:22 | [32mINFO[0m | yolo_detector.core.detector:detect:459 - 图像分割完成
2025-07-28 22:09:22 | [32mINFO[0m | yolo_detector.core.batch_processor:_process_images_batch:182 - 已处理 30/66 张图像
2025-07-28 22:09:22 | [32mINFO[0m | yolo_detector.core.detector:detect:459 - 图像分割完成
2025-07-28 22:09:23 | [32mINFO[0m | yolo_detector.core.detector:detect:459 - 图像分割完成
2025-07-28 22:09:23 | [32mINFO[0m | yolo_detector.core.detector:detect:459 - 图像分割完成
2025-07-28 22:09:24 | [32mINFO[0m | yolo_detector.core.detector:detect:459 - 图像分割完成
2025-07-28 22:09:24 | [32mINFO[0m | yolo_detector.core.detector:detect:459 - 图像分割完成
2025-07-28 22:09:24 | [32mINFO[0m | yolo_detector.core.detector:detect:459 - 图像分割完成
2025-07-28 22:09:25 | [32mINFO[0m | yolo_detector.core.detector:detect:459 - 图像分割完成
2025-07-28 22:09:25 | [32mINFO[0m | yolo_detector.core.detector:detect:459 - 图像分割完成
2025-07-28 22:09:26 | [32mINFO[0m | yolo_detector.core.detector:detect:459 - 图像分割完成
2025-07-28 22:09:26 | [32mINFO[0m | yolo_detector.core.detector:detect:459 - 图像分割完成
2025-07-28 22:09:26 | [32mINFO[0m | yolo_detector.core.batch_processor:_process_images_batch:182 - 已处理 40/66 张图像
2025-07-28 22:09:26 | [32mINFO[0m | yolo_detector.core.detector:detect:459 - 图像分割完成
2025-07-28 22:09:27 | [32mINFO[0m | yolo_detector.core.detector:detect:459 - 图像分割完成
2025-07-28 22:09:27 | [32mINFO[0m | yolo_detector.core.detector:detect:459 - 图像分割完成
2025-07-28 22:09:28 | [32mINFO[0m | yolo_detector.core.detector:detect:459 - 图像分割完成
2025-07-28 22:09:28 | [32mINFO[0m | yolo_detector.core.detector:detect:459 - 图像分割完成
2025-07-28 22:09:28 | [32mINFO[0m | yolo_detector.core.detector:detect:459 - 图像分割完成
2025-07-28 22:09:29 | [32mINFO[0m | yolo_detector.core.detector:detect:459 - 图像分割完成
2025-07-28 22:09:29 | [32mINFO[0m | yolo_detector.core.detector:detect:459 - 图像分割完成
2025-07-28 22:09:30 | [32mINFO[0m | yolo_detector.core.detector:detect:459 - 图像分割完成
2025-07-28 22:09:30 | [32mINFO[0m | yolo_detector.core.detector:detect:459 - 图像分割完成
2025-07-28 22:09:30 | [32mINFO[0m | yolo_detector.core.batch_processor:_process_images_batch:182 - 已处理 50/66 张图像
2025-07-28 22:09:30 | [32mINFO[0m | yolo_detector.core.detector:detect:459 - 图像分割完成
2025-07-28 22:09:31 | [32mINFO[0m | yolo_detector.core.detector:detect:459 - 图像分割完成
2025-07-28 22:09:31 | [32mINFO[0m | yolo_detector.core.detector:detect:459 - 图像分割完成
2025-07-28 22:09:32 | [32mINFO[0m | yolo_detector.core.detector:detect:459 - 图像分割完成
2025-07-28 22:09:32 | [32mINFO[0m | yolo_detector.core.detector:detect:459 - 图像分割完成
2025-07-28 22:09:33 | [32mINFO[0m | yolo_detector.core.detector:detect:459 - 图像分割完成
2025-07-28 22:09:33 | [32mINFO[0m | yolo_detector.core.detector:detect:459 - 图像分割完成
2025-07-28 22:09:34 | [32mINFO[0m | yolo_detector.core.detector:detect:459 - 图像分割完成
2025-07-28 22:09:34 | [32mINFO[0m | yolo_detector.core.detector:detect:459 - 图像分割完成
2025-07-28 22:09:34 | [32mINFO[0m | yolo_detector.core.detector:detect:459 - 图像分割完成
2025-07-28 22:09:34 | [32mINFO[0m | yolo_detector.core.batch_processor:_process_images_batch:182 - 已处理 60/66 张图像
2025-07-28 22:09:35 | [32mINFO[0m | yolo_detector.core.detector:detect:459 - 图像分割完成
2025-07-28 22:09:35 | [32mINFO[0m | yolo_detector.core.detector:detect:459 - 图像分割完成
2025-07-28 22:09:36 | [32mINFO[0m | yolo_detector.core.detector:detect:459 - 图像分割完成
2025-07-28 22:09:36 | [32mINFO[0m | yolo_detector.core.detector:detect:459 - 图像分割完成
2025-07-28 22:09:37 | [32mINFO[0m | yolo_detector.core.detector:detect:459 - 图像分割完成
2025-07-28 22:09:37 | [32mINFO[0m | yolo_detector.core.detector:detect:459 - 图像分割完成
2025-07-28 22:09:37 | [32mINFO[0m | yolo_detector.core.batch_processor:_process_images_batch:188 - 批量检测完成: 64/66 成功
2025-07-28 22:09:38 | [32mINFO[0m | yolo_detector.core.result_processor:process_batch_results:159 - 批量处理完成: 64/66 成功
2025-07-28 22:09:38 | [32mINFO[0m | yolo_detector.core.result_processor:export_results_to_csv:243 - 结果导出到CSV成功: outputs\detection_results_20250728_220938.csv
2025-07-28 22:09:38 | [32mINFO[0m | yolo_detector.core.batch_processor:_export_results:221 - 汇总报告已保存: outputs\detection_summary_20250728_220938.md
2025-07-28 22:09:38 | [32mINFO[0m | yolo_detector.core.batch_processor:process_folder:140 - 批量处理完成: 64/66 成功，耗时 33.35秒
2025-07-28 22:09:38 | [32mINFO[0m | yolo_detector.models.model_loader:unload_model:185 - 成功卸载segmentation模型
2025-07-28 22:09:38 | [32mINFO[0m | yolo_detector.models.model_loader:unload_all_models:201 - 所有模型已卸载
2025-07-29 13:04:48 | [32mINFO[0m | yolo_detector.config.settings:_load_config:49 - 成功加载配置文件: D:\00deeplearn\yolo11\gradi_yolo\configs\default.yaml
2025-07-29 13:04:48 | [32mINFO[0m | yolo_detector.config.settings:_validate_config:126 - 配置验证完成
2025-07-29 13:04:48 | [32mINFO[0m | __main__:setup_environment:36 - 环境设置完成
2025-07-29 13:04:48 | [32mINFO[0m | __main__:run_web_interface:49 - 启动Web界面...
2025-07-29 13:04:48 | [32mINFO[0m | yolo_detector.ui.gradio_app:__init__:55 - Gradio应用初始化完成
2025-07-29 13:04:48 | [32mINFO[0m | yolo_detector.utils.file_utils:get_image_files:68 - 找到 969 个图像文件在 D:\Python\00雪橇打标\20250525
2025-07-29 13:04:48 | [32mINFO[0m | yolo_detector.utils.file_utils:get_example_images:164 - 获取 12 个示例图像
2025-07-29 13:04:48 | [32mINFO[0m | yolo_detector.ui.gradio_app:create_interface:382 - Gradio界面创建完成
2025-07-29 13:04:48 | [32mINFO[0m | httpx:_send_single_request:1025 - HTTP Request: GET http://127.0.0.1:7861/gradio_api/startup-events "HTTP/1.1 200 OK"
2025-07-29 13:04:48 | [32mINFO[0m | httpx:_send_single_request:1025 - HTTP Request: HEAD http://127.0.0.1:7861/ "HTTP/1.1 200 OK"
2025-07-29 13:04:57 | [32mINFO[0m | yolo_detector.utils.file_utils:get_image_files:68 - 找到 969 个图像文件在 D:\Python\00雪橇打标\20250525
2025-07-29 13:04:57 | [32mINFO[0m | yolo_detector.utils.file_utils:get_example_images:164 - 获取 12 个示例图像
2025-07-29 13:04:57 | [32mINFO[0m | yolo_detector.ui.gradio_app:use_example_image:195 - 使用示例图像: 1004_20250525_090415.jpg
2025-07-29 13:04:57 | [32mINFO[0m | yolo_detector.models.model_loader:load_model:81 - 开始加载detection模型: D:/00deeplearn/yolo11/【2】训练模型/cls/train_new/weights/best.pt
2025-07-29 13:04:57 | [32mINFO[0m | yolo_detector.models.model_loader:load_model:92 - 成功加载detection模型: D:/00deeplearn/yolo11/【2】训练模型/cls/train_new/weights/best.pt
2025-07-29 13:04:57 | [32mINFO[0m | yolo_detector.core.detector:load_model:349 - 目标检测模型加载成功
2025-07-29 13:05:01 | [32mINFO[0m | yolo_detector.utils.file_utils:get_image_files:68 - 找到 969 个图像文件在 D:\Python\00雪橇打标\20250525
2025-07-29 13:05:01 | [32mINFO[0m | yolo_detector.utils.file_utils:get_example_images:164 - 获取 12 个示例图像
2025-07-29 13:05:01 | [32mINFO[0m | yolo_detector.ui.gradio_app:use_example_image:195 - 使用示例图像: 1011_20250525_112818.jpg
2025-07-29 13:05:02 | [32mINFO[0m | yolo_detector.core.detector:detect:395 - 目标检测完成
2025-07-29 13:05:02 | [32mINFO[0m | yolo_detector.ui.gradio_app:detect_image:134 - 检测完成: 1 个对象
2025-07-29 13:05:02 | [32mINFO[0m | yolo_detector.models.model_loader:load_model:81 - 开始加载segmentation模型: D:/00deeplearn/yolo11/【2】训练模型/seg/train2_new/weights/best.pt
2025-07-29 13:05:03 | [32mINFO[0m | yolo_detector.models.model_loader:load_model:92 - 成功加载segmentation模型: D:/00deeplearn/yolo11/【2】训练模型/seg/train2_new/weights/best.pt
2025-07-29 13:05:03 | [32mINFO[0m | yolo_detector.core.detector:load_model:418 - 图像分割模型加载成功
2025-07-29 13:05:03 | [32mINFO[0m | yolo_detector.ui.gradio_app:switch_detector:88 - 切换到图像分割模式
2025-07-29 13:05:04 | [32mINFO[0m | yolo_detector.core.detector:detect:469 - 图像分割完成
2025-07-29 13:05:04 | [32mINFO[0m | yolo_detector.ui.gradio_app:detect_image:134 - 检测完成: 3 个对象
2025-07-29 13:05:12 | [32mINFO[0m | yolo_detector.utils.file_utils:get_image_files:68 - 找到 969 个图像文件在 D:\Python\00雪橇打标\20250525
2025-07-29 13:05:12 | [32mINFO[0m | yolo_detector.utils.file_utils:get_example_images:164 - 获取 12 个示例图像
2025-07-29 13:05:12 | [32mINFO[0m | yolo_detector.ui.gradio_app:use_example_image:195 - 使用示例图像: 1004_20250525_090415.jpg
2025-07-29 13:05:12 | [32mINFO[0m | yolo_detector.core.detector:detect:469 - 图像分割完成
2025-07-29 13:05:12 | [32mINFO[0m | yolo_detector.ui.gradio_app:detect_image:134 - 检测完成: 3 个对象
2025-07-29 13:05:12 | [32mINFO[0m | yolo_detector.utils.file_utils:get_image_files:68 - 找到 969 个图像文件在 D:\Python\00雪橇打标\20250525
2025-07-29 13:05:12 | [32mINFO[0m | yolo_detector.utils.file_utils:get_example_images:164 - 获取 12 个示例图像
2025-07-29 13:05:12 | [32mINFO[0m | yolo_detector.ui.gradio_app:use_example_image:195 - 使用示例图像: 1004_20250525_214610.jpg
2025-07-29 13:05:13 | [32mINFO[0m | yolo_detector.core.detector:detect:469 - 图像分割完成
2025-07-29 13:05:13 | [32mINFO[0m | yolo_detector.ui.gradio_app:detect_image:134 - 检测完成: 4 个对象
2025-07-29 13:05:15 | [32mINFO[0m | yolo_detector.utils.file_utils:get_image_files:68 - 找到 969 个图像文件在 D:\Python\00雪橇打标\20250525
2025-07-29 13:05:15 | [32mINFO[0m | yolo_detector.utils.file_utils:get_example_images:164 - 获取 12 个示例图像
2025-07-29 13:05:15 | [32mINFO[0m | yolo_detector.ui.gradio_app:use_example_image:195 - 使用示例图像: 1005_20250525_110053.jpg
2025-07-29 13:05:16 | [32mINFO[0m | yolo_detector.core.detector:detect:469 - 图像分割完成
2025-07-29 13:05:16 | [32mINFO[0m | yolo_detector.ui.gradio_app:detect_image:134 - 检测完成: 7 个对象
2025-07-29 13:05:18 | [32mINFO[0m | yolo_detector.utils.file_utils:get_image_files:68 - 找到 969 个图像文件在 D:\Python\00雪橇打标\20250525
2025-07-29 13:05:18 | [32mINFO[0m | yolo_detector.utils.file_utils:get_example_images:164 - 获取 12 个示例图像
2025-07-29 13:05:18 | [32mINFO[0m | yolo_detector.ui.gradio_app:use_example_image:195 - 使用示例图像: 1005_20250525_222234.jpg
2025-07-29 13:05:19 | [32mINFO[0m | yolo_detector.core.detector:detect:469 - 图像分割完成
2025-07-29 13:05:19 | [32mINFO[0m | yolo_detector.ui.gradio_app:detect_image:134 - 检测完成: 6 个对象
2025-07-29 13:05:21 | [32mINFO[0m | yolo_detector.utils.file_utils:get_image_files:68 - 找到 969 个图像文件在 D:\Python\00雪橇打标\20250525
2025-07-29 13:05:21 | [32mINFO[0m | yolo_detector.utils.file_utils:get_example_images:164 - 获取 12 个示例图像
2025-07-29 13:05:21 | [32mINFO[0m | yolo_detector.ui.gradio_app:use_example_image:195 - 使用示例图像: 1006_20250525_141740.jpg
2025-07-29 13:05:21 | [32mINFO[0m | yolo_detector.core.detector:detect:469 - 图像分割完成
2025-07-29 13:05:21 | [32mINFO[0m | yolo_detector.ui.gradio_app:detect_image:134 - 检测完成: 6 个对象
2025-07-29 13:05:22 | [32mINFO[0m | yolo_detector.utils.file_utils:get_image_files:68 - 找到 969 个图像文件在 D:\Python\00雪橇打标\20250525
2025-07-29 13:05:22 | [32mINFO[0m | yolo_detector.utils.file_utils:get_example_images:164 - 获取 12 个示例图像
2025-07-29 13:05:22 | [32mINFO[0m | yolo_detector.ui.gradio_app:use_example_image:195 - 使用示例图像: 1007_20250525_062726.jpg
2025-07-29 13:05:23 | [32mINFO[0m | yolo_detector.core.detector:detect:469 - 图像分割完成
2025-07-29 13:05:23 | [32mINFO[0m | yolo_detector.ui.gradio_app:detect_image:134 - 检测完成: 1 个对象
2025-07-29 13:05:24 | [32mINFO[0m | yolo_detector.utils.file_utils:get_image_files:68 - 找到 969 个图像文件在 D:\Python\00雪橇打标\20250525
2025-07-29 13:05:24 | [32mINFO[0m | yolo_detector.utils.file_utils:get_example_images:164 - 获取 12 个示例图像
2025-07-29 13:05:24 | [32mINFO[0m | yolo_detector.ui.gradio_app:use_example_image:195 - 使用示例图像: 1007_20250525_154159.jpg
2025-07-29 13:05:25 | [32mINFO[0m | yolo_detector.core.detector:detect:469 - 图像分割完成
2025-07-29 13:05:25 | [32mINFO[0m | yolo_detector.ui.gradio_app:detect_image:134 - 检测完成: 1 个对象
2025-07-29 13:05:26 | [32mINFO[0m | yolo_detector.utils.file_utils:get_image_files:68 - 找到 969 个图像文件在 D:\Python\00雪橇打标\20250525
2025-07-29 13:05:26 | [32mINFO[0m | yolo_detector.utils.file_utils:get_example_images:164 - 获取 12 个示例图像
2025-07-29 13:05:26 | [32mINFO[0m | yolo_detector.ui.gradio_app:use_example_image:195 - 使用示例图像: 1008_20250525_051509.jpg
2025-07-29 13:05:26 | [32mINFO[0m | yolo_detector.core.detector:detect:469 - 图像分割完成
2025-07-29 13:05:27 | [32mINFO[0m | yolo_detector.ui.gradio_app:detect_image:134 - 检测完成: 3 个对象
2025-07-29 13:05:28 | [32mINFO[0m | yolo_detector.utils.file_utils:get_image_files:68 - 找到 969 个图像文件在 D:\Python\00雪橇打标\20250525
2025-07-29 13:05:28 | [32mINFO[0m | yolo_detector.utils.file_utils:get_example_images:164 - 获取 12 个示例图像
2025-07-29 13:05:28 | [32mINFO[0m | yolo_detector.ui.gradio_app:use_example_image:195 - 使用示例图像: 1008_20250525_125343.jpg
2025-07-29 13:05:28 | [32mINFO[0m | yolo_detector.core.detector:detect:469 - 图像分割完成
2025-07-29 13:05:28 | [32mINFO[0m | yolo_detector.ui.gradio_app:detect_image:134 - 检测完成: 2 个对象
2025-07-29 13:05:35 | [32mINFO[0m | yolo_detector.utils.file_utils:get_image_files:68 - 找到 969 个图像文件在 D:\Python\00雪橇打标\20250525
2025-07-29 13:05:35 | [32mINFO[0m | yolo_detector.utils.file_utils:get_example_images:164 - 获取 12 个示例图像
2025-07-29 13:05:35 | [32mINFO[0m | yolo_detector.ui.gradio_app:use_example_image:195 - 使用示例图像: 1008_20250525_234155.jpg
2025-07-29 13:05:36 | [32mINFO[0m | yolo_detector.core.detector:detect:469 - 图像分割完成
2025-07-29 13:05:36 | [32mINFO[0m | yolo_detector.ui.gradio_app:detect_image:134 - 检测完成: 1 个对象
2025-07-29 13:05:36 | [32mINFO[0m | yolo_detector.utils.file_utils:get_image_files:68 - 找到 969 个图像文件在 D:\Python\00雪橇打标\20250525
2025-07-29 13:05:36 | [32mINFO[0m | yolo_detector.utils.file_utils:get_example_images:164 - 获取 12 个示例图像
2025-07-29 13:05:36 | [32mINFO[0m | yolo_detector.ui.gradio_app:use_example_image:195 - 使用示例图像: 1009_20250525_113946.jpg
2025-07-29 13:05:37 | [32mINFO[0m | yolo_detector.core.detector:detect:469 - 图像分割完成
2025-07-29 13:05:37 | [32mINFO[0m | yolo_detector.ui.gradio_app:detect_image:134 - 检测完成: 5 个对象
2025-07-29 13:05:37 | [32mINFO[0m | yolo_detector.utils.file_utils:get_image_files:68 - 找到 969 个图像文件在 D:\Python\00雪橇打标\20250525
2025-07-29 13:05:37 | [32mINFO[0m | yolo_detector.utils.file_utils:get_example_images:164 - 获取 12 个示例图像
2025-07-29 13:05:37 | [32mINFO[0m | yolo_detector.ui.gradio_app:use_example_image:195 - 使用示例图像: 1011_20250525_112818.jpg
2025-07-29 13:05:38 | [32mINFO[0m | yolo_detector.core.detector:detect:469 - 图像分割完成
2025-07-29 13:05:38 | [32mINFO[0m | yolo_detector.ui.gradio_app:detect_image:134 - 检测完成: 3 个对象
2025-07-29 13:05:38 | [32mINFO[0m | yolo_detector.utils.file_utils:get_image_files:68 - 找到 969 个图像文件在 D:\Python\00雪橇打标\20250525
2025-07-29 13:05:38 | [32mINFO[0m | yolo_detector.utils.file_utils:get_example_images:164 - 获取 12 个示例图像
2025-07-29 13:05:38 | [32mINFO[0m | yolo_detector.ui.gradio_app:use_example_image:195 - 使用示例图像: 1004_20250525_090415.jpg
2025-07-29 13:05:39 | [32mINFO[0m | yolo_detector.core.detector:detect:469 - 图像分割完成
2025-07-29 13:05:39 | [32mINFO[0m | yolo_detector.ui.gradio_app:detect_image:134 - 检测完成: 3 个对象
2025-07-29 13:05:39 | [32mINFO[0m | yolo_detector.utils.file_utils:get_image_files:68 - 找到 969 个图像文件在 D:\Python\00雪橇打标\20250525
2025-07-29 13:05:39 | [32mINFO[0m | yolo_detector.utils.file_utils:get_example_images:164 - 获取 12 个示例图像
2025-07-29 13:05:39 | [32mINFO[0m | yolo_detector.ui.gradio_app:use_example_image:195 - 使用示例图像: 1004_20250525_214610.jpg
2025-07-29 13:05:40 | [32mINFO[0m | yolo_detector.core.detector:detect:469 - 图像分割完成
2025-07-29 13:05:40 | [32mINFO[0m | yolo_detector.ui.gradio_app:detect_image:134 - 检测完成: 4 个对象
2025-07-29 13:05:41 | [32mINFO[0m | yolo_detector.utils.file_utils:get_image_files:68 - 找到 969 个图像文件在 D:\Python\00雪橇打标\20250525
2025-07-29 13:05:41 | [32mINFO[0m | yolo_detector.utils.file_utils:get_example_images:164 - 获取 12 个示例图像
2025-07-29 13:05:41 | [32mINFO[0m | yolo_detector.ui.gradio_app:use_example_image:195 - 使用示例图像: 1011_20250525_112818.jpg
2025-07-29 13:05:41 | [32mINFO[0m | yolo_detector.core.detector:detect:469 - 图像分割完成
2025-07-29 13:05:41 | [32mINFO[0m | yolo_detector.ui.gradio_app:detect_image:134 - 检测完成: 3 个对象
2025-07-29 13:05:43 | [32mINFO[0m | yolo_detector.utils.file_utils:get_image_files:68 - 找到 969 个图像文件在 D:\Python\00雪橇打标\20250525
2025-07-29 13:05:43 | [32mINFO[0m | yolo_detector.utils.file_utils:get_example_images:164 - 获取 12 个示例图像
2025-07-29 13:05:43 | [32mINFO[0m | yolo_detector.ui.gradio_app:use_example_image:195 - 使用示例图像: 1004_20250525_090415.jpg
2025-07-29 13:05:43 | [32mINFO[0m | yolo_detector.core.detector:detect:469 - 图像分割完成
2025-07-29 13:05:43 | [32mINFO[0m | yolo_detector.ui.gradio_app:detect_image:134 - 检测完成: 3 个对象
2025-07-29 13:05:43 | [32mINFO[0m | yolo_detector.utils.file_utils:get_image_files:68 - 找到 969 个图像文件在 D:\Python\00雪橇打标\20250525
2025-07-29 13:05:43 | [32mINFO[0m | yolo_detector.utils.file_utils:get_example_images:164 - 获取 12 个示例图像
2025-07-29 13:05:43 | [32mINFO[0m | yolo_detector.ui.gradio_app:use_example_image:195 - 使用示例图像: 1004_20250525_214610.jpg
2025-07-29 13:05:44 | [32mINFO[0m | yolo_detector.core.detector:detect:469 - 图像分割完成
2025-07-29 13:05:44 | [32mINFO[0m | yolo_detector.ui.gradio_app:detect_image:134 - 检测完成: 4 个对象
2025-07-29 13:05:45 | [32mINFO[0m | yolo_detector.utils.file_utils:get_image_files:68 - 找到 969 个图像文件在 D:\Python\00雪橇打标\20250525
2025-07-29 13:05:45 | [32mINFO[0m | yolo_detector.utils.file_utils:get_example_images:164 - 获取 12 个示例图像
2025-07-29 13:05:45 | [32mINFO[0m | yolo_detector.ui.gradio_app:use_example_image:195 - 使用示例图像: 1005_20250525_110053.jpg
2025-07-29 13:05:45 | [32mINFO[0m | yolo_detector.core.detector:detect:469 - 图像分割完成
2025-07-29 13:05:46 | [32mINFO[0m | yolo_detector.ui.gradio_app:detect_image:134 - 检测完成: 7 个对象
2025-07-29 13:05:46 | [32mINFO[0m | yolo_detector.utils.file_utils:get_image_files:68 - 找到 969 个图像文件在 D:\Python\00雪橇打标\20250525
2025-07-29 13:05:46 | [32mINFO[0m | yolo_detector.utils.file_utils:get_example_images:164 - 获取 12 个示例图像
2025-07-29 13:05:46 | [32mINFO[0m | yolo_detector.ui.gradio_app:use_example_image:195 - 使用示例图像: 1005_20250525_222234.jpg
2025-07-29 13:05:46 | [32mINFO[0m | yolo_detector.core.detector:detect:469 - 图像分割完成
2025-07-29 13:05:46 | [32mINFO[0m | yolo_detector.ui.gradio_app:detect_image:134 - 检测完成: 6 个对象
2025-07-29 13:05:47 | [32mINFO[0m | yolo_detector.utils.file_utils:get_image_files:68 - 找到 969 个图像文件在 D:\Python\00雪橇打标\20250525
2025-07-29 13:05:47 | [32mINFO[0m | yolo_detector.utils.file_utils:get_example_images:164 - 获取 12 个示例图像
2025-07-29 13:05:47 | [32mINFO[0m | yolo_detector.ui.gradio_app:use_example_image:195 - 使用示例图像: 1007_20250525_062726.jpg
2025-07-29 13:05:48 | [32mINFO[0m | yolo_detector.core.detector:detect:469 - 图像分割完成
2025-07-29 13:05:48 | [32mINFO[0m | yolo_detector.ui.gradio_app:detect_image:134 - 检测完成: 1 个对象
2025-07-29 13:05:48 | [32mINFO[0m | yolo_detector.utils.file_utils:get_image_files:68 - 找到 969 个图像文件在 D:\Python\00雪橇打标\20250525
2025-07-29 13:05:48 | [32mINFO[0m | yolo_detector.utils.file_utils:get_example_images:164 - 获取 12 个示例图像
2025-07-29 13:05:48 | [32mINFO[0m | yolo_detector.ui.gradio_app:use_example_image:195 - 使用示例图像: 1008_20250525_051509.jpg
2025-07-29 13:05:49 | [32mINFO[0m | yolo_detector.core.detector:detect:469 - 图像分割完成
2025-07-29 13:05:49 | [32mINFO[0m | yolo_detector.ui.gradio_app:detect_image:134 - 检测完成: 3 个对象
2025-07-29 13:05:50 | [32mINFO[0m | yolo_detector.utils.file_utils:get_image_files:68 - 找到 969 个图像文件在 D:\Python\00雪橇打标\20250525
2025-07-29 13:05:50 | [32mINFO[0m | yolo_detector.utils.file_utils:get_example_images:164 - 获取 12 个示例图像
2025-07-29 13:05:50 | [32mINFO[0m | yolo_detector.ui.gradio_app:use_example_image:195 - 使用示例图像: 1008_20250525_125343.jpg
2025-07-29 13:05:50 | [32mINFO[0m | yolo_detector.core.detector:detect:469 - 图像分割完成
2025-07-29 13:05:50 | [32mINFO[0m | yolo_detector.ui.gradio_app:detect_image:134 - 检测完成: 2 个对象
2025-07-29 13:05:50 | [32mINFO[0m | yolo_detector.utils.file_utils:get_image_files:68 - 找到 969 个图像文件在 D:\Python\00雪橇打标\20250525
2025-07-29 13:05:50 | [32mINFO[0m | yolo_detector.utils.file_utils:get_example_images:164 - 获取 12 个示例图像
2025-07-29 13:05:50 | [32mINFO[0m | yolo_detector.ui.gradio_app:use_example_image:195 - 使用示例图像: 1008_20250525_234155.jpg
2025-07-29 13:05:51 | [32mINFO[0m | yolo_detector.core.detector:detect:469 - 图像分割完成
2025-07-29 13:05:51 | [32mINFO[0m | yolo_detector.ui.gradio_app:detect_image:134 - 检测完成: 1 个对象
2025-07-29 13:05:52 | [32mINFO[0m | yolo_detector.utils.file_utils:get_image_files:68 - 找到 969 个图像文件在 D:\Python\00雪橇打标\20250525
2025-07-29 13:05:52 | [32mINFO[0m | yolo_detector.utils.file_utils:get_example_images:164 - 获取 12 个示例图像
2025-07-29 13:05:52 | [32mINFO[0m | yolo_detector.ui.gradio_app:use_example_image:195 - 使用示例图像: 1009_20250525_113946.jpg
2025-07-29 13:05:52 | [32mINFO[0m | yolo_detector.core.detector:detect:469 - 图像分割完成
2025-07-29 13:05:52 | [32mINFO[0m | yolo_detector.ui.gradio_app:detect_image:134 - 检测完成: 5 个对象
2025-07-29 13:05:53 | [32mINFO[0m | yolo_detector.utils.file_utils:get_image_files:68 - 找到 969 个图像文件在 D:\Python\00雪橇打标\20250525
2025-07-29 13:05:53 | [32mINFO[0m | yolo_detector.utils.file_utils:get_example_images:164 - 获取 12 个示例图像
2025-07-29 13:05:53 | [32mINFO[0m | yolo_detector.ui.gradio_app:use_example_image:195 - 使用示例图像: 1011_20250525_112818.jpg
2025-07-29 13:05:54 | [32mINFO[0m | yolo_detector.core.detector:detect:469 - 图像分割完成
2025-07-29 13:05:54 | [32mINFO[0m | yolo_detector.ui.gradio_app:detect_image:134 - 检测完成: 3 个对象
2025-07-29 13:05:54 | [32mINFO[0m | yolo_detector.utils.file_utils:get_image_files:68 - 找到 969 个图像文件在 D:\Python\00雪橇打标\20250525
2025-07-29 13:05:54 | [32mINFO[0m | yolo_detector.utils.file_utils:get_example_images:164 - 获取 12 个示例图像
2025-07-29 13:05:54 | [32mINFO[0m | yolo_detector.ui.gradio_app:use_example_image:195 - 使用示例图像: 1004_20250525_090415.jpg
2025-07-29 13:05:55 | [32mINFO[0m | yolo_detector.core.detector:detect:469 - 图像分割完成
2025-07-29 13:05:55 | [32mINFO[0m | yolo_detector.ui.gradio_app:detect_image:134 - 检测完成: 3 个对象
2025-07-29 13:05:56 | [32mINFO[0m | yolo_detector.utils.file_utils:get_image_files:68 - 找到 969 个图像文件在 D:\Python\00雪橇打标\20250525
2025-07-29 13:05:56 | [32mINFO[0m | yolo_detector.utils.file_utils:get_example_images:164 - 获取 12 个示例图像
2025-07-29 13:05:56 | [32mINFO[0m | yolo_detector.ui.gradio_app:use_example_image:195 - 使用示例图像: 1004_20250525_214610.jpg
2025-07-29 13:05:56 | [32mINFO[0m | yolo_detector.core.detector:detect:469 - 图像分割完成
2025-07-29 13:05:56 | [32mINFO[0m | yolo_detector.ui.gradio_app:detect_image:134 - 检测完成: 4 个对象
2025-07-29 13:05:57 | [32mINFO[0m | yolo_detector.utils.file_utils:get_image_files:68 - 找到 969 个图像文件在 D:\Python\00雪橇打标\20250525
2025-07-29 13:05:57 | [32mINFO[0m | yolo_detector.utils.file_utils:get_example_images:164 - 获取 12 个示例图像
2025-07-29 13:05:57 | [32mINFO[0m | yolo_detector.ui.gradio_app:use_example_image:195 - 使用示例图像: 1005_20250525_110053.jpg
2025-07-29 13:05:58 | [32mINFO[0m | yolo_detector.core.detector:detect:469 - 图像分割完成
2025-07-29 13:05:58 | [32mINFO[0m | yolo_detector.ui.gradio_app:detect_image:134 - 检测完成: 7 个对象
2025-07-29 13:05:58 | [32mINFO[0m | yolo_detector.utils.file_utils:get_image_files:68 - 找到 969 个图像文件在 D:\Python\00雪橇打标\20250525
2025-07-29 13:05:58 | [32mINFO[0m | yolo_detector.utils.file_utils:get_example_images:164 - 获取 12 个示例图像
2025-07-29 13:05:58 | [32mINFO[0m | yolo_detector.ui.gradio_app:use_example_image:195 - 使用示例图像: 1005_20250525_222234.jpg
2025-07-29 13:05:59 | [32mINFO[0m | yolo_detector.core.detector:detect:469 - 图像分割完成
2025-07-29 13:05:59 | [32mINFO[0m | yolo_detector.ui.gradio_app:detect_image:134 - 检测完成: 6 个对象
2025-07-29 13:05:59 | [32mINFO[0m | yolo_detector.utils.file_utils:get_image_files:68 - 找到 969 个图像文件在 D:\Python\00雪橇打标\20250525
2025-07-29 13:05:59 | [32mINFO[0m | yolo_detector.utils.file_utils:get_example_images:164 - 获取 12 个示例图像
2025-07-29 13:05:59 | [32mINFO[0m | yolo_detector.ui.gradio_app:use_example_image:195 - 使用示例图像: 1006_20250525_141740.jpg
2025-07-29 13:06:00 | [32mINFO[0m | yolo_detector.core.detector:detect:469 - 图像分割完成
2025-07-29 13:06:00 | [32mINFO[0m | yolo_detector.ui.gradio_app:detect_image:134 - 检测完成: 6 个对象
2025-07-29 13:06:00 | [32mINFO[0m | yolo_detector.utils.file_utils:get_image_files:68 - 找到 969 个图像文件在 D:\Python\00雪橇打标\20250525
2025-07-29 13:06:00 | [32mINFO[0m | yolo_detector.utils.file_utils:get_example_images:164 - 获取 12 个示例图像
2025-07-29 13:06:00 | [32mINFO[0m | yolo_detector.ui.gradio_app:use_example_image:195 - 使用示例图像: 1007_20250525_062726.jpg
2025-07-29 13:06:01 | [32mINFO[0m | yolo_detector.core.detector:detect:469 - 图像分割完成
2025-07-29 13:06:01 | [32mINFO[0m | yolo_detector.ui.gradio_app:detect_image:134 - 检测完成: 1 个对象
2025-07-29 13:06:01 | [32mINFO[0m | yolo_detector.utils.file_utils:get_image_files:68 - 找到 969 个图像文件在 D:\Python\00雪橇打标\20250525
2025-07-29 13:06:01 | [32mINFO[0m | yolo_detector.utils.file_utils:get_example_images:164 - 获取 12 个示例图像
2025-07-29 13:06:01 | [32mINFO[0m | yolo_detector.ui.gradio_app:use_example_image:195 - 使用示例图像: 1007_20250525_154159.jpg
2025-07-29 13:06:02 | [32mINFO[0m | yolo_detector.core.detector:detect:469 - 图像分割完成
2025-07-29 13:06:02 | [32mINFO[0m | yolo_detector.ui.gradio_app:detect_image:134 - 检测完成: 1 个对象
2025-07-29 13:06:02 | [32mINFO[0m | yolo_detector.utils.file_utils:get_image_files:68 - 找到 969 个图像文件在 D:\Python\00雪橇打标\20250525
2025-07-29 13:06:02 | [32mINFO[0m | yolo_detector.utils.file_utils:get_example_images:164 - 获取 12 个示例图像
2025-07-29 13:06:02 | [32mINFO[0m | yolo_detector.ui.gradio_app:use_example_image:195 - 使用示例图像: 1008_20250525_051509.jpg
2025-07-29 13:06:03 | [32mINFO[0m | yolo_detector.core.detector:detect:469 - 图像分割完成
2025-07-29 13:06:03 | [32mINFO[0m | yolo_detector.ui.gradio_app:detect_image:134 - 检测完成: 3 个对象
2025-07-29 13:06:03 | [32mINFO[0m | yolo_detector.utils.file_utils:get_image_files:68 - 找到 969 个图像文件在 D:\Python\00雪橇打标\20250525
2025-07-29 13:06:03 | [32mINFO[0m | yolo_detector.utils.file_utils:get_example_images:164 - 获取 12 个示例图像
2025-07-29 13:06:03 | [32mINFO[0m | yolo_detector.ui.gradio_app:use_example_image:195 - 使用示例图像: 1008_20250525_125343.jpg
2025-07-29 13:06:04 | [32mINFO[0m | yolo_detector.core.detector:detect:469 - 图像分割完成
2025-07-29 13:06:04 | [32mINFO[0m | yolo_detector.ui.gradio_app:detect_image:134 - 检测完成: 2 个对象
2025-07-29 13:06:05 | [32mINFO[0m | yolo_detector.utils.file_utils:get_image_files:68 - 找到 969 个图像文件在 D:\Python\00雪橇打标\20250525
2025-07-29 13:06:05 | [32mINFO[0m | yolo_detector.utils.file_utils:get_example_images:164 - 获取 12 个示例图像
2025-07-29 13:06:05 | [32mINFO[0m | yolo_detector.ui.gradio_app:use_example_image:195 - 使用示例图像: 1008_20250525_234155.jpg
2025-07-29 13:06:05 | [32mINFO[0m | yolo_detector.core.detector:detect:469 - 图像分割完成
2025-07-29 13:06:05 | [32mINFO[0m | yolo_detector.ui.gradio_app:detect_image:134 - 检测完成: 1 个对象
2025-07-29 13:06:05 | [32mINFO[0m | yolo_detector.utils.file_utils:get_image_files:68 - 找到 969 个图像文件在 D:\Python\00雪橇打标\20250525
2025-07-29 13:06:05 | [32mINFO[0m | yolo_detector.utils.file_utils:get_example_images:164 - 获取 12 个示例图像
2025-07-29 13:06:06 | [32mINFO[0m | yolo_detector.ui.gradio_app:use_example_image:195 - 使用示例图像: 1009_20250525_113946.jpg
2025-07-29 13:06:06 | [32mINFO[0m | yolo_detector.core.detector:detect:469 - 图像分割完成
2025-07-29 13:06:06 | [32mINFO[0m | yolo_detector.ui.gradio_app:detect_image:134 - 检测完成: 5 个对象
2025-07-29 13:06:07 | [32mINFO[0m | yolo_detector.utils.file_utils:get_image_files:68 - 找到 969 个图像文件在 D:\Python\00雪橇打标\20250525
2025-07-29 13:06:07 | [32mINFO[0m | yolo_detector.utils.file_utils:get_example_images:164 - 获取 12 个示例图像
2025-07-29 13:06:07 | [32mINFO[0m | yolo_detector.ui.gradio_app:use_example_image:195 - 使用示例图像: 1011_20250525_112818.jpg
2025-07-29 13:06:07 | [32mINFO[0m | yolo_detector.core.detector:detect:469 - 图像分割完成
2025-07-29 13:06:08 | [32mINFO[0m | yolo_detector.ui.gradio_app:detect_image:134 - 检测完成: 3 个对象
2025-07-29 13:06:08 | [32mINFO[0m | yolo_detector.utils.file_utils:get_image_files:68 - 找到 969 个图像文件在 D:\Python\00雪橇打标\20250525
2025-07-29 13:06:08 | [32mINFO[0m | yolo_detector.utils.file_utils:get_example_images:164 - 获取 12 个示例图像
2025-07-29 13:06:08 | [32mINFO[0m | yolo_detector.ui.gradio_app:use_example_image:195 - 使用示例图像: 1004_20250525_090415.jpg
2025-07-29 13:06:09 | [32mINFO[0m | yolo_detector.core.detector:detect:469 - 图像分割完成
2025-07-29 13:06:09 | [32mINFO[0m | yolo_detector.ui.gradio_app:detect_image:134 - 检测完成: 3 个对象
2025-07-29 13:06:09 | [32mINFO[0m | yolo_detector.utils.file_utils:get_image_files:68 - 找到 969 个图像文件在 D:\Python\00雪橇打标\20250525
2025-07-29 13:06:09 | [32mINFO[0m | yolo_detector.utils.file_utils:get_example_images:164 - 获取 12 个示例图像
2025-07-29 13:06:09 | [32mINFO[0m | yolo_detector.ui.gradio_app:use_example_image:195 - 使用示例图像: 1004_20250525_214610.jpg
2025-07-29 13:06:10 | [32mINFO[0m | yolo_detector.core.detector:detect:469 - 图像分割完成
2025-07-29 13:06:10 | [32mINFO[0m | yolo_detector.ui.gradio_app:detect_image:134 - 检测完成: 4 个对象
2025-07-29 13:06:11 | [32mINFO[0m | yolo_detector.utils.file_utils:get_image_files:68 - 找到 969 个图像文件在 D:\Python\00雪橇打标\20250525
2025-07-29 13:06:11 | [32mINFO[0m | yolo_detector.utils.file_utils:get_example_images:164 - 获取 12 个示例图像
2025-07-29 13:06:11 | [32mINFO[0m | yolo_detector.ui.gradio_app:use_example_image:195 - 使用示例图像: 1005_20250525_110053.jpg
2025-07-29 13:06:11 | [32mINFO[0m | yolo_detector.core.detector:detect:469 - 图像分割完成
2025-07-29 13:06:11 | [32mINFO[0m | yolo_detector.ui.gradio_app:detect_image:134 - 检测完成: 7 个对象
2025-07-29 13:06:12 | [32mINFO[0m | yolo_detector.utils.file_utils:get_image_files:68 - 找到 969 个图像文件在 D:\Python\00雪橇打标\20250525
2025-07-29 13:06:12 | [32mINFO[0m | yolo_detector.utils.file_utils:get_example_images:164 - 获取 12 个示例图像
2025-07-29 13:06:12 | [32mINFO[0m | yolo_detector.ui.gradio_app:use_example_image:195 - 使用示例图像: 1005_20250525_222234.jpg
2025-07-29 13:06:12 | [32mINFO[0m | yolo_detector.core.detector:detect:469 - 图像分割完成
2025-07-29 13:06:12 | [32mINFO[0m | yolo_detector.ui.gradio_app:detect_image:134 - 检测完成: 6 个对象
2025-07-29 13:06:13 | [32mINFO[0m | yolo_detector.utils.file_utils:get_image_files:68 - 找到 969 个图像文件在 D:\Python\00雪橇打标\20250525
2025-07-29 13:06:13 | [32mINFO[0m | yolo_detector.utils.file_utils:get_example_images:164 - 获取 12 个示例图像
2025-07-29 13:06:13 | [32mINFO[0m | yolo_detector.ui.gradio_app:use_example_image:195 - 使用示例图像: 1006_20250525_141740.jpg
2025-07-29 13:06:13 | [32mINFO[0m | yolo_detector.core.detector:detect:469 - 图像分割完成
2025-07-29 13:06:13 | [32mINFO[0m | yolo_detector.ui.gradio_app:detect_image:134 - 检测完成: 6 个对象
2025-07-29 13:06:14 | [32mINFO[0m | yolo_detector.utils.file_utils:get_image_files:68 - 找到 969 个图像文件在 D:\Python\00雪橇打标\20250525
2025-07-29 13:06:14 | [32mINFO[0m | yolo_detector.utils.file_utils:get_example_images:164 - 获取 12 个示例图像
2025-07-29 13:06:14 | [32mINFO[0m | yolo_detector.ui.gradio_app:use_example_image:195 - 使用示例图像: 1007_20250525_062726.jpg
2025-07-29 13:06:15 | [32mINFO[0m | yolo_detector.core.detector:detect:469 - 图像分割完成
2025-07-29 13:06:15 | [32mINFO[0m | yolo_detector.ui.gradio_app:detect_image:134 - 检测完成: 1 个对象
2025-07-29 13:06:15 | [32mINFO[0m | yolo_detector.utils.file_utils:get_image_files:68 - 找到 969 个图像文件在 D:\Python\00雪橇打标\20250525
2025-07-29 13:06:15 | [32mINFO[0m | yolo_detector.utils.file_utils:get_example_images:164 - 获取 12 个示例图像
2025-07-29 13:06:15 | [32mINFO[0m | yolo_detector.ui.gradio_app:use_example_image:195 - 使用示例图像: 1007_20250525_154159.jpg
2025-07-29 13:06:16 | [32mINFO[0m | yolo_detector.core.detector:detect:469 - 图像分割完成
2025-07-29 13:06:16 | [32mINFO[0m | yolo_detector.ui.gradio_app:detect_image:134 - 检测完成: 1 个对象
2025-07-29 13:06:16 | [32mINFO[0m | yolo_detector.utils.file_utils:get_image_files:68 - 找到 969 个图像文件在 D:\Python\00雪橇打标\20250525
2025-07-29 13:06:16 | [32mINFO[0m | yolo_detector.utils.file_utils:get_example_images:164 - 获取 12 个示例图像
2025-07-29 13:06:16 | [32mINFO[0m | yolo_detector.ui.gradio_app:use_example_image:195 - 使用示例图像: 1008_20250525_051509.jpg
2025-07-29 13:06:17 | [32mINFO[0m | yolo_detector.core.detector:detect:469 - 图像分割完成
2025-07-29 13:06:17 | [32mINFO[0m | yolo_detector.ui.gradio_app:detect_image:134 - 检测完成: 3 个对象
2025-07-29 13:06:38 | [32mINFO[0m | yolo_detector.utils.file_utils:get_image_files:68 - 找到 969 个图像文件在 D:\Python\00雪橇打标\20250525
2025-07-29 13:06:38 | [32mINFO[0m | yolo_detector.utils.file_utils:get_example_images:164 - 获取 12 个示例图像
2025-07-29 13:06:38 | [32mINFO[0m | yolo_detector.ui.gradio_app:use_example_image:195 - 使用示例图像: 1008_20250525_125343.jpg
2025-07-29 13:06:39 | [32mINFO[0m | yolo_detector.core.detector:detect:469 - 图像分割完成
2025-07-29 13:06:39 | [32mINFO[0m | yolo_detector.ui.gradio_app:detect_image:134 - 检测完成: 2 个对象
2025-07-29 13:06:39 | [32mINFO[0m | yolo_detector.utils.file_utils:get_image_files:68 - 找到 969 个图像文件在 D:\Python\00雪橇打标\20250525
2025-07-29 13:06:39 | [32mINFO[0m | yolo_detector.utils.file_utils:get_example_images:164 - 获取 12 个示例图像
2025-07-29 13:06:39 | [32mINFO[0m | yolo_detector.ui.gradio_app:use_example_image:195 - 使用示例图像: 1008_20250525_234155.jpg
2025-07-29 13:06:40 | [32mINFO[0m | yolo_detector.core.detector:detect:469 - 图像分割完成
2025-07-29 13:06:40 | [32mINFO[0m | yolo_detector.ui.gradio_app:detect_image:134 - 检测完成: 1 个对象
2025-07-29 13:06:41 | [32mINFO[0m | yolo_detector.utils.file_utils:get_image_files:68 - 找到 969 个图像文件在 D:\Python\00雪橇打标\20250525
2025-07-29 13:06:41 | [32mINFO[0m | yolo_detector.utils.file_utils:get_example_images:164 - 获取 12 个示例图像
2025-07-29 13:06:41 | [32mINFO[0m | yolo_detector.ui.gradio_app:use_example_image:195 - 使用示例图像: 1009_20250525_113946.jpg
2025-07-29 13:06:42 | [32mINFO[0m | yolo_detector.core.detector:detect:469 - 图像分割完成
2025-07-29 13:06:42 | [32mINFO[0m | yolo_detector.ui.gradio_app:detect_image:134 - 检测完成: 5 个对象
2025-07-29 13:06:42 | [32mINFO[0m | yolo_detector.utils.file_utils:get_image_files:68 - 找到 969 个图像文件在 D:\Python\00雪橇打标\20250525
2025-07-29 13:06:42 | [32mINFO[0m | yolo_detector.utils.file_utils:get_example_images:164 - 获取 12 个示例图像
2025-07-29 13:06:42 | [32mINFO[0m | yolo_detector.ui.gradio_app:use_example_image:195 - 使用示例图像: 1011_20250525_112818.jpg
2025-07-29 13:06:43 | [32mINFO[0m | yolo_detector.core.detector:detect:469 - 图像分割完成
2025-07-29 13:06:43 | [32mINFO[0m | yolo_detector.ui.gradio_app:detect_image:134 - 检测完成: 3 个对象
2025-07-29 13:06:44 | [32mINFO[0m | yolo_detector.utils.file_utils:get_image_files:68 - 找到 969 个图像文件在 D:\Python\00雪橇打标\20250525
2025-07-29 13:06:44 | [32mINFO[0m | yolo_detector.utils.file_utils:get_example_images:164 - 获取 12 个示例图像
2025-07-29 13:06:44 | [32mINFO[0m | yolo_detector.ui.gradio_app:use_example_image:195 - 使用示例图像: 1004_20250525_090415.jpg
2025-07-29 13:06:44 | [32mINFO[0m | yolo_detector.core.detector:detect:469 - 图像分割完成
2025-07-29 13:06:44 | [32mINFO[0m | yolo_detector.ui.gradio_app:detect_image:134 - 检测完成: 3 个对象
2025-07-29 13:06:44 | [32mINFO[0m | yolo_detector.utils.file_utils:get_image_files:68 - 找到 969 个图像文件在 D:\Python\00雪橇打标\20250525
2025-07-29 13:06:44 | [32mINFO[0m | yolo_detector.utils.file_utils:get_example_images:164 - 获取 12 个示例图像
2025-07-29 13:06:44 | [32mINFO[0m | yolo_detector.ui.gradio_app:use_example_image:195 - 使用示例图像: 1004_20250525_214610.jpg
2025-07-29 13:06:45 | [32mINFO[0m | yolo_detector.core.detector:detect:469 - 图像分割完成
2025-07-29 13:06:45 | [32mINFO[0m | yolo_detector.ui.gradio_app:detect_image:134 - 检测完成: 4 个对象
2025-07-29 13:06:46 | [32mINFO[0m | yolo_detector.utils.file_utils:get_image_files:68 - 找到 969 个图像文件在 D:\Python\00雪橇打标\20250525
2025-07-29 13:06:46 | [32mINFO[0m | yolo_detector.utils.file_utils:get_example_images:164 - 获取 12 个示例图像
2025-07-29 13:06:46 | [32mINFO[0m | yolo_detector.ui.gradio_app:use_example_image:195 - 使用示例图像: 1005_20250525_110053.jpg
2025-07-29 13:06:46 | [32mINFO[0m | yolo_detector.core.detector:detect:469 - 图像分割完成
2025-07-29 13:06:46 | [32mINFO[0m | yolo_detector.ui.gradio_app:detect_image:134 - 检测完成: 7 个对象
2025-07-29 13:12:54 | [32mINFO[0m | yolo_detector.models.model_loader:unload_model:185 - 成功卸载detection模型
2025-07-29 13:12:54 | [32mINFO[0m | yolo_detector.models.model_loader:unload_model:185 - 成功卸载segmentation模型
2025-07-29 13:12:54 | [32mINFO[0m | yolo_detector.models.model_loader:unload_all_models:201 - 所有模型已卸载
2025-07-29 13:13:05 | [32mINFO[0m | yolo_detector.config.settings:_load_config:49 - 成功加载配置文件: D:\00deeplearn\yolo11\gradi_yolo\configs\default.yaml
2025-07-29 13:13:05 | [32mINFO[0m | yolo_detector.config.settings:_validate_config:126 - 配置验证完成
2025-07-29 13:13:05 | [32mINFO[0m | __main__:setup_environment:36 - 环境设置完成
2025-07-29 13:13:05 | [32mINFO[0m | __main__:run_web_interface:49 - 启动Web界面...
2025-07-29 13:13:05 | [32mINFO[0m | yolo_detector.ui.gradio_app:__init__:55 - Gradio应用初始化完成
2025-07-29 13:13:06 | [32mINFO[0m | yolo_detector.utils.file_utils:get_image_files:68 - 找到 969 个图像文件在 D:\Python\00雪橇打标\20250525
2025-07-29 13:13:06 | [32mINFO[0m | yolo_detector.utils.file_utils:get_example_images:164 - 获取 12 个示例图像
2025-07-29 13:13:06 | [32mINFO[0m | yolo_detector.ui.gradio_app:create_interface:382 - Gradio界面创建完成
2025-07-29 13:13:06 | [32mINFO[0m | httpx:_send_single_request:1025 - HTTP Request: GET http://127.0.0.1:7861/gradio_api/startup-events "HTTP/1.1 200 OK"
2025-07-29 13:13:06 | [32mINFO[0m | httpx:_send_single_request:1025 - HTTP Request: HEAD http://127.0.0.1:7861/ "HTTP/1.1 200 OK"
2025-07-29 13:13:37 | [32mINFO[0m | yolo_detector.models.model_loader:unload_all_models:201 - 所有模型已卸载
2025-07-29 13:13:47 | [32mINFO[0m | yolo_detector.config.settings:_load_config:49 - 成功加载配置文件: D:\00deeplearn\yolo11\gradi_yolo\configs\default.yaml
2025-07-29 13:13:47 | [32mINFO[0m | yolo_detector.config.settings:_validate_config:126 - 配置验证完成
2025-07-29 13:13:47 | [32mINFO[0m | __main__:setup_environment:36 - 环境设置完成
2025-07-29 13:13:47 | [32mINFO[0m | __main__:run_web_interface:49 - 启动Web界面...
2025-07-29 13:13:47 | [32mINFO[0m | yolo_detector.ui.gradio_app:__init__:55 - Gradio应用初始化完成
2025-07-29 13:13:47 | [32mINFO[0m | yolo_detector.utils.file_utils:get_image_files:68 - 找到 15 个图像文件在 D:\Python\00雪橇打标\123456
2025-07-29 13:13:47 | [32mINFO[0m | yolo_detector.utils.file_utils:get_example_images:164 - 获取 12 个示例图像
2025-07-29 13:13:47 | [32mINFO[0m | yolo_detector.ui.gradio_app:create_interface:382 - Gradio界面创建完成
2025-07-29 13:13:47 | [32mINFO[0m | httpx:_send_single_request:1025 - HTTP Request: GET http://127.0.0.1:7861/gradio_api/startup-events "HTTP/1.1 200 OK"
2025-07-29 13:13:47 | [32mINFO[0m | httpx:_send_single_request:1025 - HTTP Request: HEAD http://127.0.0.1:7861/ "HTTP/1.1 200 OK"
2025-07-29 13:14:10 | [32mINFO[0m | yolo_detector.utils.file_utils:get_image_files:68 - 找到 15 个图像文件在 D:\Python\00雪橇打标\123456
2025-07-29 13:14:10 | [32mINFO[0m | yolo_detector.utils.file_utils:get_example_images:164 - 获取 12 个示例图像
2025-07-29 13:14:10 | [32mINFO[0m | yolo_detector.ui.gradio_app:use_example_image:195 - 使用示例图像: 1044_20250523_092028.jpg
2025-07-29 13:14:10 | [32mINFO[0m | yolo_detector.models.model_loader:load_model:81 - 开始加载segmentation模型: D:/00deeplearn/yolo11/【2】训练模型/seg/train2_new/weights/best.pt
2025-07-29 13:14:11 | [32mINFO[0m | yolo_detector.models.model_loader:load_model:92 - 成功加载segmentation模型: D:/00deeplearn/yolo11/【2】训练模型/seg/train2_new/weights/best.pt
2025-07-29 13:14:11 | [32mINFO[0m | yolo_detector.core.detector:load_model:418 - 图像分割模型加载成功
2025-07-29 13:14:11 | [32mINFO[0m | yolo_detector.ui.gradio_app:switch_detector:88 - 切换到图像分割模式
2025-07-29 13:14:15 | [32mINFO[0m | yolo_detector.core.detector:detect:469 - 图像分割完成
2025-07-29 13:14:15 | [32mINFO[0m | yolo_detector.ui.gradio_app:detect_image:134 - 检测完成: 4 个对象
2025-07-29 13:14:44 | [32mINFO[0m | yolo_detector.utils.file_utils:get_image_files:68 - 找到 15 个图像文件在 D:\Python\00雪橇打标\123456
2025-07-29 13:14:44 | [32mINFO[0m | yolo_detector.utils.file_utils:get_example_images:164 - 获取 12 个示例图像
2025-07-29 13:14:44 | [32mINFO[0m | yolo_detector.ui.gradio_app:use_example_image:195 - 使用示例图像: 1044_20250523_204911.jpg
2025-07-29 13:14:44 | [32mINFO[0m | yolo_detector.core.detector:detect:469 - 图像分割完成
2025-07-29 13:14:44 | [32mINFO[0m | yolo_detector.ui.gradio_app:detect_image:134 - 检测完成: 2 个对象
2025-07-29 13:14:47 | [32mINFO[0m | yolo_detector.utils.file_utils:get_image_files:68 - 找到 15 个图像文件在 D:\Python\00雪橇打标\123456
2025-07-29 13:14:47 | [32mINFO[0m | yolo_detector.utils.file_utils:get_example_images:164 - 获取 12 个示例图像
2025-07-29 13:14:47 | [32mINFO[0m | yolo_detector.ui.gradio_app:use_example_image:195 - 使用示例图像: 1044_20250525_134735.jpg
2025-07-29 13:14:48 | [32mINFO[0m | yolo_detector.core.detector:detect:469 - 图像分割完成
2025-07-29 13:14:48 | [32mINFO[0m | yolo_detector.ui.gradio_app:detect_image:134 - 检测完成: 9 个对象
2025-07-29 13:14:52 | [32mINFO[0m | yolo_detector.utils.file_utils:get_image_files:68 - 找到 15 个图像文件在 D:\Python\00雪橇打标\123456
2025-07-29 13:14:52 | [32mINFO[0m | yolo_detector.utils.file_utils:get_example_images:164 - 获取 12 个示例图像
2025-07-29 13:14:52 | [32mINFO[0m | yolo_detector.ui.gradio_app:use_example_image:195 - 使用示例图像: 1063_20250525_233836.jpg
2025-07-29 13:14:52 | [32mINFO[0m | yolo_detector.core.detector:detect:469 - 图像分割完成
2025-07-29 13:14:52 | [32mINFO[0m | yolo_detector.ui.gradio_app:detect_image:134 - 检测完成: 9 个对象
2025-07-29 13:15:15 | [32mINFO[0m | yolo_detector.utils.file_utils:get_image_files:68 - 找到 15 个图像文件在 D:\Python\00雪橇打标\123456
2025-07-29 13:15:15 | [32mINFO[0m | yolo_detector.utils.file_utils:get_example_images:164 - 获取 12 个示例图像
2025-07-29 13:15:15 | [32mINFO[0m | yolo_detector.ui.gradio_app:use_example_image:195 - 使用示例图像: 1104_20250523_215716.jpg
2025-07-29 13:15:15 | [32mINFO[0m | yolo_detector.core.detector:detect:469 - 图像分割完成
2025-07-29 13:15:15 | [32mINFO[0m | yolo_detector.ui.gradio_app:detect_image:134 - 检测完成: 7 个对象
2025-07-29 13:15:29 | [32mINFO[0m | yolo_detector.utils.file_utils:get_image_files:68 - 找到 15 个图像文件在 D:\Python\00雪橇打标\123456
2025-07-29 13:15:29 | [32mINFO[0m | yolo_detector.utils.file_utils:get_example_images:164 - 获取 12 个示例图像
2025-07-29 13:15:29 | [32mINFO[0m | yolo_detector.ui.gradio_app:use_example_image:195 - 使用示例图像: 1152_20250525_171205.jpg
2025-07-29 13:15:29 | [32mINFO[0m | yolo_detector.core.detector:detect:469 - 图像分割完成
2025-07-29 13:15:29 | [32mINFO[0m | yolo_detector.ui.gradio_app:detect_image:134 - 检测完成: 4 个对象
2025-07-29 13:15:43 | [32mINFO[0m | yolo_detector.utils.file_utils:get_image_files:68 - 找到 15 个图像文件在 D:\Python\00雪橇打标\123456
2025-07-29 13:15:43 | [32mINFO[0m | yolo_detector.utils.file_utils:get_example_images:164 - 获取 12 个示例图像
2025-07-29 13:15:43 | [32mINFO[0m | yolo_detector.ui.gradio_app:use_example_image:195 - 使用示例图像: 1182_20250523_130435.jpg
2025-07-29 13:15:44 | [32mINFO[0m | yolo_detector.core.detector:detect:469 - 图像分割完成
2025-07-29 13:15:44 | [32mINFO[0m | yolo_detector.ui.gradio_app:detect_image:134 - 检测完成: 5 个对象
2025-07-29 13:15:51 | [32mINFO[0m | yolo_detector.utils.file_utils:get_image_files:68 - 找到 15 个图像文件在 D:\Python\00雪橇打标\123456
2025-07-29 13:15:51 | [32mINFO[0m | yolo_detector.utils.file_utils:get_example_images:164 - 获取 12 个示例图像
2025-07-29 13:15:51 | [32mINFO[0m | yolo_detector.ui.gradio_app:use_example_image:195 - 使用示例图像: 1255_20250523_090519.jpg
2025-07-29 13:15:52 | [32mINFO[0m | yolo_detector.core.detector:detect:469 - 图像分割完成
2025-07-29 13:15:52 | [32mINFO[0m | yolo_detector.ui.gradio_app:detect_image:134 - 检测完成: 5 个对象
2025-07-29 13:15:57 | [32mINFO[0m | yolo_detector.utils.file_utils:get_image_files:68 - 找到 15 个图像文件在 D:\Python\00雪橇打标\123456
2025-07-29 13:15:57 | [32mINFO[0m | yolo_detector.utils.file_utils:get_example_images:164 - 获取 12 个示例图像
2025-07-29 13:15:57 | [32mINFO[0m | yolo_detector.ui.gradio_app:use_example_image:195 - 使用示例图像: 1329_20250525_111141.jpg
2025-07-29 13:15:57 | [32mINFO[0m | yolo_detector.core.detector:detect:469 - 图像分割完成
2025-07-29 13:15:57 | [32mINFO[0m | yolo_detector.ui.gradio_app:detect_image:134 - 检测完成: 5 个对象
2025-07-29 13:16:10 | [32mINFO[0m | yolo_detector.utils.file_utils:get_image_files:68 - 找到 15 个图像文件在 D:\Python\00雪橇打标\123456
2025-07-29 13:16:10 | [32mINFO[0m | yolo_detector.utils.file_utils:get_example_images:164 - 获取 12 个示例图像
2025-07-29 13:16:10 | [32mINFO[0m | yolo_detector.ui.gradio_app:use_example_image:195 - 使用示例图像: 1336_20250525_230317.jpg
2025-07-29 13:16:10 | [32mINFO[0m | yolo_detector.core.detector:detect:469 - 图像分割完成
2025-07-29 13:16:10 | [32mINFO[0m | yolo_detector.ui.gradio_app:detect_image:134 - 检测完成: 7 个对象
2025-07-29 13:16:14 | [32mINFO[0m | yolo_detector.utils.file_utils:get_image_files:68 - 找到 15 个图像文件在 D:\Python\00雪橇打标\123456
2025-07-29 13:16:14 | [32mINFO[0m | yolo_detector.utils.file_utils:get_example_images:164 - 获取 12 个示例图像
2025-07-29 13:16:14 | [32mINFO[0m | yolo_detector.ui.gradio_app:use_example_image:195 - 使用示例图像: 1360_20250525_131703.jpg
2025-07-29 13:16:15 | [32mINFO[0m | yolo_detector.core.detector:detect:469 - 图像分割完成
2025-07-29 13:16:15 | [32mINFO[0m | yolo_detector.ui.gradio_app:detect_image:134 - 检测完成: 6 个对象
2025-07-29 13:16:29 | [32mINFO[0m | yolo_detector.utils.file_utils:get_image_files:68 - 找到 15 个图像文件在 D:\Python\00雪橇打标\123456
2025-07-29 13:16:29 | [32mINFO[0m | yolo_detector.utils.file_utils:get_example_images:164 - 获取 12 个示例图像
2025-07-29 13:16:29 | [32mINFO[0m | yolo_detector.ui.gradio_app:use_example_image:195 - 使用示例图像: 1364_20250525_123543.jpg
2025-07-29 13:16:30 | [32mINFO[0m | yolo_detector.core.detector:detect:469 - 图像分割完成
2025-07-29 13:16:30 | [32mINFO[0m | yolo_detector.ui.gradio_app:detect_image:134 - 检测完成: 4 个对象
2025-07-29 13:16:38 | [32mINFO[0m | yolo_detector.utils.file_utils:get_image_files:68 - 找到 15 个图像文件在 D:\Python\00雪橇打标\123456
2025-07-29 13:16:38 | [32mINFO[0m | yolo_detector.utils.file_utils:get_example_images:164 - 获取 12 个示例图像
2025-07-29 13:16:38 | [32mINFO[0m | yolo_detector.ui.gradio_app:use_example_image:195 - 使用示例图像: 1044_20250523_092028.jpg
2025-07-29 13:16:39 | [32mINFO[0m | yolo_detector.core.detector:detect:469 - 图像分割完成
2025-07-29 13:16:39 | [32mINFO[0m | yolo_detector.ui.gradio_app:detect_image:134 - 检测完成: 4 个对象
2025-07-29 13:16:41 | [32mINFO[0m | yolo_detector.utils.file_utils:get_image_files:68 - 找到 15 个图像文件在 D:\Python\00雪橇打标\123456
2025-07-29 13:16:41 | [32mINFO[0m | yolo_detector.utils.file_utils:get_example_images:164 - 获取 12 个示例图像
2025-07-29 13:16:41 | [32mINFO[0m | yolo_detector.ui.gradio_app:use_example_image:195 - 使用示例图像: 1044_20250523_204911.jpg
2025-07-29 13:16:42 | [32mINFO[0m | yolo_detector.core.detector:detect:469 - 图像分割完成
2025-07-29 13:16:42 | [32mINFO[0m | yolo_detector.ui.gradio_app:detect_image:134 - 检测完成: 2 个对象
2025-07-29 13:16:44 | [32mINFO[0m | yolo_detector.utils.file_utils:get_image_files:68 - 找到 15 个图像文件在 D:\Python\00雪橇打标\123456
2025-07-29 13:16:44 | [32mINFO[0m | yolo_detector.utils.file_utils:get_example_images:164 - 获取 12 个示例图像
2025-07-29 13:16:44 | [32mINFO[0m | yolo_detector.ui.gradio_app:use_example_image:195 - 使用示例图像: 1044_20250525_134735.jpg
2025-07-29 13:16:45 | [32mINFO[0m | yolo_detector.core.detector:detect:469 - 图像分割完成
2025-07-29 13:16:45 | [32mINFO[0m | yolo_detector.ui.gradio_app:detect_image:134 - 检测完成: 9 个对象
2025-08-01 15:53:02 | [32mINFO[0m | yolo_detector.config.settings:_load_config:49 - 成功加载配置文件: D:\00deeplearn\yolo11\gradi_yolo\configs\default.yaml
2025-08-01 15:53:02 | [32mINFO[0m | yolo_detector.config.settings:_validate_config:126 - 配置验证完成
2025-08-01 15:53:02 | [32mINFO[0m | __main__:setup_environment:36 - 环境设置完成
2025-08-01 15:53:02 | [32mINFO[0m | __main__:run_web_interface:49 - 启动Web界面...
2025-08-01 15:53:02 | [32mINFO[0m | yolo_detector.ui.gradio_app:__init__:55 - Gradio应用初始化完成
2025-08-01 15:53:02 | [32mINFO[0m | yolo_detector.utils.file_utils:get_image_files:68 - 找到 15 个图像文件在 D:\Python\00雪橇打标\123456
2025-08-01 15:53:02 | [32mINFO[0m | yolo_detector.utils.file_utils:get_example_images:164 - 获取 12 个示例图像
2025-08-01 15:53:02 | [32mINFO[0m | yolo_detector.ui.gradio_app:create_interface:382 - Gradio界面创建完成
2025-08-01 15:53:02 | [32mINFO[0m | httpx:_send_single_request:1025 - HTTP Request: GET http://127.0.0.1:7861/gradio_api/startup-events "HTTP/1.1 200 OK"
2025-08-01 15:53:02 | [32mINFO[0m | httpx:_send_single_request:1025 - HTTP Request: HEAD http://127.0.0.1:7861/ "HTTP/1.1 200 OK"
2025-08-01 15:53:20 | [32mINFO[0m | yolo_detector.utils.file_utils:get_image_files:68 - 找到 15 个图像文件在 D:\Python\00雪橇打标\123456
2025-08-01 15:53:20 | [32mINFO[0m | yolo_detector.utils.file_utils:get_example_images:164 - 获取 12 个示例图像
2025-08-01 15:53:20 | [32mINFO[0m | yolo_detector.ui.gradio_app:use_example_image:195 - 使用示例图像: 1044_20250523_092028.jpg
2025-08-01 15:53:20 | [32mINFO[0m | yolo_detector.models.model_loader:load_model:81 - 开始加载detection模型: D:/00deeplearn/yolo11/【2】训练模型/cls/train_new/weights/best.pt
2025-08-01 15:53:21 | [32mINFO[0m | yolo_detector.models.model_loader:load_model:92 - 成功加载detection模型: D:/00deeplearn/yolo11/【2】训练模型/cls/train_new/weights/best.pt
2025-08-01 15:53:21 | [32mINFO[0m | yolo_detector.core.detector:load_model:349 - 目标检测模型加载成功
2025-08-01 15:53:27 | [32mINFO[0m | yolo_detector.core.detector:detect:395 - 目标检测完成
2025-08-01 15:53:27 | [32mINFO[0m | yolo_detector.ui.gradio_app:detect_image:134 - 检测完成: 1 个对象
2025-08-01 15:53:30 | [32mINFO[0m | yolo_detector.utils.file_utils:get_image_files:68 - 找到 15 个图像文件在 D:\Python\00雪橇打标\123456
2025-08-01 15:53:30 | [32mINFO[0m | yolo_detector.utils.file_utils:get_example_images:164 - 获取 12 个示例图像
2025-08-01 15:53:30 | [32mINFO[0m | yolo_detector.ui.gradio_app:use_example_image:195 - 使用示例图像: 1044_20250523_204911.jpg
2025-08-01 15:53:30 | [32mINFO[0m | yolo_detector.core.detector:detect:395 - 目标检测完成
2025-08-01 15:53:30 | [32mINFO[0m | yolo_detector.ui.gradio_app:detect_image:134 - 检测完成: 1 个对象
2025-08-01 15:53:32 | [32mINFO[0m | yolo_detector.utils.file_utils:get_image_files:68 - 找到 15 个图像文件在 D:\Python\00雪橇打标\123456
2025-08-01 15:53:32 | [32mINFO[0m | yolo_detector.utils.file_utils:get_example_images:164 - 获取 12 个示例图像
2025-08-01 15:53:32 | [32mINFO[0m | yolo_detector.ui.gradio_app:use_example_image:195 - 使用示例图像: 1063_20250525_233836.jpg
2025-08-01 15:53:32 | [32mINFO[0m | yolo_detector.core.detector:detect:395 - 目标检测完成
2025-08-01 15:53:32 | [32mINFO[0m | yolo_detector.ui.gradio_app:detect_image:134 - 检测完成: 1 个对象
2025-08-01 15:53:34 | [32mINFO[0m | yolo_detector.utils.file_utils:get_image_files:68 - 找到 15 个图像文件在 D:\Python\00雪橇打标\123456
2025-08-01 15:53:34 | [32mINFO[0m | yolo_detector.utils.file_utils:get_example_images:164 - 获取 12 个示例图像
2025-08-01 15:53:34 | [32mINFO[0m | yolo_detector.ui.gradio_app:use_example_image:195 - 使用示例图像: 1152_20250525_171205.jpg
2025-08-01 15:53:34 | [32mINFO[0m | yolo_detector.models.model_loader:load_model:81 - 开始加载segmentation模型: D:/00deeplearn/yolo11/【2】训练模型/seg/train2_new/weights/best.pt
2025-08-01 15:53:35 | [32mINFO[0m | yolo_detector.models.model_loader:load_model:92 - 成功加载segmentation模型: D:/00deeplearn/yolo11/【2】训练模型/seg/train2_new/weights/best.pt
2025-08-01 15:53:35 | [32mINFO[0m | yolo_detector.core.detector:load_model:418 - 图像分割模型加载成功
2025-08-01 15:53:35 | [32mINFO[0m | yolo_detector.ui.gradio_app:switch_detector:88 - 切换到图像分割模式
2025-08-01 15:53:36 | [32mINFO[0m | yolo_detector.core.detector:detect:469 - 图像分割完成
2025-08-01 15:53:36 | [32mINFO[0m | yolo_detector.ui.gradio_app:detect_image:134 - 检测完成: 4 个对象
2025-08-01 15:53:40 | [32mINFO[0m | yolo_detector.utils.file_utils:get_image_files:68 - 找到 15 个图像文件在 D:\Python\00雪橇打标\123456
2025-08-01 15:53:40 | [32mINFO[0m | yolo_detector.utils.file_utils:get_example_images:164 - 获取 12 个示例图像
2025-08-01 15:53:40 | [32mINFO[0m | yolo_detector.ui.gradio_app:use_example_image:195 - 使用示例图像: 1182_20250523_130435.jpg
2025-08-01 15:53:40 | [32mINFO[0m | yolo_detector.core.detector:detect:469 - 图像分割完成
2025-08-01 15:53:40 | [32mINFO[0m | yolo_detector.ui.gradio_app:detect_image:134 - 检测完成: 5 个对象
2025-08-01 15:53:43 | [32mINFO[0m | yolo_detector.utils.file_utils:get_image_files:68 - 找到 15 个图像文件在 D:\Python\00雪橇打标\123456
2025-08-01 15:53:43 | [32mINFO[0m | yolo_detector.utils.file_utils:get_example_images:164 - 获取 12 个示例图像
2025-08-01 15:53:43 | [32mINFO[0m | yolo_detector.ui.gradio_app:use_example_image:195 - 使用示例图像: 1329_20250525_111141.jpg
2025-08-01 15:53:44 | [32mINFO[0m | yolo_detector.core.detector:detect:469 - 图像分割完成
2025-08-01 15:53:44 | [32mINFO[0m | yolo_detector.ui.gradio_app:detect_image:134 - 检测完成: 5 个对象
2025-08-02 11:17:18 | [32mINFO[0m | yolo_detector.config.settings:_load_config:58 - 成功加载配置文件: D:\00deeplearn\yolo11\gradi_yolo\configs\default.yaml
2025-08-02 11:17:18 | [32mINFO[0m | yolo_detector.config.settings:_validate_config:135 - 配置验证完成
2025-08-02 11:17:18 | [32mINFO[0m | __main__:setup_environment:36 - 环境设置完成
2025-08-02 11:17:18 | [32mINFO[0m | __main__:run_web_interface:49 - 启动Web界面...
2025-08-02 11:17:18 | [32mINFO[0m | yolo_detector.ui.gradio_app:__init__:55 - Gradio应用初始化完成
2025-08-02 11:17:18 | [32mINFO[0m | yolo_detector.utils.file_utils:get_image_files:68 - 找到 15 个图像文件在 D:\Python\00雪橇打标\123456
2025-08-02 11:17:18 | [32mINFO[0m | yolo_detector.utils.file_utils:get_example_images:164 - 获取 12 个示例图像
2025-08-02 11:17:18 | [32mINFO[0m | yolo_detector.ui.gradio_app:create_interface:382 - Gradio界面创建完成
2025-08-02 11:17:18 | [32mINFO[0m | httpx:_send_single_request:1025 - HTTP Request: GET http://127.0.0.1:7861/gradio_api/startup-events "HTTP/1.1 200 OK"
2025-08-02 11:17:19 | [32mINFO[0m | httpx:_send_single_request:1025 - HTTP Request: HEAD http://127.0.0.1:7861/ "HTTP/1.1 200 OK"
2025-08-02 11:17:39 | [32mINFO[0m | yolo_detector.utils.file_utils:get_image_files:68 - 找到 15 个图像文件在 D:\Python\00雪橇打标\123456
2025-08-02 11:17:39 | [32mINFO[0m | yolo_detector.utils.file_utils:get_example_images:164 - 获取 12 个示例图像
2025-08-02 11:17:39 | [32mINFO[0m | yolo_detector.ui.gradio_app:use_example_image:195 - 使用示例图像: 1044_20250523_092028.jpg
2025-08-02 11:17:40 | [32mINFO[0m | yolo_detector.models.model_loader:load_model:81 - 开始加载detection模型: D:/00deeplearn/yolo11/【2】训练模型/cls/train_new/weights/best.pt
2025-08-02 11:17:40 | [32mINFO[0m | yolo_detector.models.model_loader:load_model:92 - 成功加载detection模型: D:/00deeplearn/yolo11/【2】训练模型/cls/train_new/weights/best.pt
2025-08-02 11:17:40 | [32mINFO[0m | yolo_detector.core.detector:load_model:349 - 目标检测模型加载成功
2025-08-02 11:17:45 | [32mINFO[0m | yolo_detector.core.detector:detect:395 - 目标检测完成
2025-08-02 11:17:45 | [32mINFO[0m | yolo_detector.ui.gradio_app:detect_image:134 - 检测完成: 1 个对象
2025-08-02 11:17:52 | [32mINFO[0m | yolo_detector.utils.file_utils:get_image_files:68 - 找到 15 个图像文件在 D:\Python\00雪橇打标\123456
2025-08-02 11:17:52 | [32mINFO[0m | yolo_detector.utils.file_utils:get_example_images:164 - 获取 12 个示例图像
2025-08-02 11:17:52 | [32mINFO[0m | yolo_detector.ui.gradio_app:use_example_image:195 - 使用示例图像: 1364_20250525_123543.jpg
2025-08-02 11:17:53 | [32mINFO[0m | yolo_detector.models.model_loader:load_model:81 - 开始加载segmentation模型: D:/00deeplearn/yolo11/【2】训练模型/seg/train2_new/weights/best.pt
2025-08-02 11:17:53 | [32mINFO[0m | yolo_detector.models.model_loader:load_model:92 - 成功加载segmentation模型: D:/00deeplearn/yolo11/【2】训练模型/seg/train2_new/weights/best.pt
2025-08-02 11:17:53 | [32mINFO[0m | yolo_detector.core.detector:load_model:418 - 图像分割模型加载成功
2025-08-02 11:17:53 | [32mINFO[0m | yolo_detector.ui.gradio_app:switch_detector:88 - 切换到图像分割模式
2025-08-02 11:17:54 | [32mINFO[0m | yolo_detector.core.detector:detect:469 - 图像分割完成
2025-08-02 11:17:54 | [32mINFO[0m | yolo_detector.ui.gradio_app:detect_image:134 - 检测完成: 4 个对象
2025-08-02 11:18:00 | [32mINFO[0m | yolo_detector.utils.file_utils:get_image_files:68 - 找到 15 个图像文件在 D:\Python\00雪橇打标\123456
2025-08-02 11:18:00 | [32mINFO[0m | yolo_detector.utils.file_utils:get_example_images:164 - 获取 12 个示例图像
2025-08-02 11:18:00 | [32mINFO[0m | yolo_detector.ui.gradio_app:use_example_image:195 - 使用示例图像: 1104_20250523_215716.jpg
2025-08-02 11:18:00 | [32mINFO[0m | yolo_detector.core.detector:detect:469 - 图像分割完成
2025-08-02 11:18:01 | [32mINFO[0m | yolo_detector.ui.gradio_app:detect_image:134 - 检测完成: 7 个对象
2025-08-02 11:18:06 | [32mINFO[0m | yolo_detector.utils.file_utils:get_image_files:68 - 找到 15 个图像文件在 D:\Python\00雪橇打标\123456
2025-08-02 11:18:06 | [32mINFO[0m | yolo_detector.utils.file_utils:get_example_images:164 - 获取 12 个示例图像
2025-08-02 11:18:06 | [32mINFO[0m | yolo_detector.ui.gradio_app:use_example_image:195 - 使用示例图像: 1336_20250525_230317.jpg
2025-08-02 11:18:07 | [32mINFO[0m | yolo_detector.core.detector:detect:469 - 图像分割完成
2025-08-02 11:18:07 | [32mINFO[0m | yolo_detector.ui.gradio_app:detect_image:134 - 检测完成: 7 个对象
2025-08-02 11:18:18 | [32mINFO[0m | yolo_detector.utils.file_utils:get_image_files:68 - 找到 15 个图像文件在 D:\Python\00雪橇打标\123456
2025-08-02 11:18:18 | [32mINFO[0m | yolo_detector.utils.file_utils:get_example_images:164 - 获取 12 个示例图像
2025-08-02 11:18:18 | [32mINFO[0m | yolo_detector.ui.gradio_app:use_example_image:195 - 使用示例图像: 1104_20250523_215716.jpg
2025-08-02 11:18:19 | [32mINFO[0m | yolo_detector.core.detector:detect:469 - 图像分割完成
2025-08-02 11:18:19 | [32mINFO[0m | yolo_detector.ui.gradio_app:detect_image:134 - 检测完成: 7 个对象
2025-08-02 11:18:21 | [32mINFO[0m | yolo_detector.utils.file_utils:get_image_files:68 - 找到 15 个图像文件在 D:\Python\00雪橇打标\123456
2025-08-02 11:18:21 | [32mINFO[0m | yolo_detector.utils.file_utils:get_example_images:164 - 获取 12 个示例图像
2025-08-02 11:18:21 | [32mINFO[0m | yolo_detector.ui.gradio_app:use_example_image:195 - 使用示例图像: 1152_20250525_171205.jpg
2025-08-02 11:18:22 | [32mINFO[0m | yolo_detector.core.detector:detect:469 - 图像分割完成
2025-08-02 11:18:22 | [32mINFO[0m | yolo_detector.ui.gradio_app:detect_image:134 - 检测完成: 4 个对象
2025-08-02 11:18:24 | [32mINFO[0m | yolo_detector.utils.file_utils:get_image_files:68 - 找到 15 个图像文件在 D:\Python\00雪橇打标\123456
2025-08-02 11:18:24 | [32mINFO[0m | yolo_detector.utils.file_utils:get_example_images:164 - 获取 12 个示例图像
2025-08-02 11:18:24 | [32mINFO[0m | yolo_detector.ui.gradio_app:use_example_image:195 - 使用示例图像: 1182_20250523_130435.jpg
2025-08-02 11:18:25 | [32mINFO[0m | yolo_detector.core.detector:detect:469 - 图像分割完成
2025-08-02 11:18:25 | [32mINFO[0m | yolo_detector.ui.gradio_app:detect_image:134 - 检测完成: 5 个对象
2025-08-02 11:18:34 | [32mINFO[0m | yolo_detector.utils.file_utils:get_image_files:68 - 找到 15 个图像文件在 D:\Python\00雪橇打标\123456
2025-08-02 11:18:34 | [32mINFO[0m | yolo_detector.utils.file_utils:get_example_images:164 - 获取 12 个示例图像
2025-08-02 11:18:34 | [32mINFO[0m | yolo_detector.ui.gradio_app:use_example_image:195 - 使用示例图像: 1255_20250523_090519.jpg
2025-08-02 11:18:35 | [32mINFO[0m | yolo_detector.core.detector:detect:469 - 图像分割完成
2025-08-02 11:18:35 | [32mINFO[0m | yolo_detector.ui.gradio_app:detect_image:134 - 检测完成: 5 个对象
2025-08-02 11:18:44 | [32mINFO[0m | yolo_detector.utils.file_utils:get_image_files:68 - 找到 15 个图像文件在 D:\Python\00雪橇打标\123456
2025-08-02 11:18:44 | [32mINFO[0m | yolo_detector.utils.file_utils:get_example_images:164 - 获取 12 个示例图像
2025-08-02 11:18:44 | [32mINFO[0m | yolo_detector.ui.gradio_app:use_example_image:195 - 使用示例图像: 1336_20250525_230317.jpg
2025-08-02 11:18:45 | [32mINFO[0m | yolo_detector.core.detector:detect:469 - 图像分割完成
2025-08-02 11:18:45 | [32mINFO[0m | yolo_detector.ui.gradio_app:detect_image:134 - 检测完成: 7 个对象
2025-08-02 11:18:55 | [32mINFO[0m | yolo_detector.utils.file_utils:get_image_files:68 - 找到 15 个图像文件在 D:\Python\00雪橇打标\123456
2025-08-02 11:18:55 | [32mINFO[0m | yolo_detector.utils.file_utils:get_example_images:164 - 获取 12 个示例图像
2025-08-02 11:18:55 | [32mINFO[0m | yolo_detector.ui.gradio_app:use_example_image:195 - 使用示例图像: 1255_20250523_090519.jpg
2025-08-02 11:18:56 | [32mINFO[0m | yolo_detector.core.detector:detect:469 - 图像分割完成
2025-08-02 11:18:56 | [32mINFO[0m | yolo_detector.ui.gradio_app:detect_image:134 - 检测完成: 5 个对象
2025-08-02 11:18:58 | [32mINFO[0m | yolo_detector.utils.file_utils:get_image_files:68 - 找到 15 个图像文件在 D:\Python\00雪橇打标\123456
2025-08-02 11:18:58 | [32mINFO[0m | yolo_detector.utils.file_utils:get_example_images:164 - 获取 12 个示例图像
2025-08-02 11:18:58 | [32mINFO[0m | yolo_detector.ui.gradio_app:use_example_image:195 - 使用示例图像: 1329_20250525_111141.jpg
2025-08-02 11:18:59 | [32mINFO[0m | yolo_detector.core.detector:detect:469 - 图像分割完成
2025-08-02 11:18:59 | [32mINFO[0m | yolo_detector.ui.gradio_app:detect_image:134 - 检测完成: 5 个对象
2025-08-02 11:19:01 | [32mINFO[0m | yolo_detector.utils.file_utils:get_image_files:68 - 找到 15 个图像文件在 D:\Python\00雪橇打标\123456
2025-08-02 11:19:01 | [32mINFO[0m | yolo_detector.utils.file_utils:get_example_images:164 - 获取 12 个示例图像
2025-08-02 11:19:01 | [32mINFO[0m | yolo_detector.ui.gradio_app:use_example_image:195 - 使用示例图像: 1336_20250525_230317.jpg
2025-08-02 11:19:02 | [32mINFO[0m | yolo_detector.core.detector:detect:469 - 图像分割完成
2025-08-02 11:19:02 | [32mINFO[0m | yolo_detector.ui.gradio_app:detect_image:134 - 检测完成: 7 个对象
2025-08-02 11:19:05 | [32mINFO[0m | yolo_detector.utils.file_utils:get_image_files:68 - 找到 15 个图像文件在 D:\Python\00雪橇打标\123456
2025-08-02 11:19:05 | [32mINFO[0m | yolo_detector.utils.file_utils:get_example_images:164 - 获取 12 个示例图像
2025-08-02 11:19:05 | [32mINFO[0m | yolo_detector.ui.gradio_app:use_example_image:195 - 使用示例图像: 1360_20250525_131703.jpg
2025-08-02 11:19:06 | [32mINFO[0m | yolo_detector.core.detector:detect:469 - 图像分割完成
2025-08-02 11:19:06 | [32mINFO[0m | yolo_detector.ui.gradio_app:detect_image:134 - 检测完成: 6 个对象
2025-08-02 11:19:07 | [32mINFO[0m | yolo_detector.utils.file_utils:get_image_files:68 - 找到 15 个图像文件在 D:\Python\00雪橇打标\123456
2025-08-02 11:19:07 | [32mINFO[0m | yolo_detector.utils.file_utils:get_example_images:164 - 获取 12 个示例图像
2025-08-02 11:19:07 | [32mINFO[0m | yolo_detector.ui.gradio_app:use_example_image:195 - 使用示例图像: 1364_20250525_123543.jpg
2025-08-02 11:19:08 | [32mINFO[0m | yolo_detector.core.detector:detect:469 - 图像分割完成
2025-08-02 11:19:08 | [32mINFO[0m | yolo_detector.ui.gradio_app:detect_image:134 - 检测完成: 4 个对象
2025-08-02 11:19:11 | [32mINFO[0m | yolo_detector.utils.file_utils:get_image_files:68 - 找到 15 个图像文件在 D:\Python\00雪橇打标\123456
2025-08-02 11:19:11 | [32mINFO[0m | yolo_detector.utils.file_utils:get_example_images:164 - 获取 12 个示例图像
2025-08-02 11:19:11 | [32mINFO[0m | yolo_detector.ui.gradio_app:use_example_image:195 - 使用示例图像: 1044_20250523_092028.jpg
2025-08-02 11:19:11 | [32mINFO[0m | yolo_detector.core.detector:detect:469 - 图像分割完成
2025-08-02 11:19:11 | [32mINFO[0m | yolo_detector.ui.gradio_app:detect_image:134 - 检测完成: 4 个对象
2025-08-02 11:19:15 | [32mINFO[0m | yolo_detector.utils.file_utils:get_image_files:68 - 找到 15 个图像文件在 D:\Python\00雪橇打标\123456
2025-08-02 11:19:15 | [32mINFO[0m | yolo_detector.utils.file_utils:get_example_images:164 - 获取 12 个示例图像
2025-08-02 11:19:15 | [32mINFO[0m | yolo_detector.ui.gradio_app:use_example_image:195 - 使用示例图像: 1044_20250523_204911.jpg
2025-08-02 11:19:16 | [32mINFO[0m | yolo_detector.core.detector:detect:469 - 图像分割完成
2025-08-02 11:19:16 | [32mINFO[0m | yolo_detector.ui.gradio_app:detect_image:134 - 检测完成: 2 个对象
2025-08-02 11:19:21 | [32mINFO[0m | yolo_detector.utils.file_utils:get_image_files:68 - 找到 15 个图像文件在 D:\Python\00雪橇打标\123456
2025-08-02 11:19:21 | [32mINFO[0m | yolo_detector.utils.file_utils:get_example_images:164 - 获取 12 个示例图像
2025-08-02 11:19:21 | [32mINFO[0m | yolo_detector.ui.gradio_app:use_example_image:195 - 使用示例图像: 1044_20250525_134735.jpg
2025-08-02 11:19:22 | [32mINFO[0m | yolo_detector.core.detector:detect:469 - 图像分割完成
2025-08-02 11:19:22 | [32mINFO[0m | yolo_detector.ui.gradio_app:detect_image:134 - 检测完成: 9 个对象
2025-08-02 11:19:30 | [32mINFO[0m | yolo_detector.utils.file_utils:get_image_files:68 - 找到 15 个图像文件在 D:\Python\00雪橇打标\123456
2025-08-02 11:19:30 | [32mINFO[0m | yolo_detector.utils.file_utils:get_example_images:164 - 获取 12 个示例图像
2025-08-02 11:19:30 | [32mINFO[0m | yolo_detector.ui.gradio_app:use_example_image:195 - 使用示例图像: 1063_20250525_233836.jpg
2025-08-02 11:19:31 | [32mINFO[0m | yolo_detector.core.detector:detect:469 - 图像分割完成
2025-08-02 11:19:31 | [32mINFO[0m | yolo_detector.ui.gradio_app:detect_image:134 - 检测完成: 9 个对象
2025-08-02 11:19:33 | [32mINFO[0m | yolo_detector.utils.file_utils:get_image_files:68 - 找到 15 个图像文件在 D:\Python\00雪橇打标\123456
2025-08-02 11:19:33 | [32mINFO[0m | yolo_detector.utils.file_utils:get_example_images:164 - 获取 12 个示例图像
2025-08-02 11:19:33 | [32mINFO[0m | yolo_detector.ui.gradio_app:use_example_image:195 - 使用示例图像: 1104_20250523_215716.jpg
2025-08-02 11:19:33 | [32mINFO[0m | yolo_detector.core.detector:detect:469 - 图像分割完成
2025-08-02 11:19:33 | [32mINFO[0m | yolo_detector.ui.gradio_app:detect_image:134 - 检测完成: 7 个对象
2025-08-02 11:19:35 | [32mINFO[0m | yolo_detector.utils.file_utils:get_image_files:68 - 找到 15 个图像文件在 D:\Python\00雪橇打标\123456
2025-08-02 11:19:35 | [32mINFO[0m | yolo_detector.utils.file_utils:get_example_images:164 - 获取 12 个示例图像
2025-08-02 11:19:35 | [32mINFO[0m | yolo_detector.ui.gradio_app:use_example_image:195 - 使用示例图像: 1152_20250525_171205.jpg
2025-08-02 11:19:36 | [32mINFO[0m | yolo_detector.core.detector:detect:469 - 图像分割完成
2025-08-02 11:19:36 | [32mINFO[0m | yolo_detector.ui.gradio_app:detect_image:134 - 检测完成: 4 个对象
2025-08-02 11:19:38 | [32mINFO[0m | yolo_detector.utils.file_utils:get_image_files:68 - 找到 15 个图像文件在 D:\Python\00雪橇打标\123456
2025-08-02 11:19:38 | [32mINFO[0m | yolo_detector.utils.file_utils:get_example_images:164 - 获取 12 个示例图像
2025-08-02 11:19:38 | [32mINFO[0m | yolo_detector.ui.gradio_app:use_example_image:195 - 使用示例图像: 1182_20250523_130435.jpg
2025-08-02 11:19:39 | [32mINFO[0m | yolo_detector.core.detector:detect:469 - 图像分割完成
2025-08-02 11:19:39 | [32mINFO[0m | yolo_detector.ui.gradio_app:detect_image:134 - 检测完成: 5 个对象
2025-08-02 11:19:40 | [32mINFO[0m | yolo_detector.utils.file_utils:get_image_files:68 - 找到 15 个图像文件在 D:\Python\00雪橇打标\123456
2025-08-02 11:19:40 | [32mINFO[0m | yolo_detector.utils.file_utils:get_example_images:164 - 获取 12 个示例图像
2025-08-02 11:19:40 | [32mINFO[0m | yolo_detector.ui.gradio_app:use_example_image:195 - 使用示例图像: 1255_20250523_090519.jpg
2025-08-02 11:19:41 | [32mINFO[0m | yolo_detector.core.detector:detect:469 - 图像分割完成
2025-08-02 11:19:41 | [32mINFO[0m | yolo_detector.ui.gradio_app:detect_image:134 - 检测完成: 5 个对象
2025-08-02 12:11:38 | [32mINFO[0m | yolo_detector.config.settings:_load_config:58 - 成功加载配置文件: D:\00deeplearn\yolo11\gradi_yolo\configs\default.yaml
2025-08-02 12:11:38 | [32mINFO[0m | yolo_detector.config.settings:_validate_config:135 - 配置验证完成
2025-08-02 12:11:38 | [32mINFO[0m | __main__:setup_environment:36 - 环境设置完成
2025-08-02 12:11:38 | [32mINFO[0m | __main__:run_web_interface:49 - 启动Web界面...
2025-08-02 12:11:38 | [32mINFO[0m | yolo_detector.ui.gradio_app:__init__:55 - Gradio应用初始化完成
2025-08-02 12:11:38 | [32mINFO[0m | yolo_detector.utils.file_utils:get_image_files:68 - 找到 15 个图像文件在 D:\Python\00雪橇打标\123456
2025-08-02 12:11:38 | [32mINFO[0m | yolo_detector.utils.file_utils:get_example_images:164 - 获取 12 个示例图像
2025-08-02 12:11:39 | [32mINFO[0m | yolo_detector.ui.gradio_app:create_interface:382 - Gradio界面创建完成
2025-08-02 12:11:39 | [31mERROR[0m | __main__:run_web_interface:65 - 启动Web界面失败: Cannot find empty port in range: 7861-7861. You can specify a different port by setting the GRADIO_SERVER_PORT environment variable or passing the `server_port` parameter to `launch()`.
2025-08-02 12:11:51 | [32mINFO[0m | httpx:_send_single_request:1025 - HTTP Request: GET https://api.gradio.app/pkg-version "HTTP/1.1 200 OK"
2025-08-02 12:12:11 | [32mINFO[0m | yolo_detector.models.model_loader:unload_all_models:201 - 所有模型已卸载
2025-08-02 14:28:43 | [32mINFO[0m | yolo_detector.config.settings:_load_config:58 - 成功加载配置文件: D:\00deeplearn\yolo11\gradi_yolo\configs\default.yaml
2025-08-02 14:28:43 | [32mINFO[0m | yolo_detector.config.settings:_validate_config:135 - 配置验证完成
2025-08-02 14:28:43 | [32mINFO[0m | __main__:setup_environment:36 - 环境设置完成
2025-08-02 14:28:43 | [32mINFO[0m | __main__:run_web_interface:49 - 启动Web界面...
2025-08-02 14:28:43 | [32mINFO[0m | yolo_detector.ui.gradio_app:__init__:55 - Gradio应用初始化完成
2025-08-02 14:28:43 | [32mINFO[0m | yolo_detector.utils.file_utils:get_image_files:68 - 找到 15 个图像文件在 D:\Python\00雪橇打标\123456
2025-08-02 14:28:43 | [32mINFO[0m | yolo_detector.utils.file_utils:get_example_images:164 - 获取 12 个示例图像
2025-08-02 14:28:43 | [32mINFO[0m | yolo_detector.ui.gradio_app:create_interface:382 - Gradio界面创建完成
2025-08-02 14:28:43 | [31mERROR[0m | __main__:run_web_interface:65 - 启动Web界面失败: Cannot find empty port in range: 7861-7861. You can specify a different port by setting the GRADIO_SERVER_PORT environment variable or passing the `server_port` parameter to `launch()`.
2025-08-02 14:28:44 | [32mINFO[0m | httpx:_send_single_request:1025 - HTTP Request: GET https://api.gradio.app/pkg-version "HTTP/1.1 200 OK"
2025-08-02 14:29:04 | [32mINFO[0m | yolo_detector.models.model_loader:unload_all_models:201 - 所有模型已卸载
2025-08-02 14:38:19 | [32mINFO[0m | yolo_detector.config.settings:_load_config:58 - 成功加载配置文件: D:\00deeplearn\yolo11\gradi_yolo\configs\default.yaml
2025-08-02 14:38:19 | [32mINFO[0m | yolo_detector.config.settings:_validate_config:135 - 配置验证完成
2025-08-02 14:38:19 | [32mINFO[0m | __main__:setup_environment:36 - 环境设置完成
2025-08-02 14:38:20 | [32mINFO[0m | __main__:run_web_interface:49 - 启动Web界面...
2025-08-02 14:38:20 | [32mINFO[0m | yolo_detector.ui.gradio_app:__init__:55 - Gradio应用初始化完成
2025-08-02 14:38:20 | [32mINFO[0m | yolo_detector.utils.file_utils:get_image_files:68 - 找到 15 个图像文件在 D:\Python\00雪橇打标\123456
2025-08-02 14:38:20 | [32mINFO[0m | yolo_detector.utils.file_utils:get_example_images:164 - 获取 12 个示例图像
2025-08-02 14:38:20 | [32mINFO[0m | yolo_detector.ui.gradio_app:create_interface:382 - Gradio界面创建完成
2025-08-02 14:38:20 | [32mINFO[0m | httpx:_send_single_request:1025 - HTTP Request: GET http://127.0.0.1:7861/gradio_api/startup-events "HTTP/1.1 200 OK"
2025-08-02 14:38:20 | [32mINFO[0m | httpx:_send_single_request:1025 - HTTP Request: HEAD http://127.0.0.1:7861/ "HTTP/1.1 200 OK"
2025-08-02 14:38:43 | [32mINFO[0m | yolo_detector.utils.file_utils:get_image_files:68 - 找到 15 个图像文件在 D:\Python\00雪橇打标\123456
2025-08-02 14:38:43 | [32mINFO[0m | yolo_detector.utils.file_utils:get_example_images:164 - 获取 12 个示例图像
2025-08-02 14:38:43 | [32mINFO[0m | yolo_detector.ui.gradio_app:use_example_image:195 - 使用示例图像: 1044_20250523_092028.jpg
2025-08-02 14:38:44 | [32mINFO[0m | yolo_detector.models.model_loader:load_model:81 - 开始加载detection模型: D:/00deeplearn/yolo11/【2】训练模型/cls/train_new/weights/best.pt
2025-08-02 14:38:44 | [32mINFO[0m | yolo_detector.models.model_loader:load_model:92 - 成功加载detection模型: D:/00deeplearn/yolo11/【2】训练模型/cls/train_new/weights/best.pt
2025-08-02 14:38:44 | [32mINFO[0m | yolo_detector.core.detector:load_model:349 - 目标检测模型加载成功
2025-08-02 14:38:46 | [32mINFO[0m | yolo_detector.utils.file_utils:get_image_files:68 - 找到 15 个图像文件在 D:\Python\00雪橇打标\123456
2025-08-02 14:38:46 | [32mINFO[0m | yolo_detector.utils.file_utils:get_example_images:164 - 获取 12 个示例图像
2025-08-02 14:38:46 | [32mINFO[0m | yolo_detector.ui.gradio_app:use_example_image:195 - 使用示例图像: 1044_20250523_204911.jpg
2025-08-02 14:38:47 | [32mINFO[0m | yolo_detector.core.detector:detect:395 - 目标检测完成
2025-08-02 14:38:47 | [32mINFO[0m | yolo_detector.ui.gradio_app:detect_image:134 - 检测完成: 1 个对象
2025-08-02 14:38:48 | [32mINFO[0m | yolo_detector.core.detector:detect:395 - 目标检测完成
2025-08-02 14:38:48 | [32mINFO[0m | yolo_detector.ui.gradio_app:detect_image:134 - 检测完成: 1 个对象
2025-08-02 14:38:51 | [32mINFO[0m | yolo_detector.utils.file_utils:get_image_files:68 - 找到 15 个图像文件在 D:\Python\00雪橇打标\123456
2025-08-02 14:38:51 | [32mINFO[0m | yolo_detector.utils.file_utils:get_example_images:164 - 获取 12 个示例图像
2025-08-02 14:38:51 | [32mINFO[0m | yolo_detector.ui.gradio_app:use_example_image:195 - 使用示例图像: 1063_20250525_233836.jpg
2025-08-02 14:38:51 | [32mINFO[0m | yolo_detector.models.model_loader:load_model:81 - 开始加载segmentation模型: D:/00deeplearn/yolo11/【2】训练模型/seg/train2_new/weights/best.pt
2025-08-02 14:38:52 | [32mINFO[0m | yolo_detector.models.model_loader:load_model:92 - 成功加载segmentation模型: D:/00deeplearn/yolo11/【2】训练模型/seg/train2_new/weights/best.pt
2025-08-02 14:38:52 | [32mINFO[0m | yolo_detector.core.detector:load_model:418 - 图像分割模型加载成功
2025-08-02 14:38:52 | [32mINFO[0m | yolo_detector.ui.gradio_app:switch_detector:88 - 切换到图像分割模式
2025-08-02 14:38:52 | [32mINFO[0m | yolo_detector.core.detector:detect:469 - 图像分割完成
2025-08-02 14:38:53 | [32mINFO[0m | yolo_detector.ui.gradio_app:detect_image:134 - 检测完成: 9 个对象
2025-08-02 14:38:56 | [32mINFO[0m | yolo_detector.utils.file_utils:get_image_files:68 - 找到 15 个图像文件在 D:\Python\00雪橇打标\123456
2025-08-02 14:38:56 | [32mINFO[0m | yolo_detector.utils.file_utils:get_example_images:164 - 获取 12 个示例图像
2025-08-02 14:38:56 | [32mINFO[0m | yolo_detector.ui.gradio_app:use_example_image:195 - 使用示例图像: 1104_20250523_215716.jpg
2025-08-02 14:38:57 | [32mINFO[0m | yolo_detector.core.detector:detect:469 - 图像分割完成
2025-08-02 14:38:57 | [32mINFO[0m | yolo_detector.ui.gradio_app:detect_image:134 - 检测完成: 7 个对象
2025-08-02 14:38:58 | [32mINFO[0m | yolo_detector.utils.file_utils:get_image_files:68 - 找到 15 个图像文件在 D:\Python\00雪橇打标\123456
2025-08-02 14:38:58 | [32mINFO[0m | yolo_detector.utils.file_utils:get_example_images:164 - 获取 12 个示例图像
2025-08-02 14:38:58 | [32mINFO[0m | yolo_detector.ui.gradio_app:use_example_image:195 - 使用示例图像: 1152_20250525_171205.jpg
2025-08-02 14:38:59 | [32mINFO[0m | yolo_detector.core.detector:detect:469 - 图像分割完成
2025-08-02 14:38:59 | [32mINFO[0m | yolo_detector.ui.gradio_app:detect_image:134 - 检测完成: 4 个对象
2025-08-02 14:39:34 | [32mINFO[0m | yolo_detector.utils.file_utils:get_image_files:68 - 找到 15 个图像文件在 D:\Python\00雪橇打标\123456
2025-08-02 14:39:34 | [32mINFO[0m | yolo_detector.utils.file_utils:get_example_images:164 - 获取 12 个示例图像
2025-08-02 14:39:34 | [32mINFO[0m | yolo_detector.ui.gradio_app:use_example_image:195 - 使用示例图像: 1182_20250523_130435.jpg
2025-08-02 14:39:34 | [32mINFO[0m | yolo_detector.core.detector:detect:469 - 图像分割完成
2025-08-02 14:39:35 | [32mINFO[0m | yolo_detector.ui.gradio_app:detect_image:134 - 检测完成: 5 个对象
2025-08-02 14:56:35 | [32mINFO[0m | yolo_detector.models.model_loader:unload_model:185 - 成功卸载detection模型
2025-08-02 14:56:35 | [32mINFO[0m | yolo_detector.models.model_loader:unload_model:185 - 成功卸载segmentation模型
2025-08-02 14:56:35 | [32mINFO[0m | yolo_detector.models.model_loader:unload_all_models:201 - 所有模型已卸载
2025-10-25 16:58:50 | [32mINFO[0m | yolo_detector.config.settings:_load_config:58 - 成功加载配置文件: D:\00deeplearn\yolo11\gradi_yolo\configs\default.yaml
2025-10-25 16:58:50 | [32mINFO[0m | yolo_detector.config.settings:_validate_config:135 - 配置验证完成
2025-10-25 16:58:50 | [32mINFO[0m | __main__:setup_environment:54 - 环境设置完成
2025-10-25 16:58:50 | [32mINFO[0m | __main__:run_web_interface:67 - 启动Web界面...
2025-10-25 16:58:50 | [32mINFO[0m | yolo_detector.ui.gradio_app:__init__:55 - Gradio应用初始化完成
2025-10-25 16:58:50 | [32mINFO[0m | yolo_detector.utils.file_utils:get_image_files:68 - 找到 15 个图像文件在 D:\Python\00雪橇打标\123456
2025-10-25 16:58:50 | [32mINFO[0m | yolo_detector.utils.file_utils:get_example_images:164 - 获取 12 个示例图像
2025-10-25 16:58:50 | [32mINFO[0m | yolo_detector.ui.gradio_app:create_interface:382 - Gradio界面创建完成
2025-10-25 16:58:50 | [32mINFO[0m | httpx:_send_single_request:1025 - HTTP Request: GET http://127.0.0.1:7861/gradio_api/startup-events "HTTP/1.1 200 OK"
2025-10-25 16:58:51 | [32mINFO[0m | httpx:_send_single_request:1025 - HTTP Request: HEAD http://127.0.0.1:7861/ "HTTP/1.1 200 OK"
2025-10-25 16:59:18 | [32mINFO[0m | yolo_detector.utils.file_utils:get_image_files:68 - 找到 15 个图像文件在 D:\Python\00雪橇打标\123456
2025-10-25 16:59:18 | [32mINFO[0m | yolo_detector.utils.file_utils:get_example_images:164 - 获取 12 个示例图像
2025-10-25 16:59:18 | [32mINFO[0m | yolo_detector.ui.gradio_app:use_example_image:195 - 使用示例图像: 1044_20250523_092028.jpg
2025-10-25 16:59:18 | [32mINFO[0m | yolo_detector.models.model_loader:load_model:81 - 开始加载detection模型: D:/00deeplearn/yolo11/【2】训练模型/cls/train_new/weights/best.pt
2025-10-25 16:59:19 | [32mINFO[0m | yolo_detector.models.model_loader:load_model:92 - 成功加载detection模型: D:/00deeplearn/yolo11/【2】训练模型/cls/train_new/weights/best.pt
2025-10-25 16:59:19 | [32mINFO[0m | yolo_detector.core.detector:load_model:349 - 目标检测模型加载成功
2025-10-25 16:59:22 | [32mINFO[0m | yolo_detector.core.detector:detect:395 - 目标检测完成
2025-10-25 16:59:22 | [32mINFO[0m | yolo_detector.ui.gradio_app:detect_image:134 - 检测完成: 1 个对象
2025-10-25 16:59:23 | [32mINFO[0m | yolo_detector.utils.file_utils:get_image_files:68 - 找到 15 个图像文件在 D:\Python\00雪橇打标\123456
2025-10-25 16:59:23 | [32mINFO[0m | yolo_detector.utils.file_utils:get_example_images:164 - 获取 12 个示例图像
2025-10-25 16:59:23 | [32mINFO[0m | yolo_detector.ui.gradio_app:use_example_image:195 - 使用示例图像: 1063_20250525_233836.jpg
2025-10-25 16:59:24 | [32mINFO[0m | yolo_detector.core.detector:detect:395 - 目标检测完成
2025-10-25 16:59:24 | [32mINFO[0m | yolo_detector.ui.gradio_app:detect_image:134 - 检测完成: 1 个对象
2025-10-25 16:59:29 | [32mINFO[0m | yolo_detector.models.model_loader:load_model:81 - 开始加载segmentation模型: D:/00deeplearn/yolo11/【2】训练模型/seg/train2_new/weights/best.pt
2025-10-25 16:59:30 | [32mINFO[0m | yolo_detector.models.model_loader:load_model:92 - 成功加载segmentation模型: D:/00deeplearn/yolo11/【2】训练模型/seg/train2_new/weights/best.pt
2025-10-25 16:59:30 | [32mINFO[0m | yolo_detector.core.detector:load_model:418 - 图像分割模型加载成功
2025-10-25 16:59:30 | [32mINFO[0m | yolo_detector.ui.gradio_app:switch_detector:88 - 切换到图像分割模式
2025-10-25 16:59:30 | [32mINFO[0m | yolo_detector.core.detector:detect:469 - 图像分割完成
2025-10-25 16:59:30 | [32mINFO[0m | yolo_detector.ui.gradio_app:detect_image:134 - 检测完成: 9 个对象
2025-10-25 16:59:33 | [32mINFO[0m | yolo_detector.utils.file_utils:get_image_files:68 - 找到 15 个图像文件在 D:\Python\00雪橇打标\123456
2025-10-25 16:59:33 | [32mINFO[0m | yolo_detector.utils.file_utils:get_example_images:164 - 获取 12 个示例图像
2025-10-25 16:59:33 | [32mINFO[0m | yolo_detector.ui.gradio_app:use_example_image:195 - 使用示例图像: 1255_20250523_090519.jpg
2025-10-25 16:59:34 | [32mINFO[0m | yolo_detector.core.detector:detect:469 - 图像分割完成
2025-10-25 16:59:34 | [32mINFO[0m | yolo_detector.ui.gradio_app:detect_image:134 - 检测完成: 5 个对象
2025-10-25 16:59:36 | [32mINFO[0m | yolo_detector.core.detector:detect:469 - 图像分割完成
2025-10-25 16:59:36 | [32mINFO[0m | yolo_detector.ui.gradio_app:detect_image:134 - 检测完成: 5 个对象
2025-10-25 16:59:38 | [32mINFO[0m | yolo_detector.core.detector:detect:469 - 图像分割完成
2025-10-25 16:59:38 | [32mINFO[0m | yolo_detector.ui.gradio_app:detect_image:134 - 检测完成: 5 个对象
2025-10-25 17:11:51 | [32mINFO[0m | yolo_detector.config.settings:_load_config:58 - 成功加载配置文件: D:\00deeplearn\yolo11\gradio_web_yolo\configs\default.yaml
2025-10-25 17:11:51 | [32mINFO[0m | yolo_detector.config.settings:_validate_config:135 - 配置验证完成
2025-10-25 17:11:51 | [32mINFO[0m | __main__:setup_environment:54 - 环境设置完成
2025-10-25 17:11:51 | [32mINFO[0m | __main__:run_web_interface:67 - 启动Web界面...
2025-10-25 17:11:51 | [32mINFO[0m | yolo_detector.ui.gradio_app:__init__:55 - Gradio应用初始化完成
2025-10-25 17:11:51 | [32mINFO[0m | yolo_detector.utils.file_utils:get_image_files:68 - 找到 15 个图像文件在 D:\Python\00雪橇打标\123456
2025-10-25 17:11:51 | [32mINFO[0m | yolo_detector.utils.file_utils:get_example_images:164 - 获取 12 个示例图像
2025-10-25 17:11:51 | [32mINFO[0m | yolo_detector.ui.gradio_app:create_interface:382 - Gradio界面创建完成
2025-10-25 17:11:52 | [32mINFO[0m | httpx:_send_single_request:1025 - HTTP Request: GET http://127.0.0.1:7861/gradio_api/startup-events "HTTP/1.1 200 OK"
2025-10-25 17:11:52 | [32mINFO[0m | httpx:_send_single_request:1025 - HTTP Request: HEAD http://127.0.0.1:7861/ "HTTP/1.1 200 OK"
2025-10-25 17:12:15 | [32mINFO[0m | yolo_detector.utils.file_utils:get_image_files:68 - 找到 15 个图像文件在 D:\Python\00雪橇打标\123456
2025-10-25 17:12:15 | [32mINFO[0m | yolo_detector.utils.file_utils:get_example_images:164 - 获取 12 个示例图像
2025-10-25 17:12:15 | [32mINFO[0m | yolo_detector.ui.gradio_app:use_example_image:195 - 使用示例图像: 1044_20250523_092028.jpg
2025-10-25 17:12:16 | [32mINFO[0m | yolo_detector.models.model_loader:load_model:81 - 开始加载segmentation模型: D:/00deeplearn/yolo11/【2】训练模型/seg/train2_new/weights/best.pt
2025-10-25 17:12:16 | [32mINFO[0m | yolo_detector.models.model_loader:load_model:92 - 成功加载segmentation模型: D:/00deeplearn/yolo11/【2】训练模型/seg/train2_new/weights/best.pt
2025-10-25 17:12:16 | [32mINFO[0m | yolo_detector.core.detector:load_model:418 - 图像分割模型加载成功
2025-10-25 17:12:16 | [32mINFO[0m | yolo_detector.ui.gradio_app:switch_detector:88 - 切换到图像分割模式
2025-10-25 17:12:18 | [32mINFO[0m | yolo_detector.core.detector:detect:469 - 图像分割完成
2025-10-25 17:12:18 | [32mINFO[0m | yolo_detector.ui.gradio_app:detect_image:134 - 检测完成: 4 个对象
2025-10-25 17:12:21 | [32mINFO[0m | yolo_detector.utils.file_utils:get_image_files:68 - 找到 15 个图像文件在 D:\Python\00雪橇打标\123456
2025-10-25 17:12:21 | [32mINFO[0m | yolo_detector.utils.file_utils:get_example_images:164 - 获取 12 个示例图像
2025-10-25 17:12:21 | [32mINFO[0m | yolo_detector.ui.gradio_app:use_example_image:195 - 使用示例图像: 1336_20250525_230317.jpg
2025-10-25 17:12:22 | [32mINFO[0m | yolo_detector.core.detector:detect:469 - 图像分割完成
2025-10-25 17:12:22 | [32mINFO[0m | yolo_detector.ui.gradio_app:detect_image:134 - 检测完成: 7 个对象
2025-10-25 17:12:32 | [32mINFO[0m | yolo_detector.utils.file_utils:get_image_files:68 - 找到 15 个图像文件在 D:\Python\00雪橇打标\123456
2025-10-25 17:12:32 | [32mINFO[0m | yolo_detector.utils.file_utils:get_example_images:164 - 获取 12 个示例图像
2025-10-25 17:12:32 | [32mINFO[0m | yolo_detector.ui.gradio_app:use_example_image:195 - 使用示例图像: 1063_20250525_233836.jpg
2025-10-25 17:12:32 | [32mINFO[0m | yolo_detector.models.model_loader:load_model:81 - 开始加载detection模型: D:/00deeplearn/yolo11/【2】训练模型/cls/train_new/weights/best.pt
2025-10-25 17:12:32 | [32mINFO[0m | yolo_detector.models.model_loader:load_model:92 - 成功加载detection模型: D:/00deeplearn/yolo11/【2】训练模型/cls/train_new/weights/best.pt
2025-10-25 17:12:32 | [32mINFO[0m | yolo_detector.core.detector:load_model:349 - 目标检测模型加载成功
2025-10-25 17:12:32 | [32mINFO[0m | yolo_detector.ui.gradio_app:switch_detector:88 - 切换到目标检测模式
2025-10-25 17:12:32 | [32mINFO[0m | yolo_detector.core.detector:detect:395 - 目标检测完成
2025-10-25 17:12:32 | [32mINFO[0m | yolo_detector.ui.gradio_app:detect_image:134 - 检测完成: 1 个对象
2025-10-25 17:39:11 | [32mINFO[0m | yolo_detector.models.model_loader:unload_model:185 - 成功卸载segmentation模型
2025-10-25 17:39:11 | [32mINFO[0m | yolo_detector.models.model_loader:unload_model:185 - 成功卸载detection模型
2025-10-25 17:39:11 | [32mINFO[0m | yolo_detector.models.model_loader:unload_all_models:201 - 所有模型已卸载
2025-10-25 17:39:20 | [32mINFO[0m | yolo_detector.config.settings:_load_config:58 - 成功加载配置文件: D:\00deeplearn\yolo11\gradio_web_yolo\configs\default.yaml
2025-10-25 17:39:20 | [32mINFO[0m | yolo_detector.config.settings:_validate_config:135 - 配置验证完成
2025-10-25 17:39:20 | [32mINFO[0m | __main__:setup_environment:54 - 环境设置完成
2025-10-25 17:39:20 | [32mINFO[0m | __main__:run_web_interface:67 - 启动Web界面...
2025-10-25 17:39:20 | [32mINFO[0m | yolo_detector.ui.gradio_app:__init__:56 - Gradio应用初始化完成
2025-10-25 17:39:20 | [32mINFO[0m | yolo_detector.utils.file_utils:get_image_files:68 - 找到 15 个图像文件在 D:\Python\00雪橇打标\123456
2025-10-25 17:39:20 | [32mINFO[0m | yolo_detector.utils.file_utils:get_example_images:164 - 获取 12 个示例图像
2025-10-25 17:39:20 | [32mINFO[0m | yolo_detector.ui.gradio_app:create_interface:390 - Gradio界面创建完成
2025-10-25 17:39:20 | [32mINFO[0m | httpx:_send_single_request:1025 - HTTP Request: GET http://127.0.0.1:7861/gradio_api/startup-events "HTTP/1.1 200 OK"
2025-10-25 17:39:20 | [32mINFO[0m | httpx:_send_single_request:1025 - HTTP Request: HEAD http://127.0.0.1:7861/ "HTTP/1.1 200 OK"
2025-10-25 17:39:28 | [32mINFO[0m | yolo_detector.utils.file_utils:get_image_files:68 - 找到 15 个图像文件在 D:\Python\00雪橇打标\123456
2025-10-25 17:39:28 | [32mINFO[0m | yolo_detector.utils.file_utils:get_example_images:164 - 获取 12 个示例图像
2025-10-25 17:39:28 | [32mINFO[0m | yolo_detector.ui.gradio_app:use_example_image:199 - 使用示例图像: 1044_20250523_092028.jpg
2025-10-25 17:39:28 | [32mINFO[0m | yolo_detector.models.model_loader:load_model:81 - 开始加载pose模型: D:/00deeplearn/yolo11/【2】训练模型/pose/yolo11s-pose.pt
2025-10-25 17:39:28 | [32mINFO[0m | yolo_detector.models.model_loader:load_model:92 - 成功加载pose模型: D:/00deeplearn/yolo11/【2】训练模型/pose/yolo11s-pose.pt
2025-10-25 17:39:28 | [32mINFO[0m | yolo_detector.core.detector:load_model:648 - 姿态检测模型加载成功
2025-10-25 17:39:28 | [32mINFO[0m | yolo_detector.ui.gradio_app:switch_detector:92 - 切换到姿态检测模式
2025-10-25 17:39:30 | [32mINFO[0m | yolo_detector.core.detector:detect:699 - 姿态检测完成
2025-10-25 17:39:30 | [32mINFO[0m | yolo_detector.ui.gradio_app:detect_image:138 - 检测完成: 0 个对象
2025-10-25 17:43:35 | [32mINFO[0m | yolo_detector.models.model_loader:unload_model:186 - 成功卸载pose模型
2025-10-25 17:43:35 | [32mINFO[0m | yolo_detector.models.model_loader:unload_all_models:202 - 所有模型已卸载
2025-10-25 17:43:42 | [32mINFO[0m | yolo_detector.config.settings:_load_config:58 - 成功加载配置文件: D:\00deeplearn\yolo11\gradio_web_yolo\configs\default.yaml
2025-10-25 17:43:42 | [32mINFO[0m | yolo_detector.config.settings:_validate_config:135 - 配置验证完成
2025-10-25 17:43:42 | [32mINFO[0m | __main__:setup_environment:54 - 环境设置完成
2025-10-25 17:43:42 | [32mINFO[0m | __main__:run_web_interface:67 - 启动Web界面...
2025-10-25 17:43:42 | [32mINFO[0m | yolo_detector.ui.gradio_app:__init__:56 - Gradio应用初始化完成
2025-10-25 17:43:42 | [32mINFO[0m | yolo_detector.utils.file_utils:get_image_files:68 - 找到 5 个图像文件在 D:\Python\00雪橇打标\123456
2025-10-25 17:43:42 | [32mINFO[0m | yolo_detector.utils.file_utils:get_example_images:164 - 获取 5 个示例图像
2025-10-25 17:43:42 | [32mINFO[0m | yolo_detector.ui.gradio_app:create_interface:390 - Gradio界面创建完成
2025-10-25 17:43:43 | [32mINFO[0m | httpx:_send_single_request:1025 - HTTP Request: GET http://127.0.0.1:7861/gradio_api/startup-events "HTTP/1.1 200 OK"
2025-10-25 17:43:43 | [32mINFO[0m | httpx:_send_single_request:1025 - HTTP Request: HEAD http://127.0.0.1:7861/ "HTTP/1.1 200 OK"
2025-10-25 17:43:51 | [32mINFO[0m | yolo_detector.utils.file_utils:get_image_files:68 - 找到 5 个图像文件在 D:\Python\00雪橇打标\123456
2025-10-25 17:43:51 | [32mINFO[0m | yolo_detector.utils.file_utils:get_example_images:164 - 获取 5 个示例图像
2025-10-25 17:43:51 | [32mINFO[0m | yolo_detector.ui.gradio_app:use_example_image:199 - 使用示例图像: 1.png
2025-10-25 17:43:51 | [32mINFO[0m | yolo_detector.models.model_loader:load_model:81 - 开始加载detection模型: D:/00deeplearn/yolo11/【2】训练模型/cls/train_new/weights/best.pt
2025-10-25 17:43:51 | [32mINFO[0m | yolo_detector.models.model_loader:load_model:92 - 成功加载detection模型: D:/00deeplearn/yolo11/【2】训练模型/cls/train_new/weights/best.pt
2025-10-25 17:43:51 | [32mINFO[0m | yolo_detector.core.detector:load_model:505 - 目标检测模型加载成功
2025-10-25 17:43:53 | [32mINFO[0m | yolo_detector.core.detector:detect:551 - 目标检测完成
2025-10-25 17:43:53 | [32mINFO[0m | yolo_detector.ui.gradio_app:detect_image:138 - 检测完成: 0 个对象
2025-10-25 17:43:57 | [32mINFO[0m | yolo_detector.utils.file_utils:get_image_files:68 - 找到 5 个图像文件在 D:\Python\00雪橇打标\123456
2025-10-25 17:43:57 | [32mINFO[0m | yolo_detector.utils.file_utils:get_example_images:164 - 获取 5 个示例图像
2025-10-25 17:43:57 | [32mINFO[0m | yolo_detector.ui.gradio_app:use_example_image:199 - 使用示例图像: 2.jpeg
2025-10-25 17:43:57 | [32mINFO[0m | yolo_detector.core.detector:detect:551 - 目标检测完成
2025-10-25 17:43:57 | [32mINFO[0m | yolo_detector.ui.gradio_app:detect_image:138 - 检测完成: 0 个对象
2025-10-25 17:43:59 | [32mINFO[0m | yolo_detector.utils.file_utils:get_image_files:68 - 找到 5 个图像文件在 D:\Python\00雪橇打标\123456
2025-10-25 17:43:59 | [32mINFO[0m | yolo_detector.utils.file_utils:get_example_images:164 - 获取 5 个示例图像
2025-10-25 17:43:59 | [32mINFO[0m | yolo_detector.ui.gradio_app:use_example_image:199 - 使用示例图像: 3.jpg
2025-10-25 17:44:00 | [32mINFO[0m | yolo_detector.core.detector:detect:551 - 目标检测完成
2025-10-25 17:44:00 | [32mINFO[0m | yolo_detector.ui.gradio_app:detect_image:138 - 检测完成: 0 个对象
2025-10-25 17:44:02 | [32mINFO[0m | yolo_detector.utils.file_utils:get_image_files:68 - 找到 5 个图像文件在 D:\Python\00雪橇打标\123456
2025-10-25 17:44:02 | [32mINFO[0m | yolo_detector.utils.file_utils:get_example_images:164 - 获取 5 个示例图像
2025-10-25 17:44:02 | [32mINFO[0m | yolo_detector.ui.gradio_app:use_example_image:199 - 使用示例图像: 4.jpg
2025-10-25 17:44:03 | [32mINFO[0m | yolo_detector.core.detector:detect:551 - 目标检测完成
2025-10-25 17:44:03 | [32mINFO[0m | yolo_detector.ui.gradio_app:detect_image:138 - 检测完成: 0 个对象
2025-10-25 17:44:11 | [32mINFO[0m | yolo_detector.utils.file_utils:get_image_files:68 - 找到 5 个图像文件在 D:\Python\00雪橇打标\123456
2025-10-25 17:44:11 | [32mINFO[0m | yolo_detector.utils.file_utils:get_example_images:164 - 获取 5 个示例图像
2025-10-25 17:44:11 | [32mINFO[0m | yolo_detector.ui.gradio_app:use_example_image:199 - 使用示例图像: 1.png
2025-10-25 17:44:11 | [32mINFO[0m | yolo_detector.core.detector:detect:551 - 目标检测完成
2025-10-25 17:44:11 | [32mINFO[0m | yolo_detector.ui.gradio_app:detect_image:138 - 检测完成: 0 个对象
2025-10-25 17:44:12 | [32mINFO[0m | yolo_detector.utils.file_utils:get_image_files:68 - 找到 5 个图像文件在 D:\Python\00雪橇打标\123456
2025-10-25 17:44:12 | [32mINFO[0m | yolo_detector.utils.file_utils:get_example_images:164 - 获取 5 个示例图像
2025-10-25 17:44:12 | [32mINFO[0m | yolo_detector.ui.gradio_app:use_example_image:199 - 使用示例图像: 2.jpeg
2025-10-25 17:44:12 | [32mINFO[0m | yolo_detector.core.detector:detect:551 - 目标检测完成
2025-10-25 17:44:12 | [32mINFO[0m | yolo_detector.ui.gradio_app:detect_image:138 - 检测完成: 0 个对象
2025-10-25 17:44:14 | [32mINFO[0m | yolo_detector.utils.file_utils:get_image_files:68 - 找到 5 个图像文件在 D:\Python\00雪橇打标\123456
2025-10-25 17:44:14 | [32mINFO[0m | yolo_detector.utils.file_utils:get_example_images:164 - 获取 5 个示例图像
2025-10-25 17:44:14 | [32mINFO[0m | yolo_detector.ui.gradio_app:use_example_image:199 - 使用示例图像: 3.jpg
2025-10-25 17:44:15 | [32mINFO[0m | yolo_detector.core.detector:detect:551 - 目标检测完成
2025-10-25 17:44:15 | [32mINFO[0m | yolo_detector.ui.gradio_app:detect_image:138 - 检测完成: 0 个对象
2025-10-25 17:45:01 | [32mINFO[0m | yolo_detector.models.model_loader:load_model:81 - 开始加载pose模型: D:/00deeplearn/yolo11/【2】训练模型/pose/yolo11s-pose.pt
2025-10-25 17:45:01 | [32mINFO[0m | yolo_detector.models.model_loader:load_model:92 - 成功加载pose模型: D:/00deeplearn/yolo11/【2】训练模型/pose/yolo11s-pose.pt
2025-10-25 17:45:01 | [32mINFO[0m | yolo_detector.core.detector:load_model:648 - 姿态检测模型加载成功
2025-10-25 17:45:01 | [32mINFO[0m | yolo_detector.ui.gradio_app:switch_detector:92 - 切换到姿态检测模式
2025-10-25 17:45:01 | [32mINFO[0m | yolo_detector.core.detector:detect:699 - 姿态检测完成
2025-10-25 17:45:01 | [32mINFO[0m | yolo_detector.ui.gradio_app:detect_image:138 - 检测完成: 1 个对象
2025-10-25 17:45:09 | [32mINFO[0m | yolo_detector.utils.file_utils:get_image_files:68 - 找到 5 个图像文件在 D:\Python\00雪橇打标\123456
2025-10-25 17:45:09 | [32mINFO[0m | yolo_detector.utils.file_utils:get_example_images:164 - 获取 5 个示例图像
2025-10-25 17:45:09 | [32mINFO[0m | yolo_detector.ui.gradio_app:use_example_image:199 - 使用示例图像: 1.png
2025-10-25 17:45:09 | [32mINFO[0m | yolo_detector.core.detector:detect:699 - 姿态检测完成
2025-10-25 17:45:09 | [32mINFO[0m | yolo_detector.ui.gradio_app:detect_image:138 - 检测完成: 4 个对象
2025-10-25 17:45:45 | [32mINFO[0m | yolo_detector.utils.file_utils:get_image_files:68 - 找到 5 个图像文件在 D:\Python\00雪橇打标\123456
2025-10-25 17:45:45 | [32mINFO[0m | yolo_detector.utils.file_utils:get_example_images:164 - 获取 5 个示例图像
2025-10-25 17:45:45 | [32mINFO[0m | yolo_detector.ui.gradio_app:use_example_image:199 - 使用示例图像: 4.jpg
2025-10-25 17:45:46 | [32mINFO[0m | yolo_detector.core.detector:detect:699 - 姿态检测完成
2025-10-25 17:45:46 | [32mINFO[0m | yolo_detector.ui.gradio_app:detect_image:138 - 检测完成: 4 个对象
2025-10-25 17:46:00 | [32mINFO[0m | yolo_detector.utils.file_utils:get_image_files:68 - 找到 5 个图像文件在 D:\Python\00雪橇打标\123456
2025-10-25 17:46:00 | [32mINFO[0m | yolo_detector.utils.file_utils:get_example_images:164 - 获取 5 个示例图像
2025-10-25 17:46:00 | [32mINFO[0m | yolo_detector.ui.gradio_app:use_example_image:199 - 使用示例图像: 5.webp
2025-10-25 17:46:00 | [32mINFO[0m | yolo_detector.core.detector:detect:699 - 姿态检测完成
2025-10-25 17:46:00 | [32mINFO[0m | yolo_detector.ui.gradio_app:detect_image:138 - 检测完成: 7 个对象
2025-10-25 18:03:52 | [32mINFO[0m | yolo_detector.models.model_loader:unload_model:186 - 成功卸载detection模型
2025-10-25 18:03:52 | [32mINFO[0m | yolo_detector.models.model_loader:unload_model:186 - 成功卸载pose模型
2025-10-25 18:03:52 | [32mINFO[0m | yolo_detector.models.model_loader:unload_all_models:202 - 所有模型已卸载
2025-10-25 18:04:00 | [32mINFO[0m | yolo_detector.config.settings:_load_config:58 - 成功加载配置文件: D:\00deeplearn\yolo11\gradio_web_yolo\configs\default.yaml
2025-10-25 18:04:00 | [32mINFO[0m | yolo_detector.config.settings:_validate_config:135 - 配置验证完成
2025-10-25 18:04:00 | [32mINFO[0m | __main__:setup_environment:54 - 环境设置完成
2025-10-25 18:04:00 | [32mINFO[0m | __main__:run_web_interface:67 - 启动Web界面...
2025-10-25 18:04:00 | [32mINFO[0m | yolo_detector.ui.gradio_app:__init__:56 - Gradio应用初始化完成
2025-10-25 18:04:00 | [32mINFO[0m | yolo_detector.utils.file_utils:get_image_files:68 - 找到 5 个图像文件在 D:\Python\00雪橇打标\123456
2025-10-25 18:04:00 | [32mINFO[0m | yolo_detector.utils.file_utils:get_example_images:164 - 获取 5 个示例图像
2025-10-25 18:04:00 | [32mINFO[0m | yolo_detector.ui.gradio_app:create_interface:390 - Gradio界面创建完成
2025-10-25 18:04:00 | [32mINFO[0m | httpx:_send_single_request:1025 - HTTP Request: GET http://127.0.0.1:7861/gradio_api/startup-events "HTTP/1.1 200 OK"
2025-10-25 18:04:00 | [32mINFO[0m | httpx:_send_single_request:1025 - HTTP Request: HEAD http://127.0.0.1:7861/ "HTTP/1.1 200 OK"
2025-10-25 18:04:52 | [32mINFO[0m | yolo_detector.utils.file_utils:get_image_files:68 - 找到 5 个图像文件在 D:\Python\00雪橇打标\123456
2025-10-25 18:04:52 | [32mINFO[0m | yolo_detector.utils.file_utils:get_example_images:164 - 获取 5 个示例图像
2025-10-25 18:04:52 | [32mINFO[0m | yolo_detector.ui.gradio_app:use_example_image:199 - 使用示例图像: 1.png
2025-10-25 18:04:53 | [32mINFO[0m | yolo_detector.models.model_loader:load_model:81 - 开始加载detection模型: D:/00deeplearn/yolo11/【2】训练模型/cls/train_new/weights/best.pt
2025-10-25 18:04:53 | [32mINFO[0m | yolo_detector.models.model_loader:load_model:92 - 成功加载detection模型: D:/00deeplearn/yolo11/【2】训练模型/cls/train_new/weights/best.pt
2025-10-25 18:04:53 | [32mINFO[0m | yolo_detector.core.detector:load_model:505 - 目标检测模型加载成功
2025-10-25 18:04:55 | [32mINFO[0m | yolo_detector.core.detector:detect:551 - 目标检测完成
2025-10-25 18:04:55 | [32mINFO[0m | yolo_detector.ui.gradio_app:detect_image:138 - 检测完成: 0 个对象
2025-10-25 18:04:58 | [32mINFO[0m | yolo_detector.utils.file_utils:get_image_files:68 - 找到 5 个图像文件在 D:\Python\00雪橇打标\123456
2025-10-25 18:04:58 | [32mINFO[0m | yolo_detector.utils.file_utils:get_example_images:164 - 获取 5 个示例图像
2025-10-25 18:04:58 | [32mINFO[0m | yolo_detector.ui.gradio_app:use_example_image:199 - 使用示例图像: 2.jpeg
2025-10-25 18:04:59 | [32mINFO[0m | yolo_detector.models.model_loader:load_model:81 - 开始加载pose模型: D:/00deeplearn/yolo11/【2】训练模型/pose/yolo11s-pose.pt
2025-10-25 18:04:59 | [32mINFO[0m | yolo_detector.models.model_loader:load_model:92 - 成功加载pose模型: D:/00deeplearn/yolo11/【2】训练模型/pose/yolo11s-pose.pt
2025-10-25 18:04:59 | [32mINFO[0m | yolo_detector.core.detector:load_model:648 - 姿态检测模型加载成功
2025-10-25 18:04:59 | [32mINFO[0m | yolo_detector.ui.gradio_app:switch_detector:92 - 切换到姿态检测模式
2025-10-25 18:04:59 | [31mERROR[0m | yolo_detector.core.detector:detect:724 - 姿态检测失败: '[31m[1mkpt_radius[0m' is not a valid YOLO argument. 
'[31m[1mkpt_shape[0m' is not a valid YOLO argument. 
'[31m[1mkpt_line[0m' is not a valid YOLO argument. 

    Arguments received: ['yolo', 'web']. Ultralytics 'yolo' commands use the following syntax:

        yolo TASK MODE ARGS

        Where   TASK (optional) is one of ['classify', 'obb', 'pose', 'detect', 'segment']
                MODE (required) is one of ['val', 'train', 'track', 'benchmark', 'export', 'predict']
                ARGS (optional) are any number of custom 'arg=value' pairs like 'imgsz=320' that override defaults.
                    See all ARGS at https://docs.ultralytics.com/usage/cfg or with 'yolo cfg'

    1. Train a detection model for 10 epochs with an initial learning_rate of 0.01
        yolo train data=coco8.yaml model=yolo11n.pt epochs=10 lr0=0.01

    2. Predict a YouTube video using a pretrained segmentation model at image size 320:
        yolo predict model=yolo11n-seg.pt source='https://youtu.be/LNwODJXcvt4' imgsz=320

    3. Val a pretrained detection model at batch-size 1 and image size 640:
        yolo val model=yolo11n.pt data=coco8.yaml batch=1 imgsz=640

    4. Export a YOLO11n classification model to ONNX format at image size 224 by 128 (no TASK required)
        yolo export model=yolo11n-cls.pt format=onnx imgsz=224,128

    5. Ultralytics solutions usage
        yolo solutions count or in ['crop', 'blur', 'workout', 'heatmap', 'isegment', 'visioneye', 'speed', 'queue', 'analytics', 'inference', 'trackzone'] source="path/to/video.mp4"

    6. Run special commands:
        yolo help
        yolo checks
        yolo version
        yolo settings
        yolo copy-cfg
        yolo cfg
        yolo solutions help

    Docs: https://docs.ultralytics.com
    Solutions: https://docs.ultralytics.com/solutions/
    Community: https://community.ultralytics.com
    GitHub: https://github.com/ultralytics/ultralytics
    
2025-10-25 18:05:11 | [32mINFO[0m | yolo_detector.utils.file_utils:get_image_files:68 - 找到 5 个图像文件在 D:\Python\00雪橇打标\123456
2025-10-25 18:05:11 | [32mINFO[0m | yolo_detector.utils.file_utils:get_example_images:164 - 获取 5 个示例图像
2025-10-25 18:05:11 | [32mINFO[0m | yolo_detector.ui.gradio_app:use_example_image:199 - 使用示例图像: 1.png
2025-10-25 18:05:11 | [31mERROR[0m | yolo_detector.core.detector:detect:724 - 姿态检测失败: '[31m[1mkpt_radius[0m' is not a valid YOLO argument. 
'[31m[1mkpt_shape[0m' is not a valid YOLO argument. 
'[31m[1mkpt_line[0m' is not a valid YOLO argument. 

    Arguments received: ['yolo', 'web']. Ultralytics 'yolo' commands use the following syntax:

        yolo TASK MODE ARGS

        Where   TASK (optional) is one of ['classify', 'obb', 'pose', 'detect', 'segment']
                MODE (required) is one of ['val', 'train', 'track', 'benchmark', 'export', 'predict']
                ARGS (optional) are any number of custom 'arg=value' pairs like 'imgsz=320' that override defaults.
                    See all ARGS at https://docs.ultralytics.com/usage/cfg or with 'yolo cfg'

    1. Train a detection model for 10 epochs with an initial learning_rate of 0.01
        yolo train data=coco8.yaml model=yolo11n.pt epochs=10 lr0=0.01

    2. Predict a YouTube video using a pretrained segmentation model at image size 320:
        yolo predict model=yolo11n-seg.pt source='https://youtu.be/LNwODJXcvt4' imgsz=320

    3. Val a pretrained detection model at batch-size 1 and image size 640:
        yolo val model=yolo11n.pt data=coco8.yaml batch=1 imgsz=640

    4. Export a YOLO11n classification model to ONNX format at image size 224 by 128 (no TASK required)
        yolo export model=yolo11n-cls.pt format=onnx imgsz=224,128

    5. Ultralytics solutions usage
        yolo solutions count or in ['crop', 'blur', 'workout', 'heatmap', 'isegment', 'visioneye', 'speed', 'queue', 'analytics', 'inference', 'trackzone'] source="path/to/video.mp4"

    6. Run special commands:
        yolo help
        yolo checks
        yolo version
        yolo settings
        yolo copy-cfg
        yolo cfg
        yolo solutions help

    Docs: https://docs.ultralytics.com
    Solutions: https://docs.ultralytics.com/solutions/
    Community: https://community.ultralytics.com
    GitHub: https://github.com/ultralytics/ultralytics
    
2025-10-25 18:05:14 | [32mINFO[0m | yolo_detector.utils.file_utils:get_image_files:68 - 找到 5 个图像文件在 D:\Python\00雪橇打标\123456
2025-10-25 18:05:14 | [32mINFO[0m | yolo_detector.utils.file_utils:get_example_images:164 - 获取 5 个示例图像
2025-10-25 18:05:14 | [32mINFO[0m | yolo_detector.ui.gradio_app:use_example_image:199 - 使用示例图像: 2.jpeg
2025-10-25 18:05:14 | [31mERROR[0m | yolo_detector.core.detector:detect:724 - 姿态检测失败: '[31m[1mkpt_radius[0m' is not a valid YOLO argument. 
'[31m[1mkpt_shape[0m' is not a valid YOLO argument. 
'[31m[1mkpt_line[0m' is not a valid YOLO argument. 

    Arguments received: ['yolo', 'web']. Ultralytics 'yolo' commands use the following syntax:

        yolo TASK MODE ARGS

        Where   TASK (optional) is one of ['classify', 'obb', 'pose', 'detect', 'segment']
                MODE (required) is one of ['val', 'train', 'track', 'benchmark', 'export', 'predict']
                ARGS (optional) are any number of custom 'arg=value' pairs like 'imgsz=320' that override defaults.
                    See all ARGS at https://docs.ultralytics.com/usage/cfg or with 'yolo cfg'

    1. Train a detection model for 10 epochs with an initial learning_rate of 0.01
        yolo train data=coco8.yaml model=yolo11n.pt epochs=10 lr0=0.01

    2. Predict a YouTube video using a pretrained segmentation model at image size 320:
        yolo predict model=yolo11n-seg.pt source='https://youtu.be/LNwODJXcvt4' imgsz=320

    3. Val a pretrained detection model at batch-size 1 and image size 640:
        yolo val model=yolo11n.pt data=coco8.yaml batch=1 imgsz=640

    4. Export a YOLO11n classification model to ONNX format at image size 224 by 128 (no TASK required)
        yolo export model=yolo11n-cls.pt format=onnx imgsz=224,128

    5. Ultralytics solutions usage
        yolo solutions count or in ['crop', 'blur', 'workout', 'heatmap', 'isegment', 'visioneye', 'speed', 'queue', 'analytics', 'inference', 'trackzone'] source="path/to/video.mp4"

    6. Run special commands:
        yolo help
        yolo checks
        yolo version
        yolo settings
        yolo copy-cfg
        yolo cfg
        yolo solutions help

    Docs: https://docs.ultralytics.com
    Solutions: https://docs.ultralytics.com/solutions/
    Community: https://community.ultralytics.com
    GitHub: https://github.com/ultralytics/ultralytics
    
2025-10-25 18:05:15 | [32mINFO[0m | yolo_detector.utils.file_utils:get_image_files:68 - 找到 5 个图像文件在 D:\Python\00雪橇打标\123456
2025-10-25 18:05:15 | [32mINFO[0m | yolo_detector.utils.file_utils:get_example_images:164 - 获取 5 个示例图像
2025-10-25 18:05:15 | [32mINFO[0m | yolo_detector.ui.gradio_app:use_example_image:199 - 使用示例图像: 3.jpg
2025-10-25 18:05:16 | [31mERROR[0m | yolo_detector.core.detector:detect:724 - 姿态检测失败: '[31m[1mkpt_radius[0m' is not a valid YOLO argument. 
'[31m[1mkpt_shape[0m' is not a valid YOLO argument. 
'[31m[1mkpt_line[0m' is not a valid YOLO argument. 

    Arguments received: ['yolo', 'web']. Ultralytics 'yolo' commands use the following syntax:

        yolo TASK MODE ARGS

        Where   TASK (optional) is one of ['classify', 'obb', 'pose', 'detect', 'segment']
                MODE (required) is one of ['val', 'train', 'track', 'benchmark', 'export', 'predict']
                ARGS (optional) are any number of custom 'arg=value' pairs like 'imgsz=320' that override defaults.
                    See all ARGS at https://docs.ultralytics.com/usage/cfg or with 'yolo cfg'

    1. Train a detection model for 10 epochs with an initial learning_rate of 0.01
        yolo train data=coco8.yaml model=yolo11n.pt epochs=10 lr0=0.01

    2. Predict a YouTube video using a pretrained segmentation model at image size 320:
        yolo predict model=yolo11n-seg.pt source='https://youtu.be/LNwODJXcvt4' imgsz=320

    3. Val a pretrained detection model at batch-size 1 and image size 640:
        yolo val model=yolo11n.pt data=coco8.yaml batch=1 imgsz=640

    4. Export a YOLO11n classification model to ONNX format at image size 224 by 128 (no TASK required)
        yolo export model=yolo11n-cls.pt format=onnx imgsz=224,128

    5. Ultralytics solutions usage
        yolo solutions count or in ['crop', 'blur', 'workout', 'heatmap', 'isegment', 'visioneye', 'speed', 'queue', 'analytics', 'inference', 'trackzone'] source="path/to/video.mp4"

    6. Run special commands:
        yolo help
        yolo checks
        yolo version
        yolo settings
        yolo copy-cfg
        yolo cfg
        yolo solutions help

    Docs: https://docs.ultralytics.com
    Solutions: https://docs.ultralytics.com/solutions/
    Community: https://community.ultralytics.com
    GitHub: https://github.com/ultralytics/ultralytics
    
2025-10-25 18:05:17 | [32mINFO[0m | yolo_detector.utils.file_utils:get_image_files:68 - 找到 5 个图像文件在 D:\Python\00雪橇打标\123456
2025-10-25 18:05:17 | [32mINFO[0m | yolo_detector.utils.file_utils:get_example_images:164 - 获取 5 个示例图像
2025-10-25 18:05:17 | [32mINFO[0m | yolo_detector.ui.gradio_app:use_example_image:199 - 使用示例图像: 4.jpg
2025-10-25 18:05:17 | [31mERROR[0m | yolo_detector.core.detector:detect:724 - 姿态检测失败: '[31m[1mkpt_radius[0m' is not a valid YOLO argument. 
'[31m[1mkpt_shape[0m' is not a valid YOLO argument. 
'[31m[1mkpt_line[0m' is not a valid YOLO argument. 

    Arguments received: ['yolo', 'web']. Ultralytics 'yolo' commands use the following syntax:

        yolo TASK MODE ARGS

        Where   TASK (optional) is one of ['classify', 'obb', 'pose', 'detect', 'segment']
                MODE (required) is one of ['val', 'train', 'track', 'benchmark', 'export', 'predict']
                ARGS (optional) are any number of custom 'arg=value' pairs like 'imgsz=320' that override defaults.
                    See all ARGS at https://docs.ultralytics.com/usage/cfg or with 'yolo cfg'

    1. Train a detection model for 10 epochs with an initial learning_rate of 0.01
        yolo train data=coco8.yaml model=yolo11n.pt epochs=10 lr0=0.01

    2. Predict a YouTube video using a pretrained segmentation model at image size 320:
        yolo predict model=yolo11n-seg.pt source='https://youtu.be/LNwODJXcvt4' imgsz=320

    3. Val a pretrained detection model at batch-size 1 and image size 640:
        yolo val model=yolo11n.pt data=coco8.yaml batch=1 imgsz=640

    4. Export a YOLO11n classification model to ONNX format at image size 224 by 128 (no TASK required)
        yolo export model=yolo11n-cls.pt format=onnx imgsz=224,128

    5. Ultralytics solutions usage
        yolo solutions count or in ['crop', 'blur', 'workout', 'heatmap', 'isegment', 'visioneye', 'speed', 'queue', 'analytics', 'inference', 'trackzone'] source="path/to/video.mp4"

    6. Run special commands:
        yolo help
        yolo checks
        yolo version
        yolo settings
        yolo copy-cfg
        yolo cfg
        yolo solutions help

    Docs: https://docs.ultralytics.com
    Solutions: https://docs.ultralytics.com/solutions/
    Community: https://community.ultralytics.com
    GitHub: https://github.com/ultralytics/ultralytics
    
2025-10-25 18:05:23 | [32mINFO[0m | yolo_detector.utils.file_utils:get_image_files:68 - 找到 5 个图像文件在 D:\Python\00雪橇打标\123456
2025-10-25 18:05:23 | [32mINFO[0m | yolo_detector.utils.file_utils:get_example_images:164 - 获取 5 个示例图像
2025-10-25 18:05:23 | [32mINFO[0m | yolo_detector.ui.gradio_app:use_example_image:199 - 使用示例图像: 1.png
2025-10-25 18:05:24 | [32mINFO[0m | yolo_detector.ui.gradio_app:switch_detector:92 - 切换到目标检测模式
2025-10-25 18:05:24 | [32mINFO[0m | yolo_detector.core.detector:detect:551 - 目标检测完成
2025-10-25 18:05:24 | [32mINFO[0m | yolo_detector.ui.gradio_app:detect_image:138 - 检测完成: 0 个对象
2025-10-25 18:05:30 | [32mINFO[0m | yolo_detector.utils.file_utils:get_image_files:68 - 找到 5 个图像文件在 D:\Python\00雪橇打标\123456
2025-10-25 18:05:30 | [32mINFO[0m | yolo_detector.utils.file_utils:get_example_images:164 - 获取 5 个示例图像
2025-10-25 18:05:30 | [32mINFO[0m | yolo_detector.ui.gradio_app:use_example_image:199 - 使用示例图像: 1.png
2025-10-25 18:05:30 | [32mINFO[0m | yolo_detector.ui.gradio_app:switch_detector:92 - 切换到姿态检测模式
2025-10-25 18:05:30 | [31mERROR[0m | yolo_detector.core.detector:detect:724 - 姿态检测失败: '[31m[1mkpt_radius[0m' is not a valid YOLO argument. 
'[31m[1mkpt_shape[0m' is not a valid YOLO argument. 
'[31m[1mkpt_line[0m' is not a valid YOLO argument. 

    Arguments received: ['yolo', 'web']. Ultralytics 'yolo' commands use the following syntax:

        yolo TASK MODE ARGS

        Where   TASK (optional) is one of ['classify', 'obb', 'pose', 'detect', 'segment']
                MODE (required) is one of ['val', 'train', 'track', 'benchmark', 'export', 'predict']
                ARGS (optional) are any number of custom 'arg=value' pairs like 'imgsz=320' that override defaults.
                    See all ARGS at https://docs.ultralytics.com/usage/cfg or with 'yolo cfg'

    1. Train a detection model for 10 epochs with an initial learning_rate of 0.01
        yolo train data=coco8.yaml model=yolo11n.pt epochs=10 lr0=0.01

    2. Predict a YouTube video using a pretrained segmentation model at image size 320:
        yolo predict model=yolo11n-seg.pt source='https://youtu.be/LNwODJXcvt4' imgsz=320

    3. Val a pretrained detection model at batch-size 1 and image size 640:
        yolo val model=yolo11n.pt data=coco8.yaml batch=1 imgsz=640

    4. Export a YOLO11n classification model to ONNX format at image size 224 by 128 (no TASK required)
        yolo export model=yolo11n-cls.pt format=onnx imgsz=224,128

    5. Ultralytics solutions usage
        yolo solutions count or in ['crop', 'blur', 'workout', 'heatmap', 'isegment', 'visioneye', 'speed', 'queue', 'analytics', 'inference', 'trackzone'] source="path/to/video.mp4"

    6. Run special commands:
        yolo help
        yolo checks
        yolo version
        yolo settings
        yolo copy-cfg
        yolo cfg
        yolo solutions help

    Docs: https://docs.ultralytics.com
    Solutions: https://docs.ultralytics.com/solutions/
    Community: https://community.ultralytics.com
    GitHub: https://github.com/ultralytics/ultralytics
    
2025-10-25 18:05:32 | [32mINFO[0m | yolo_detector.utils.file_utils:get_image_files:68 - 找到 5 个图像文件在 D:\Python\00雪橇打标\123456
2025-10-25 18:05:32 | [32mINFO[0m | yolo_detector.utils.file_utils:get_example_images:164 - 获取 5 个示例图像
2025-10-25 18:05:32 | [32mINFO[0m | yolo_detector.ui.gradio_app:use_example_image:199 - 使用示例图像: 2.jpeg
2025-10-25 18:05:32 | [31mERROR[0m | yolo_detector.core.detector:detect:724 - 姿态检测失败: '[31m[1mkpt_radius[0m' is not a valid YOLO argument. 
'[31m[1mkpt_shape[0m' is not a valid YOLO argument. 
'[31m[1mkpt_line[0m' is not a valid YOLO argument. 

    Arguments received: ['yolo', 'web']. Ultralytics 'yolo' commands use the following syntax:

        yolo TASK MODE ARGS

        Where   TASK (optional) is one of ['classify', 'obb', 'pose', 'detect', 'segment']
                MODE (required) is one of ['val', 'train', 'track', 'benchmark', 'export', 'predict']
                ARGS (optional) are any number of custom 'arg=value' pairs like 'imgsz=320' that override defaults.
                    See all ARGS at https://docs.ultralytics.com/usage/cfg or with 'yolo cfg'

    1. Train a detection model for 10 epochs with an initial learning_rate of 0.01
        yolo train data=coco8.yaml model=yolo11n.pt epochs=10 lr0=0.01

    2. Predict a YouTube video using a pretrained segmentation model at image size 320:
        yolo predict model=yolo11n-seg.pt source='https://youtu.be/LNwODJXcvt4' imgsz=320

    3. Val a pretrained detection model at batch-size 1 and image size 640:
        yolo val model=yolo11n.pt data=coco8.yaml batch=1 imgsz=640

    4. Export a YOLO11n classification model to ONNX format at image size 224 by 128 (no TASK required)
        yolo export model=yolo11n-cls.pt format=onnx imgsz=224,128

    5. Ultralytics solutions usage
        yolo solutions count or in ['crop', 'blur', 'workout', 'heatmap', 'isegment', 'visioneye', 'speed', 'queue', 'analytics', 'inference', 'trackzone'] source="path/to/video.mp4"

    6. Run special commands:
        yolo help
        yolo checks
        yolo version
        yolo settings
        yolo copy-cfg
        yolo cfg
        yolo solutions help

    Docs: https://docs.ultralytics.com
    Solutions: https://docs.ultralytics.com/solutions/
    Community: https://community.ultralytics.com
    GitHub: https://github.com/ultralytics/ultralytics
    
2025-10-25 18:05:34 | [32mINFO[0m | yolo_detector.utils.file_utils:get_image_files:68 - 找到 5 个图像文件在 D:\Python\00雪橇打标\123456
2025-10-25 18:05:34 | [32mINFO[0m | yolo_detector.utils.file_utils:get_example_images:164 - 获取 5 个示例图像
2025-10-25 18:05:34 | [32mINFO[0m | yolo_detector.ui.gradio_app:use_example_image:199 - 使用示例图像: 3.jpg
2025-10-25 18:05:34 | [31mERROR[0m | yolo_detector.core.detector:detect:724 - 姿态检测失败: '[31m[1mkpt_radius[0m' is not a valid YOLO argument. 
'[31m[1mkpt_shape[0m' is not a valid YOLO argument. 
'[31m[1mkpt_line[0m' is not a valid YOLO argument. 

    Arguments received: ['yolo', 'web']. Ultralytics 'yolo' commands use the following syntax:

        yolo TASK MODE ARGS

        Where   TASK (optional) is one of ['classify', 'obb', 'pose', 'detect', 'segment']
                MODE (required) is one of ['val', 'train', 'track', 'benchmark', 'export', 'predict']
                ARGS (optional) are any number of custom 'arg=value' pairs like 'imgsz=320' that override defaults.
                    See all ARGS at https://docs.ultralytics.com/usage/cfg or with 'yolo cfg'

    1. Train a detection model for 10 epochs with an initial learning_rate of 0.01
        yolo train data=coco8.yaml model=yolo11n.pt epochs=10 lr0=0.01

    2. Predict a YouTube video using a pretrained segmentation model at image size 320:
        yolo predict model=yolo11n-seg.pt source='https://youtu.be/LNwODJXcvt4' imgsz=320

    3. Val a pretrained detection model at batch-size 1 and image size 640:
        yolo val model=yolo11n.pt data=coco8.yaml batch=1 imgsz=640

    4. Export a YOLO11n classification model to ONNX format at image size 224 by 128 (no TASK required)
        yolo export model=yolo11n-cls.pt format=onnx imgsz=224,128

    5. Ultralytics solutions usage
        yolo solutions count or in ['crop', 'blur', 'workout', 'heatmap', 'isegment', 'visioneye', 'speed', 'queue', 'analytics', 'inference', 'trackzone'] source="path/to/video.mp4"

    6. Run special commands:
        yolo help
        yolo checks
        yolo version
        yolo settings
        yolo copy-cfg
        yolo cfg
        yolo solutions help

    Docs: https://docs.ultralytics.com
    Solutions: https://docs.ultralytics.com/solutions/
    Community: https://community.ultralytics.com
    GitHub: https://github.com/ultralytics/ultralytics
    
2025-10-25 18:05:35 | [32mINFO[0m | yolo_detector.utils.file_utils:get_image_files:68 - 找到 5 个图像文件在 D:\Python\00雪橇打标\123456
2025-10-25 18:05:35 | [32mINFO[0m | yolo_detector.utils.file_utils:get_example_images:164 - 获取 5 个示例图像
2025-10-25 18:05:35 | [32mINFO[0m | yolo_detector.ui.gradio_app:use_example_image:199 - 使用示例图像: 2.jpeg
2025-10-25 18:05:35 | [31mERROR[0m | yolo_detector.core.detector:detect:724 - 姿态检测失败: '[31m[1mkpt_radius[0m' is not a valid YOLO argument. 
'[31m[1mkpt_shape[0m' is not a valid YOLO argument. 
'[31m[1mkpt_line[0m' is not a valid YOLO argument. 

    Arguments received: ['yolo', 'web']. Ultralytics 'yolo' commands use the following syntax:

        yolo TASK MODE ARGS

        Where   TASK (optional) is one of ['classify', 'obb', 'pose', 'detect', 'segment']
                MODE (required) is one of ['val', 'train', 'track', 'benchmark', 'export', 'predict']
                ARGS (optional) are any number of custom 'arg=value' pairs like 'imgsz=320' that override defaults.
                    See all ARGS at https://docs.ultralytics.com/usage/cfg or with 'yolo cfg'

    1. Train a detection model for 10 epochs with an initial learning_rate of 0.01
        yolo train data=coco8.yaml model=yolo11n.pt epochs=10 lr0=0.01

    2. Predict a YouTube video using a pretrained segmentation model at image size 320:
        yolo predict model=yolo11n-seg.pt source='https://youtu.be/LNwODJXcvt4' imgsz=320

    3. Val a pretrained detection model at batch-size 1 and image size 640:
        yolo val model=yolo11n.pt data=coco8.yaml batch=1 imgsz=640

    4. Export a YOLO11n classification model to ONNX format at image size 224 by 128 (no TASK required)
        yolo export model=yolo11n-cls.pt format=onnx imgsz=224,128

    5. Ultralytics solutions usage
        yolo solutions count or in ['crop', 'blur', 'workout', 'heatmap', 'isegment', 'visioneye', 'speed', 'queue', 'analytics', 'inference', 'trackzone'] source="path/to/video.mp4"

    6. Run special commands:
        yolo help
        yolo checks
        yolo version
        yolo settings
        yolo copy-cfg
        yolo cfg
        yolo solutions help

    Docs: https://docs.ultralytics.com
    Solutions: https://docs.ultralytics.com/solutions/
    Community: https://community.ultralytics.com
    GitHub: https://github.com/ultralytics/ultralytics
    
2025-10-25 18:05:37 | [31mERROR[0m | yolo_detector.core.detector:detect:724 - 姿态检测失败: '[31m[1mkpt_radius[0m' is not a valid YOLO argument. 
'[31m[1mkpt_shape[0m' is not a valid YOLO argument. 
'[31m[1mkpt_line[0m' is not a valid YOLO argument. 

    Arguments received: ['yolo', 'web']. Ultralytics 'yolo' commands use the following syntax:

        yolo TASK MODE ARGS

        Where   TASK (optional) is one of ['classify', 'obb', 'pose', 'detect', 'segment']
                MODE (required) is one of ['val', 'train', 'track', 'benchmark', 'export', 'predict']
                ARGS (optional) are any number of custom 'arg=value' pairs like 'imgsz=320' that override defaults.
                    See all ARGS at https://docs.ultralytics.com/usage/cfg or with 'yolo cfg'

    1. Train a detection model for 10 epochs with an initial learning_rate of 0.01
        yolo train data=coco8.yaml model=yolo11n.pt epochs=10 lr0=0.01

    2. Predict a YouTube video using a pretrained segmentation model at image size 320:
        yolo predict model=yolo11n-seg.pt source='https://youtu.be/LNwODJXcvt4' imgsz=320

    3. Val a pretrained detection model at batch-size 1 and image size 640:
        yolo val model=yolo11n.pt data=coco8.yaml batch=1 imgsz=640

    4. Export a YOLO11n classification model to ONNX format at image size 224 by 128 (no TASK required)
        yolo export model=yolo11n-cls.pt format=onnx imgsz=224,128

    5. Ultralytics solutions usage
        yolo solutions count or in ['crop', 'blur', 'workout', 'heatmap', 'isegment', 'visioneye', 'speed', 'queue', 'analytics', 'inference', 'trackzone'] source="path/to/video.mp4"

    6. Run special commands:
        yolo help
        yolo checks
        yolo version
        yolo settings
        yolo copy-cfg
        yolo cfg
        yolo solutions help

    Docs: https://docs.ultralytics.com
    Solutions: https://docs.ultralytics.com/solutions/
    Community: https://community.ultralytics.com
    GitHub: https://github.com/ultralytics/ultralytics
    
2025-10-25 18:05:38 | [32mINFO[0m | yolo_detector.utils.file_utils:get_image_files:68 - 找到 5 个图像文件在 D:\Python\00雪橇打标\123456
2025-10-25 18:05:38 | [32mINFO[0m | yolo_detector.utils.file_utils:get_example_images:164 - 获取 5 个示例图像
2025-10-25 18:05:38 | [32mINFO[0m | yolo_detector.ui.gradio_app:use_example_image:199 - 使用示例图像: 3.jpg
2025-10-25 18:05:38 | [31mERROR[0m | yolo_detector.core.detector:detect:724 - 姿态检测失败: '[31m[1mkpt_radius[0m' is not a valid YOLO argument. 
'[31m[1mkpt_shape[0m' is not a valid YOLO argument. 
'[31m[1mkpt_line[0m' is not a valid YOLO argument. 

    Arguments received: ['yolo', 'web']. Ultralytics 'yolo' commands use the following syntax:

        yolo TASK MODE ARGS

        Where   TASK (optional) is one of ['classify', 'obb', 'pose', 'detect', 'segment']
                MODE (required) is one of ['val', 'train', 'track', 'benchmark', 'export', 'predict']
                ARGS (optional) are any number of custom 'arg=value' pairs like 'imgsz=320' that override defaults.
                    See all ARGS at https://docs.ultralytics.com/usage/cfg or with 'yolo cfg'

    1. Train a detection model for 10 epochs with an initial learning_rate of 0.01
        yolo train data=coco8.yaml model=yolo11n.pt epochs=10 lr0=0.01

    2. Predict a YouTube video using a pretrained segmentation model at image size 320:
        yolo predict model=yolo11n-seg.pt source='https://youtu.be/LNwODJXcvt4' imgsz=320

    3. Val a pretrained detection model at batch-size 1 and image size 640:
        yolo val model=yolo11n.pt data=coco8.yaml batch=1 imgsz=640

    4. Export a YOLO11n classification model to ONNX format at image size 224 by 128 (no TASK required)
        yolo export model=yolo11n-cls.pt format=onnx imgsz=224,128

    5. Ultralytics solutions usage
        yolo solutions count or in ['crop', 'blur', 'workout', 'heatmap', 'isegment', 'visioneye', 'speed', 'queue', 'analytics', 'inference', 'trackzone'] source="path/to/video.mp4"

    6. Run special commands:
        yolo help
        yolo checks
        yolo version
        yolo settings
        yolo copy-cfg
        yolo cfg
        yolo solutions help

    Docs: https://docs.ultralytics.com
    Solutions: https://docs.ultralytics.com/solutions/
    Community: https://community.ultralytics.com
    GitHub: https://github.com/ultralytics/ultralytics
    
2025-10-25 18:06:58 | [32mINFO[0m | yolo_detector.utils.file_utils:get_image_files:68 - 找到 5 个图像文件在 D:\Python\00雪橇打标\123456
2025-10-25 18:06:58 | [32mINFO[0m | yolo_detector.utils.file_utils:get_example_images:164 - 获取 5 个示例图像
2025-10-25 18:06:58 | [32mINFO[0m | yolo_detector.ui.gradio_app:use_example_image:199 - 使用示例图像: 2.jpeg
2025-10-25 18:06:58 | [31mERROR[0m | yolo_detector.core.detector:detect:724 - 姿态检测失败: '[31m[1mkpt_radius[0m' is not a valid YOLO argument. 
'[31m[1mkpt_shape[0m' is not a valid YOLO argument. 
'[31m[1mkpt_line[0m' is not a valid YOLO argument. 

    Arguments received: ['yolo', 'web']. Ultralytics 'yolo' commands use the following syntax:

        yolo TASK MODE ARGS

        Where   TASK (optional) is one of ['classify', 'obb', 'pose', 'detect', 'segment']
                MODE (required) is one of ['val', 'train', 'track', 'benchmark', 'export', 'predict']
                ARGS (optional) are any number of custom 'arg=value' pairs like 'imgsz=320' that override defaults.
                    See all ARGS at https://docs.ultralytics.com/usage/cfg or with 'yolo cfg'

    1. Train a detection model for 10 epochs with an initial learning_rate of 0.01
        yolo train data=coco8.yaml model=yolo11n.pt epochs=10 lr0=0.01

    2. Predict a YouTube video using a pretrained segmentation model at image size 320:
        yolo predict model=yolo11n-seg.pt source='https://youtu.be/LNwODJXcvt4' imgsz=320

    3. Val a pretrained detection model at batch-size 1 and image size 640:
        yolo val model=yolo11n.pt data=coco8.yaml batch=1 imgsz=640

    4. Export a YOLO11n classification model to ONNX format at image size 224 by 128 (no TASK required)
        yolo export model=yolo11n-cls.pt format=onnx imgsz=224,128

    5. Ultralytics solutions usage
        yolo solutions count or in ['crop', 'blur', 'workout', 'heatmap', 'isegment', 'visioneye', 'speed', 'queue', 'analytics', 'inference', 'trackzone'] source="path/to/video.mp4"

    6. Run special commands:
        yolo help
        yolo checks
        yolo version
        yolo settings
        yolo copy-cfg
        yolo cfg
        yolo solutions help

    Docs: https://docs.ultralytics.com
    Solutions: https://docs.ultralytics.com/solutions/
    Community: https://community.ultralytics.com
    GitHub: https://github.com/ultralytics/ultralytics
    
2025-10-25 18:06:59 | [32mINFO[0m | yolo_detector.utils.file_utils:get_image_files:68 - 找到 5 个图像文件在 D:\Python\00雪橇打标\123456
2025-10-25 18:06:59 | [32mINFO[0m | yolo_detector.utils.file_utils:get_example_images:164 - 获取 5 个示例图像
2025-10-25 18:06:59 | [32mINFO[0m | yolo_detector.ui.gradio_app:use_example_image:199 - 使用示例图像: 1.png
2025-10-25 18:06:59 | [31mERROR[0m | yolo_detector.core.detector:detect:724 - 姿态检测失败: '[31m[1mkpt_radius[0m' is not a valid YOLO argument. 
'[31m[1mkpt_shape[0m' is not a valid YOLO argument. 
'[31m[1mkpt_line[0m' is not a valid YOLO argument. 

    Arguments received: ['yolo', 'web']. Ultralytics 'yolo' commands use the following syntax:

        yolo TASK MODE ARGS

        Where   TASK (optional) is one of ['classify', 'obb', 'pose', 'detect', 'segment']
                MODE (required) is one of ['val', 'train', 'track', 'benchmark', 'export', 'predict']
                ARGS (optional) are any number of custom 'arg=value' pairs like 'imgsz=320' that override defaults.
                    See all ARGS at https://docs.ultralytics.com/usage/cfg or with 'yolo cfg'

    1. Train a detection model for 10 epochs with an initial learning_rate of 0.01
        yolo train data=coco8.yaml model=yolo11n.pt epochs=10 lr0=0.01

    2. Predict a YouTube video using a pretrained segmentation model at image size 320:
        yolo predict model=yolo11n-seg.pt source='https://youtu.be/LNwODJXcvt4' imgsz=320

    3. Val a pretrained detection model at batch-size 1 and image size 640:
        yolo val model=yolo11n.pt data=coco8.yaml batch=1 imgsz=640

    4. Export a YOLO11n classification model to ONNX format at image size 224 by 128 (no TASK required)
        yolo export model=yolo11n-cls.pt format=onnx imgsz=224,128

    5. Ultralytics solutions usage
        yolo solutions count or in ['crop', 'blur', 'workout', 'heatmap', 'isegment', 'visioneye', 'speed', 'queue', 'analytics', 'inference', 'trackzone'] source="path/to/video.mp4"

    6. Run special commands:
        yolo help
        yolo checks
        yolo version
        yolo settings
        yolo copy-cfg
        yolo cfg
        yolo solutions help

    Docs: https://docs.ultralytics.com
    Solutions: https://docs.ultralytics.com/solutions/
    Community: https://community.ultralytics.com
    GitHub: https://github.com/ultralytics/ultralytics
    
2025-10-25 18:09:05 | [32mINFO[0m | yolo_detector.config.settings:_load_config:58 - 成功加载配置文件: D:\00deeplearn\yolo11\gradio_web_yolo\configs\default.yaml
2025-10-25 18:09:05 | [32mINFO[0m | yolo_detector.config.settings:_validate_config:135 - 配置验证完成
2025-10-25 18:09:05 | [32mINFO[0m | __main__:setup_environment:54 - 环境设置完成
2025-10-25 18:09:05 | [32mINFO[0m | __main__:run_web_interface:67 - 启动Web界面...
2025-10-25 18:09:05 | [32mINFO[0m | yolo_detector.ui.gradio_app:__init__:56 - Gradio应用初始化完成
2025-10-25 18:09:05 | [32mINFO[0m | yolo_detector.utils.file_utils:get_image_files:68 - 找到 5 个图像文件在 D:\Python\00雪橇打标\123456
2025-10-25 18:09:05 | [32mINFO[0m | yolo_detector.utils.file_utils:get_example_images:164 - 获取 5 个示例图像
2025-10-25 18:09:05 | [32mINFO[0m | yolo_detector.ui.gradio_app:create_interface:390 - Gradio界面创建完成
2025-10-25 18:09:05 | [32mINFO[0m | httpx:_send_single_request:1025 - HTTP Request: GET http://127.0.0.1:7861/gradio_api/startup-events "HTTP/1.1 200 OK"
2025-10-25 18:09:05 | [32mINFO[0m | httpx:_send_single_request:1025 - HTTP Request: HEAD http://127.0.0.1:7861/ "HTTP/1.1 200 OK"
2025-10-25 18:09:10 | [32mINFO[0m | yolo_detector.utils.file_utils:get_image_files:68 - 找到 5 个图像文件在 D:\Python\00雪橇打标\123456
2025-10-25 18:09:10 | [32mINFO[0m | yolo_detector.utils.file_utils:get_example_images:164 - 获取 5 个示例图像
2025-10-25 18:09:10 | [32mINFO[0m | yolo_detector.ui.gradio_app:use_example_image:199 - 使用示例图像: 1.png
2025-10-25 18:09:10 | [32mINFO[0m | yolo_detector.models.model_loader:load_model:81 - 开始加载detection模型: D:/00deeplearn/yolo11/【2】训练模型/cls/train_new/weights/best.pt
2025-10-25 18:09:10 | [32mINFO[0m | yolo_detector.models.model_loader:load_model:92 - 成功加载detection模型: D:/00deeplearn/yolo11/【2】训练模型/cls/train_new/weights/best.pt
2025-10-25 18:09:10 | [32mINFO[0m | yolo_detector.core.detector:load_model:505 - 目标检测模型加载成功
2025-10-25 18:09:12 | [32mINFO[0m | yolo_detector.core.detector:detect:551 - 目标检测完成
2025-10-25 18:09:12 | [32mINFO[0m | yolo_detector.ui.gradio_app:detect_image:138 - 检测完成: 0 个对象
2025-10-25 18:09:34 | [32mINFO[0m | yolo_detector.utils.file_utils:get_image_files:68 - 找到 5 个图像文件在 D:\Python\00雪橇打标\123456
2025-10-25 18:09:34 | [32mINFO[0m | yolo_detector.utils.file_utils:get_example_images:164 - 获取 5 个示例图像
2025-10-25 18:09:34 | [32mINFO[0m | yolo_detector.ui.gradio_app:use_example_image:199 - 使用示例图像: 2.jpeg
2025-10-25 18:09:34 | [32mINFO[0m | yolo_detector.models.model_loader:load_model:81 - 开始加载pose模型: D:/00deeplearn/yolo11/【2】训练模型/pose/yolo11s-pose.pt
2025-10-25 18:09:34 | [32mINFO[0m | yolo_detector.models.model_loader:load_model:92 - 成功加载pose模型: D:/00deeplearn/yolo11/【2】训练模型/pose/yolo11s-pose.pt
2025-10-25 18:09:34 | [32mINFO[0m | yolo_detector.core.detector:load_model:648 - 姿态检测模型加载成功
2025-10-25 18:09:34 | [32mINFO[0m | yolo_detector.ui.gradio_app:switch_detector:92 - 切换到姿态检测模式
2025-10-25 18:09:34 | [31mERROR[0m | yolo_detector.core.detector:detect:724 - 姿态检测失败: '[31m[1mkpt_shape[0m' is not a valid YOLO argument. 
'[31m[1mkpt_radius[0m' is not a valid YOLO argument. 
'[31m[1mkpt_line[0m' is not a valid YOLO argument. 

    Arguments received: ['yolo', 'web']. Ultralytics 'yolo' commands use the following syntax:

        yolo TASK MODE ARGS

        Where   TASK (optional) is one of ['detect', 'pose', 'segment', 'classify', 'obb']
                MODE (required) is one of ['train', 'export', 'benchmark', 'track', 'predict', 'val']
                ARGS (optional) are any number of custom 'arg=value' pairs like 'imgsz=320' that override defaults.
                    See all ARGS at https://docs.ultralytics.com/usage/cfg or with 'yolo cfg'

    1. Train a detection model for 10 epochs with an initial learning_rate of 0.01
        yolo train data=coco8.yaml model=yolo11n.pt epochs=10 lr0=0.01

    2. Predict a YouTube video using a pretrained segmentation model at image size 320:
        yolo predict model=yolo11n-seg.pt source='https://youtu.be/LNwODJXcvt4' imgsz=320

    3. Val a pretrained detection model at batch-size 1 and image size 640:
        yolo val model=yolo11n.pt data=coco8.yaml batch=1 imgsz=640

    4. Export a YOLO11n classification model to ONNX format at image size 224 by 128 (no TASK required)
        yolo export model=yolo11n-cls.pt format=onnx imgsz=224,128

    5. Ultralytics solutions usage
        yolo solutions count or in ['crop', 'blur', 'workout', 'heatmap', 'isegment', 'visioneye', 'speed', 'queue', 'analytics', 'inference', 'trackzone'] source="path/to/video.mp4"

    6. Run special commands:
        yolo help
        yolo checks
        yolo version
        yolo settings
        yolo copy-cfg
        yolo cfg
        yolo solutions help

    Docs: https://docs.ultralytics.com
    Solutions: https://docs.ultralytics.com/solutions/
    Community: https://community.ultralytics.com
    GitHub: https://github.com/ultralytics/ultralytics
    
2025-10-25 19:45:27 | [32mINFO[0m | yolo_detector.config.settings:_load_config:58 - 成功加载配置文件: D:\00deeplearn\yolo11\gradio_web_yolo\configs\default.yaml
2025-10-25 19:45:27 | [32mINFO[0m | yolo_detector.config.settings:_validate_config:135 - 配置验证完成
2025-10-25 19:45:27 | [32mINFO[0m | __main__:setup_environment:54 - 环境设置完成
2025-10-25 19:45:27 | [32mINFO[0m | yolo_detector.models.model_loader:unload_all_models:202 - 所有模型已卸载
2025-10-25 19:45:47 | [32mINFO[0m | yolo_detector.config.settings:_load_config:58 - 成功加载配置文件: D:\00deeplearn\yolo11\gradio_web_yolo\configs\default.yaml
2025-10-25 19:45:47 | [32mINFO[0m | yolo_detector.config.settings:_validate_config:135 - 配置验证完成
2025-10-25 19:45:47 | [32mINFO[0m | __main__:setup_environment:54 - 环境设置完成
2025-10-25 19:45:47 | [32mINFO[0m | __main__:run_web_interface:67 - 启动Web界面...
2025-10-25 19:45:47 | [32mINFO[0m | yolo_detector.ui.gradio_app:__init__:56 - Gradio应用初始化完成
2025-10-25 19:45:47 | [32mINFO[0m | yolo_detector.utils.file_utils:get_image_files:68 - 找到 5 个图像文件在 D:\Python\00雪橇打标\123456
2025-10-25 19:45:47 | [32mINFO[0m | yolo_detector.utils.file_utils:get_example_images:164 - 获取 5 个示例图像
2025-10-25 19:45:47 | [32mINFO[0m | yolo_detector.ui.gradio_app:create_interface:390 - Gradio界面创建完成
2025-10-25 19:45:47 | [32mINFO[0m | httpx:_send_single_request:1025 - HTTP Request: GET http://127.0.0.1:7861/gradio_api/startup-events "HTTP/1.1 200 OK"
2025-10-25 19:45:47 | [32mINFO[0m | httpx:_send_single_request:1025 - HTTP Request: HEAD http://127.0.0.1:7861/ "HTTP/1.1 200 OK"
2025-10-25 19:46:00 | [32mINFO[0m | yolo_detector.utils.file_utils:get_image_files:68 - 找到 5 个图像文件在 D:\Python\00雪橇打标\123456
2025-10-25 19:46:00 | [32mINFO[0m | yolo_detector.utils.file_utils:get_example_images:164 - 获取 5 个示例图像
2025-10-25 19:46:00 | [32mINFO[0m | yolo_detector.ui.gradio_app:use_example_image:199 - 使用示例图像: 1.png
2025-10-25 19:46:00 | [32mINFO[0m | yolo_detector.models.model_loader:load_model:81 - 开始加载detection模型: D:/00deeplearn/yolo11/【2】训练模型/cls/train_new/weights/best.pt
2025-10-25 19:46:00 | [32mINFO[0m | yolo_detector.models.model_loader:load_model:92 - 成功加载detection模型: D:/00deeplearn/yolo11/【2】训练模型/cls/train_new/weights/best.pt
2025-10-25 19:46:00 | [32mINFO[0m | yolo_detector.core.detector:load_model:505 - 目标检测模型加载成功
2025-10-25 19:46:02 | [32mINFO[0m | yolo_detector.core.detector:detect:551 - 目标检测完成
2025-10-25 19:46:02 | [32mINFO[0m | yolo_detector.ui.gradio_app:detect_image:138 - 检测完成: 0 个对象
2025-10-25 19:46:04 | [32mINFO[0m | yolo_detector.utils.file_utils:get_image_files:68 - 找到 5 个图像文件在 D:\Python\00雪橇打标\123456
2025-10-25 19:46:04 | [32mINFO[0m | yolo_detector.utils.file_utils:get_example_images:164 - 获取 5 个示例图像
2025-10-25 19:46:04 | [32mINFO[0m | yolo_detector.ui.gradio_app:use_example_image:199 - 使用示例图像: 2.jpeg
2025-10-25 19:46:05 | [32mINFO[0m | yolo_detector.models.model_loader:load_model:81 - 开始加载pose模型: D:/00deeplearn/yolo11/【2】训练模型/pose/yolo11s-pose.pt
2025-10-25 19:46:05 | [32mINFO[0m | yolo_detector.models.model_loader:load_model:92 - 成功加载pose模型: D:/00deeplearn/yolo11/【2】训练模型/pose/yolo11s-pose.pt
2025-10-25 19:46:05 | [32mINFO[0m | yolo_detector.core.detector:load_model:648 - 姿态检测模型加载成功
2025-10-25 19:46:05 | [32mINFO[0m | yolo_detector.ui.gradio_app:switch_detector:92 - 切换到姿态检测模式
2025-10-25 19:46:05 | [31mERROR[0m | yolo_detector.core.detector:detect:724 - 姿态检测失败: '[31m[1mkpt_shape[0m' is not a valid YOLO argument. 
'[31m[1mkpt_radius[0m' is not a valid YOLO argument. 
'[31m[1mkpt_line[0m' is not a valid YOLO argument. 

    Arguments received: ['yolo', 'web']. Ultralytics 'yolo' commands use the following syntax:

        yolo TASK MODE ARGS

        Where   TASK (optional) is one of ['segment', 'obb', 'pose', 'detect', 'classify']
                MODE (required) is one of ['track', 'benchmark', 'predict', 'train', 'val', 'export']
                ARGS (optional) are any number of custom 'arg=value' pairs like 'imgsz=320' that override defaults.
                    See all ARGS at https://docs.ultralytics.com/usage/cfg or with 'yolo cfg'

    1. Train a detection model for 10 epochs with an initial learning_rate of 0.01
        yolo train data=coco8.yaml model=yolo11n.pt epochs=10 lr0=0.01

    2. Predict a YouTube video using a pretrained segmentation model at image size 320:
        yolo predict model=yolo11n-seg.pt source='https://youtu.be/LNwODJXcvt4' imgsz=320

    3. Val a pretrained detection model at batch-size 1 and image size 640:
        yolo val model=yolo11n.pt data=coco8.yaml batch=1 imgsz=640

    4. Export a YOLO11n classification model to ONNX format at image size 224 by 128 (no TASK required)
        yolo export model=yolo11n-cls.pt format=onnx imgsz=224,128

    5. Ultralytics solutions usage
        yolo solutions count or in ['crop', 'blur', 'workout', 'heatmap', 'isegment', 'visioneye', 'speed', 'queue', 'analytics', 'inference', 'trackzone'] source="path/to/video.mp4"

    6. Run special commands:
        yolo help
        yolo checks
        yolo version
        yolo settings
        yolo copy-cfg
        yolo cfg
        yolo solutions help

    Docs: https://docs.ultralytics.com
    Solutions: https://docs.ultralytics.com/solutions/
    Community: https://community.ultralytics.com
    GitHub: https://github.com/ultralytics/ultralytics
    
2025-10-25 19:46:07 | [32mINFO[0m | yolo_detector.utils.file_utils:get_image_files:68 - 找到 5 个图像文件在 D:\Python\00雪橇打标\123456
2025-10-25 19:46:07 | [32mINFO[0m | yolo_detector.utils.file_utils:get_example_images:164 - 获取 5 个示例图像
2025-10-25 19:46:07 | [32mINFO[0m | yolo_detector.ui.gradio_app:use_example_image:199 - 使用示例图像: 1.png
2025-10-25 19:46:07 | [31mERROR[0m | yolo_detector.core.detector:detect:724 - 姿态检测失败: '[31m[1mkpt_shape[0m' is not a valid YOLO argument. 
'[31m[1mkpt_radius[0m' is not a valid YOLO argument. 
'[31m[1mkpt_line[0m' is not a valid YOLO argument. 

    Arguments received: ['yolo', 'web']. Ultralytics 'yolo' commands use the following syntax:

        yolo TASK MODE ARGS

        Where   TASK (optional) is one of ['segment', 'obb', 'pose', 'detect', 'classify']
                MODE (required) is one of ['track', 'benchmark', 'predict', 'train', 'val', 'export']
                ARGS (optional) are any number of custom 'arg=value' pairs like 'imgsz=320' that override defaults.
                    See all ARGS at https://docs.ultralytics.com/usage/cfg or with 'yolo cfg'

    1. Train a detection model for 10 epochs with an initial learning_rate of 0.01
        yolo train data=coco8.yaml model=yolo11n.pt epochs=10 lr0=0.01

    2. Predict a YouTube video using a pretrained segmentation model at image size 320:
        yolo predict model=yolo11n-seg.pt source='https://youtu.be/LNwODJXcvt4' imgsz=320

    3. Val a pretrained detection model at batch-size 1 and image size 640:
        yolo val model=yolo11n.pt data=coco8.yaml batch=1 imgsz=640

    4. Export a YOLO11n classification model to ONNX format at image size 224 by 128 (no TASK required)
        yolo export model=yolo11n-cls.pt format=onnx imgsz=224,128

    5. Ultralytics solutions usage
        yolo solutions count or in ['crop', 'blur', 'workout', 'heatmap', 'isegment', 'visioneye', 'speed', 'queue', 'analytics', 'inference', 'trackzone'] source="path/to/video.mp4"

    6. Run special commands:
        yolo help
        yolo checks
        yolo version
        yolo settings
        yolo copy-cfg
        yolo cfg
        yolo solutions help

    Docs: https://docs.ultralytics.com
    Solutions: https://docs.ultralytics.com/solutions/
    Community: https://community.ultralytics.com
    GitHub: https://github.com/ultralytics/ultralytics
    
2025-10-25 19:56:24 | [32mINFO[0m | yolo_detector.models.model_loader:unload_model:186 - 成功卸载detection模型
2025-10-25 19:56:24 | [32mINFO[0m | yolo_detector.models.model_loader:unload_model:186 - 成功卸载pose模型
2025-10-25 19:56:24 | [32mINFO[0m | yolo_detector.models.model_loader:unload_all_models:202 - 所有模型已卸载
2025-10-25 19:56:31 | [32mINFO[0m | yolo_detector.config.settings:_load_config:58 - 成功加载配置文件: D:\00deeplearn\yolo11\gradio_web_yolo\configs\default.yaml
2025-10-25 19:56:31 | [32mINFO[0m | yolo_detector.config.settings:_validate_config:135 - 配置验证完成
2025-10-25 19:56:31 | [32mINFO[0m | __main__:setup_environment:54 - 环境设置完成
2025-10-25 19:56:31 | [32mINFO[0m | __main__:run_web_interface:67 - 启动Web界面...
2025-10-25 19:56:31 | [32mINFO[0m | yolo_detector.ui.gradio_app:__init__:56 - Gradio应用初始化完成
2025-10-25 19:56:32 | [32mINFO[0m | yolo_detector.utils.file_utils:get_image_files:68 - 找到 5 个图像文件在 D:\Python\00雪橇打标\123456
2025-10-25 19:56:32 | [32mINFO[0m | yolo_detector.utils.file_utils:get_example_images:164 - 获取 5 个示例图像
2025-10-25 19:56:32 | [32mINFO[0m | yolo_detector.ui.gradio_app:create_interface:390 - Gradio界面创建完成
2025-10-25 19:56:32 | [32mINFO[0m | httpx:_send_single_request:1025 - HTTP Request: GET http://127.0.0.1:7861/gradio_api/startup-events "HTTP/1.1 200 OK"
2025-10-25 19:56:32 | [32mINFO[0m | httpx:_send_single_request:1025 - HTTP Request: HEAD http://127.0.0.1:7861/ "HTTP/1.1 200 OK"
2025-10-25 19:56:59 | [32mINFO[0m | yolo_detector.utils.file_utils:get_image_files:68 - 找到 5 个图像文件在 D:\Python\00雪橇打标\123456
2025-10-25 19:56:59 | [32mINFO[0m | yolo_detector.utils.file_utils:get_example_images:164 - 获取 5 个示例图像
2025-10-25 19:56:59 | [32mINFO[0m | yolo_detector.ui.gradio_app:use_example_image:199 - 使用示例图像: 1.png
2025-10-25 19:56:59 | [32mINFO[0m | yolo_detector.models.model_loader:load_model:81 - 开始加载detection模型: D:/00deeplearn/yolo11/【2】训练模型/cls/train_new/weights/best.pt
2025-10-25 19:56:59 | [32mINFO[0m | yolo_detector.models.model_loader:load_model:92 - 成功加载detection模型: D:/00deeplearn/yolo11/【2】训练模型/cls/train_new/weights/best.pt
2025-10-25 19:56:59 | [32mINFO[0m | yolo_detector.core.detector:load_model:511 - 目标检测模型加载成功
2025-10-25 19:57:01 | [32mINFO[0m | yolo_detector.core.detector:detect:557 - 目标检测完成
2025-10-25 19:57:01 | [32mINFO[0m | yolo_detector.ui.gradio_app:detect_image:138 - 检测完成: 0 个对象
2025-10-25 19:57:03 | [32mINFO[0m | yolo_detector.utils.file_utils:get_image_files:68 - 找到 5 个图像文件在 D:\Python\00雪橇打标\123456
2025-10-25 19:57:03 | [32mINFO[0m | yolo_detector.utils.file_utils:get_example_images:164 - 获取 5 个示例图像
2025-10-25 19:57:03 | [32mINFO[0m | yolo_detector.ui.gradio_app:use_example_image:199 - 使用示例图像: 2.jpeg
2025-10-25 19:57:03 | [32mINFO[0m | yolo_detector.models.model_loader:load_model:81 - 开始加载pose模型: D:/00deeplearn/yolo11/【2】训练模型/pose/yolo11s-pose.pt
2025-10-25 19:57:03 | [32mINFO[0m | yolo_detector.models.model_loader:load_model:92 - 成功加载pose模型: D:/00deeplearn/yolo11/【2】训练模型/pose/yolo11s-pose.pt
2025-10-25 19:57:03 | [32mINFO[0m | yolo_detector.core.detector:load_model:654 - 姿态检测模型加载成功
2025-10-25 19:57:03 | [32mINFO[0m | yolo_detector.ui.gradio_app:switch_detector:92 - 切换到姿态检测模式
2025-10-25 19:57:04 | [32mINFO[0m | yolo_detector.core.detector:detect:718 - 姿态检测完成
2025-10-25 19:57:04 | [32mINFO[0m | yolo_detector.ui.gradio_app:detect_image:138 - 检测完成: 1 个对象
2025-10-25 19:57:11 | [32mINFO[0m | yolo_detector.utils.file_utils:get_image_files:68 - 找到 5 个图像文件在 D:\Python\00雪橇打标\123456
2025-10-25 19:57:11 | [32mINFO[0m | yolo_detector.utils.file_utils:get_example_images:164 - 获取 5 个示例图像
2025-10-25 19:57:11 | [32mINFO[0m | yolo_detector.ui.gradio_app:use_example_image:199 - 使用示例图像: 3.jpg
2025-10-25 19:57:12 | [32mINFO[0m | yolo_detector.core.detector:detect:718 - 姿态检测完成
2025-10-25 19:57:12 | [32mINFO[0m | yolo_detector.ui.gradio_app:detect_image:138 - 检测完成: 1 个对象
2025-10-25 19:57:13 | [32mINFO[0m | yolo_detector.utils.file_utils:get_image_files:68 - 找到 5 个图像文件在 D:\Python\00雪橇打标\123456
2025-10-25 19:57:13 | [32mINFO[0m | yolo_detector.utils.file_utils:get_example_images:164 - 获取 5 个示例图像
2025-10-25 19:57:13 | [32mINFO[0m | yolo_detector.ui.gradio_app:use_example_image:199 - 使用示例图像: 4.jpg
2025-10-25 19:57:13 | [32mINFO[0m | yolo_detector.core.detector:detect:718 - 姿态检测完成
2025-10-25 19:57:13 | [32mINFO[0m | yolo_detector.ui.gradio_app:detect_image:138 - 检测完成: 4 个对象
2025-10-25 20:11:10 | [32mINFO[0m | yolo_detector.models.model_loader:unload_model:186 - 成功卸载detection模型
2025-10-25 20:11:10 | [32mINFO[0m | yolo_detector.models.model_loader:unload_model:186 - 成功卸载pose模型
2025-10-25 20:11:10 | [32mINFO[0m | yolo_detector.models.model_loader:unload_all_models:202 - 所有模型已卸载
2025-10-25 20:11:17 | [32mINFO[0m | yolo_detector.config.settings:_load_config:58 - 成功加载配置文件: D:\00deeplearn\yolo11\gradio_web_yolo\configs\default.yaml
2025-10-25 20:11:17 | [32mINFO[0m | yolo_detector.config.settings:_validate_config:135 - 配置验证完成
2025-10-25 20:11:17 | [32mINFO[0m | __main__:setup_environment:54 - 环境设置完成
2025-10-25 20:11:17 | [32mINFO[0m | __main__:run_web_interface:67 - 启动Web界面...
2025-10-25 20:11:17 | [32mINFO[0m | yolo_detector.ui.gradio_app:__init__:56 - Gradio应用初始化完成
2025-10-25 20:11:17 | [32mINFO[0m | yolo_detector.utils.file_utils:get_image_files:68 - 找到 5 个图像文件在 D:\Python\00雪橇打标\123456
2025-10-25 20:11:17 | [32mINFO[0m | yolo_detector.utils.file_utils:get_example_images:164 - 获取 5 个示例图像
2025-10-25 20:11:18 | [32mINFO[0m | yolo_detector.ui.gradio_app:create_interface:390 - Gradio界面创建完成
2025-10-25 20:11:18 | [32mINFO[0m | httpx:_send_single_request:1025 - HTTP Request: GET http://127.0.0.1:7861/gradio_api/startup-events "HTTP/1.1 200 OK"
2025-10-25 20:11:18 | [32mINFO[0m | httpx:_send_single_request:1025 - HTTP Request: HEAD http://127.0.0.1:7861/ "HTTP/1.1 200 OK"
2025-10-25 20:11:28 | [32mINFO[0m | yolo_detector.utils.file_utils:get_image_files:68 - 找到 5 个图像文件在 D:\Python\00雪橇打标\123456
2025-10-25 20:11:28 | [32mINFO[0m | yolo_detector.utils.file_utils:get_example_images:164 - 获取 5 个示例图像
2025-10-25 20:11:28 | [32mINFO[0m | yolo_detector.ui.gradio_app:use_example_image:199 - 使用示例图像: 2.jpeg
2025-10-25 20:11:28 | [32mINFO[0m | yolo_detector.models.model_loader:load_model:81 - 开始加载pose模型: D:/00deeplearn/yolo11/【2】训练模型/pose/yolo11s-pose.pt
2025-10-25 20:11:29 | [32mINFO[0m | yolo_detector.models.model_loader:load_model:92 - 成功加载pose模型: D:/00deeplearn/yolo11/【2】训练模型/pose/yolo11s-pose.pt
2025-10-25 20:11:29 | [32mINFO[0m | yolo_detector.core.detector:load_model:654 - 姿态检测模型加载成功
2025-10-25 20:11:29 | [32mINFO[0m | yolo_detector.ui.gradio_app:switch_detector:92 - 切换到姿态检测模式
2025-10-25 20:11:31 | [32mINFO[0m | yolo_detector.core.detector:detect:718 - 姿态检测完成
2025-10-25 20:11:31 | [32mINFO[0m | yolo_detector.ui.gradio_app:detect_image:138 - 检测完成: 1 个对象
2025-10-25 20:11:45 | [32mINFO[0m | yolo_detector.utils.file_utils:get_image_files:68 - 找到 5 个图像文件在 D:\Python\00雪橇打标\123456
2025-10-25 20:11:45 | [32mINFO[0m | yolo_detector.utils.file_utils:get_example_images:164 - 获取 5 个示例图像
2025-10-25 20:11:45 | [32mINFO[0m | yolo_detector.ui.gradio_app:use_example_image:199 - 使用示例图像: 4.jpg
2025-10-25 20:11:46 | [32mINFO[0m | yolo_detector.core.detector:detect:718 - 姿态检测完成
2025-10-25 20:11:46 | [32mINFO[0m | yolo_detector.ui.gradio_app:detect_image:138 - 检测完成: 4 个对象
2025-10-25 20:43:08 | [32mINFO[0m | yolo_detector.models.model_loader:unload_model:186 - 成功卸载pose模型
2025-10-25 20:43:08 | [32mINFO[0m | yolo_detector.models.model_loader:unload_all_models:202 - 所有模型已卸载
2025-10-25 20:43:16 | [32mINFO[0m | yolo_detector.config.settings:_load_config:58 - 成功加载配置文件: D:\00deeplearn\yolo11\gradio_web_yolo\configs\default.yaml
2025-10-25 20:43:16 | [32mINFO[0m | yolo_detector.config.settings:_validate_config:135 - 配置验证完成
2025-10-25 20:43:16 | [32mINFO[0m | __main__:setup_environment:54 - 环境设置完成
2025-10-25 20:43:16 | [32mINFO[0m | __main__:run_web_interface:67 - 启动Web界面...
2025-10-25 20:43:16 | [32mINFO[0m | yolo_detector.ui.gradio_app:__init__:56 - Gradio应用初始化完成
2025-10-25 20:43:16 | [32mINFO[0m | yolo_detector.utils.file_utils:get_image_files:68 - 找到 5 个图像文件在 D:\Python\00雪橇打标\123456
2025-10-25 20:43:16 | [32mINFO[0m | yolo_detector.utils.file_utils:get_example_images:164 - 获取 5 个示例图像
2025-10-25 20:43:16 | [32mINFO[0m | yolo_detector.ui.gradio_app:create_interface:390 - Gradio界面创建完成
2025-10-25 20:43:16 | [32mINFO[0m | httpx:_send_single_request:1025 - HTTP Request: GET http://127.0.0.1:7861/gradio_api/startup-events "HTTP/1.1 200 OK"
2025-10-25 20:43:16 | [32mINFO[0m | httpx:_send_single_request:1025 - HTTP Request: HEAD http://127.0.0.1:7861/ "HTTP/1.1 200 OK"
2025-10-25 20:43:23 | [32mINFO[0m | yolo_detector.utils.file_utils:get_image_files:68 - 找到 5 个图像文件在 D:\Python\00雪橇打标\123456
2025-10-25 20:43:23 | [32mINFO[0m | yolo_detector.utils.file_utils:get_example_images:164 - 获取 5 个示例图像
2025-10-25 20:43:23 | [32mINFO[0m | yolo_detector.ui.gradio_app:use_example_image:199 - 使用示例图像: 1.png
2025-10-25 20:43:23 | [32mINFO[0m | yolo_detector.models.model_loader:load_model:81 - 开始加载pose模型: D:/00deeplearn/yolo11/【2】训练模型/pose/yolo11s-pose.pt
2025-10-25 20:43:23 | [32mINFO[0m | yolo_detector.models.model_loader:load_model:92 - 成功加载pose模型: D:/00deeplearn/yolo11/【2】训练模型/pose/yolo11s-pose.pt
2025-10-25 20:43:23 | [32mINFO[0m | yolo_detector.core.detector:load_model:669 - 姿态检测模型加载成功
2025-10-25 20:43:23 | [32mINFO[0m | yolo_detector.ui.gradio_app:switch_detector:92 - 切换到姿态检测模式
2025-10-25 20:43:25 | [32mINFO[0m | yolo_detector.core.detector:detect:736 - 姿态检测完成
2025-10-25 20:43:25 | [31mERROR[0m | yolo_detector.core.detector:_create_visualization:427 - 创建可视化失败: Results.plot() got an unexpected keyword argument 'show_labels'
2025-10-25 20:43:25 | [32mINFO[0m | yolo_detector.ui.gradio_app:detect_image:138 - 检测完成: 4 个对象
2025-10-25 20:43:30 | [32mINFO[0m | yolo_detector.utils.file_utils:get_image_files:68 - 找到 5 个图像文件在 D:\Python\00雪橇打标\123456
2025-10-25 20:43:30 | [32mINFO[0m | yolo_detector.utils.file_utils:get_example_images:164 - 获取 5 个示例图像
2025-10-25 20:43:30 | [32mINFO[0m | yolo_detector.ui.gradio_app:use_example_image:199 - 使用示例图像: 3.jpg
2025-10-25 20:43:30 | [32mINFO[0m | yolo_detector.core.detector:detect:736 - 姿态检测完成
2025-10-25 20:43:30 | [31mERROR[0m | yolo_detector.core.detector:_create_visualization:427 - 创建可视化失败: Results.plot() got an unexpected keyword argument 'show_labels'
2025-10-25 20:43:30 | [32mINFO[0m | yolo_detector.ui.gradio_app:detect_image:138 - 检测完成: 1 个对象
2025-10-25 20:43:44 | [32mINFO[0m | yolo_detector.utils.file_utils:get_image_files:68 - 找到 5 个图像文件在 D:\Python\00雪橇打标\123456
2025-10-25 20:43:44 | [32mINFO[0m | yolo_detector.utils.file_utils:get_example_images:164 - 获取 5 个示例图像
2025-10-25 20:43:44 | [32mINFO[0m | yolo_detector.ui.gradio_app:use_example_image:199 - 使用示例图像: 4.jpg
2025-10-25 20:43:45 | [32mINFO[0m | yolo_detector.core.detector:detect:736 - 姿态检测完成
2025-10-25 20:43:45 | [31mERROR[0m | yolo_detector.core.detector:_create_visualization:427 - 创建可视化失败: Results.plot() got an unexpected keyword argument 'show_labels'
2025-10-25 20:43:45 | [32mINFO[0m | yolo_detector.ui.gradio_app:detect_image:138 - 检测完成: 4 个对象
2025-10-25 20:47:39 | [32mINFO[0m | src.yolo_detector.config.settings:_load_config:58 - 成功加载配置文件: D:\00deeplearn\yolo11\gradio_web_yolo\configs\default.yaml
2025-10-25 20:47:39 | [32mINFO[0m | src.yolo_detector.config.settings:_validate_config:135 - 配置验证完成
2025-10-25 20:47:39 | [32mINFO[0m | src.yolo_detector.models.model_loader:load_model:81 - 开始加载pose模型: D:/00deeplearn/yolo11/【2】训练模型/pose/yolo11s-pose.pt
2025-10-25 20:47:39 | [32mINFO[0m | src.yolo_detector.models.model_loader:load_model:92 - 成功加载pose模型: D:/00deeplearn/yolo11/【2】训练模型/pose/yolo11s-pose.pt
2025-10-25 20:47:39 | [32mINFO[0m | src.yolo_detector.core.detector:load_model:669 - 姿态检测模型加载成功
2025-10-25 20:47:41 | [32mINFO[0m | src.yolo_detector.core.detector:detect:736 - 姿态检测完成
2025-10-25 20:47:41 | [32mINFO[0m | src.yolo_detector.models.model_loader:unload_model:186 - 成功卸载pose模型
2025-10-25 20:47:41 | [32mINFO[0m | src.yolo_detector.models.model_loader:unload_all_models:202 - 所有模型已卸载
2025-10-25 20:48:01 | [32mINFO[0m | src.yolo_detector.config.settings:_load_config:58 - 成功加载配置文件: D:\00deeplearn\yolo11\gradio_web_yolo\configs\default.yaml
2025-10-25 20:48:01 | [32mINFO[0m | src.yolo_detector.config.settings:_validate_config:135 - 配置验证完成
2025-10-25 20:48:01 | [32mINFO[0m | src.yolo_detector.models.model_loader:load_model:81 - 开始加载pose模型: D:/00deeplearn/yolo11/【2】训练模型/pose/yolo11s-pose.pt
2025-10-25 20:48:01 | [32mINFO[0m | src.yolo_detector.models.model_loader:load_model:92 - 成功加载pose模型: D:/00deeplearn/yolo11/【2】训练模型/pose/yolo11s-pose.pt
2025-10-25 20:48:01 | [32mINFO[0m | src.yolo_detector.core.detector:load_model:669 - 姿态检测模型加载成功
2025-10-25 20:48:03 | [32mINFO[0m | src.yolo_detector.core.detector:detect:736 - 姿态检测完成
2025-10-25 20:48:03 | [32mINFO[0m | src.yolo_detector.models.model_loader:unload_model:186 - 成功卸载pose模型
2025-10-25 20:48:03 | [32mINFO[0m | src.yolo_detector.models.model_loader:unload_all_models:202 - 所有模型已卸载
2025-10-25 20:48:04 | [32mINFO[0m | yolo_detector.models.model_loader:unload_model:186 - 成功卸载pose模型
2025-10-25 20:48:04 | [32mINFO[0m | yolo_detector.models.model_loader:unload_all_models:202 - 所有模型已卸载
2025-10-25 20:48:12 | [32mINFO[0m | yolo_detector.config.settings:_load_config:58 - 成功加载配置文件: D:\00deeplearn\yolo11\gradio_web_yolo\configs\default.yaml
2025-10-25 20:48:12 | [32mINFO[0m | yolo_detector.config.settings:_validate_config:135 - 配置验证完成
2025-10-25 20:48:12 | [32mINFO[0m | __main__:setup_environment:54 - 环境设置完成
2025-10-25 20:48:12 | [32mINFO[0m | __main__:run_web_interface:67 - 启动Web界面...
2025-10-25 20:48:12 | [32mINFO[0m | yolo_detector.ui.gradio_app:__init__:56 - Gradio应用初始化完成
2025-10-25 20:48:12 | [32mINFO[0m | yolo_detector.utils.file_utils:get_image_files:68 - 找到 5 个图像文件在 D:\Python\00雪橇打标\123456
2025-10-25 20:48:12 | [32mINFO[0m | yolo_detector.utils.file_utils:get_example_images:164 - 获取 5 个示例图像
2025-10-25 20:48:12 | [32mINFO[0m | yolo_detector.ui.gradio_app:create_interface:390 - Gradio界面创建完成
2025-10-25 20:48:12 | [32mINFO[0m | httpx:_send_single_request:1025 - HTTP Request: GET http://127.0.0.1:7861/gradio_api/startup-events "HTTP/1.1 200 OK"
2025-10-25 20:48:13 | [32mINFO[0m | httpx:_send_single_request:1025 - HTTP Request: HEAD http://127.0.0.1:7861/ "HTTP/1.1 200 OK"
2025-10-25 20:48:21 | [32mINFO[0m | yolo_detector.utils.file_utils:get_image_files:68 - 找到 5 个图像文件在 D:\Python\00雪橇打标\123456
2025-10-25 20:48:21 | [32mINFO[0m | yolo_detector.utils.file_utils:get_example_images:164 - 获取 5 个示例图像
2025-10-25 20:48:21 | [32mINFO[0m | yolo_detector.ui.gradio_app:use_example_image:199 - 使用示例图像: 1.png
2025-10-25 20:48:21 | [32mINFO[0m | yolo_detector.models.model_loader:load_model:81 - 开始加载pose模型: D:/00deeplearn/yolo11/【2】训练模型/pose/yolo11s-pose.pt
2025-10-25 20:48:21 | [32mINFO[0m | yolo_detector.models.model_loader:load_model:92 - 成功加载pose模型: D:/00deeplearn/yolo11/【2】训练模型/pose/yolo11s-pose.pt
2025-10-25 20:48:21 | [32mINFO[0m | yolo_detector.core.detector:load_model:669 - 姿态检测模型加载成功
2025-10-25 20:48:21 | [32mINFO[0m | yolo_detector.ui.gradio_app:switch_detector:92 - 切换到姿态检测模式
2025-10-25 20:48:23 | [32mINFO[0m | yolo_detector.core.detector:detect:736 - 姿态检测完成
2025-10-25 20:48:23 | [32mINFO[0m | yolo_detector.ui.gradio_app:detect_image:138 - 检测完成: 4 个对象
2025-10-25 20:48:26 | [32mINFO[0m | yolo_detector.utils.file_utils:get_image_files:68 - 找到 5 个图像文件在 D:\Python\00雪橇打标\123456
2025-10-25 20:48:26 | [32mINFO[0m | yolo_detector.utils.file_utils:get_example_images:164 - 获取 5 个示例图像
2025-10-25 20:48:26 | [32mINFO[0m | yolo_detector.ui.gradio_app:use_example_image:199 - 使用示例图像: 5.webp
2025-10-25 20:48:26 | [32mINFO[0m | yolo_detector.core.detector:detect:736 - 姿态检测完成
2025-10-25 20:48:26 | [32mINFO[0m | yolo_detector.ui.gradio_app:detect_image:138 - 检测完成: 7 个对象
2025-10-25 20:48:31 | [32mINFO[0m | yolo_detector.utils.file_utils:get_image_files:68 - 找到 5 个图像文件在 D:\Python\00雪橇打标\123456
2025-10-25 20:48:31 | [32mINFO[0m | yolo_detector.utils.file_utils:get_example_images:164 - 获取 5 个示例图像
2025-10-25 20:48:31 | [32mINFO[0m | yolo_detector.ui.gradio_app:use_example_image:199 - 使用示例图像: 4.jpg
2025-10-25 20:48:31 | [32mINFO[0m | yolo_detector.core.detector:detect:736 - 姿态检测完成
2025-10-25 20:48:32 | [32mINFO[0m | yolo_detector.ui.gradio_app:detect_image:138 - 检测完成: 4 个对象
2025-10-25 20:51:11 | [32mINFO[0m | src.yolo_detector.config.settings:_load_config:58 - 成功加载配置文件: D:\00deeplearn\yolo11\gradio_web_yolo\configs\default.yaml
2025-10-25 20:51:11 | [32mINFO[0m | src.yolo_detector.config.settings:_validate_config:135 - 配置验证完成
2025-10-25 20:51:11 | [32mINFO[0m | src.yolo_detector.models.model_loader:load_model:81 - 开始加载detection模型: D:/00deeplearn/yolo11/【2】训练模型/cls/train_new/weights/best.pt
2025-10-25 20:51:11 | [32mINFO[0m | src.yolo_detector.models.model_loader:load_model:92 - 成功加载detection模型: D:/00deeplearn/yolo11/【2】训练模型/cls/train_new/weights/best.pt
2025-10-25 20:51:11 | [32mINFO[0m | src.yolo_detector.core.detector:load_model:516 - 目标检测模型加载成功
2025-10-25 20:51:13 | [32mINFO[0m | src.yolo_detector.core.detector:detect:567 - 目标检测完成
2025-10-25 20:51:13 | [31mERROR[0m | src.yolo_detector.core.detector:_create_visualization:427 - 创建可视化失败: Results.plot() got an unexpected keyword argument 'show_labels'
2025-10-25 20:51:13 | [32mINFO[0m | src.yolo_detector.models.model_loader:unload_model:186 - 成功卸载detection模型
2025-10-25 20:51:13 | [32mINFO[0m | src.yolo_detector.models.model_loader:unload_all_models:202 - 所有模型已卸载
2025-10-25 20:51:13 | [32mINFO[0m | src.yolo_detector.config.settings:_load_config:58 - 成功加载配置文件: D:\00deeplearn\yolo11\gradio_web_yolo\configs\default.yaml
2025-10-25 20:51:13 | [32mINFO[0m | src.yolo_detector.config.settings:_validate_config:135 - 配置验证完成
2025-10-25 20:51:13 | [32mINFO[0m | src.yolo_detector.models.model_loader:load_model:81 - 开始加载segmentation模型: D:/00deeplearn/yolo11/【2】训练模型/seg/train2_new/weights/best.pt
2025-10-25 20:51:13 | [32mINFO[0m | src.yolo_detector.models.model_loader:load_model:92 - 成功加载segmentation模型: D:/00deeplearn/yolo11/【2】训练模型/seg/train2_new/weights/best.pt
2025-10-25 20:51:13 | [32mINFO[0m | src.yolo_detector.core.detector:load_model:590 - 图像分割模型加载成功
2025-10-25 20:51:13 | [31mERROR[0m | src.yolo_detector.core.detector:detect:653 - 图像分割失败: 'Config' object has no attribute 'get_segmentation_config'
2025-10-25 20:51:13 | [32mINFO[0m | src.yolo_detector.models.model_loader:unload_model:186 - 成功卸载segmentation模型
2025-10-25 20:51:13 | [32mINFO[0m | src.yolo_detector.models.model_loader:unload_all_models:202 - 所有模型已卸载
2025-10-25 20:51:13 | [32mINFO[0m | src.yolo_detector.config.settings:_load_config:58 - 成功加载配置文件: D:\00deeplearn\yolo11\gradio_web_yolo\configs\default.yaml
2025-10-25 20:51:13 | [32mINFO[0m | src.yolo_detector.config.settings:_validate_config:135 - 配置验证完成
2025-10-25 20:51:13 | [32mINFO[0m | src.yolo_detector.models.model_loader:load_model:81 - 开始加载pose模型: D:/00deeplearn/yolo11/【2】训练模型/pose/yolo11s-pose.pt
2025-10-25 20:51:13 | [32mINFO[0m | src.yolo_detector.models.model_loader:load_model:92 - 成功加载pose模型: D:/00deeplearn/yolo11/【2】训练模型/pose/yolo11s-pose.pt
2025-10-25 20:51:13 | [32mINFO[0m | src.yolo_detector.core.detector:load_model:669 - 姿态检测模型加载成功
2025-10-25 20:51:14 | [32mINFO[0m | src.yolo_detector.core.detector:detect:736 - 姿态检测完成
2025-10-25 20:51:14 | [32mINFO[0m | src.yolo_detector.models.model_loader:unload_model:186 - 成功卸载pose模型
2025-10-25 20:51:14 | [32mINFO[0m | src.yolo_detector.models.model_loader:unload_all_models:202 - 所有模型已卸载
2025-10-25 20:52:40 | [32mINFO[0m | src.yolo_detector.config.settings:_load_config:58 - 成功加载配置文件: D:\00deeplearn\yolo11\gradio_web_yolo\configs\default.yaml
2025-10-25 20:52:40 | [32mINFO[0m | src.yolo_detector.config.settings:_validate_config:135 - 配置验证完成
2025-10-25 20:52:40 | [32mINFO[0m | src.yolo_detector.models.model_loader:load_model:81 - 开始加载detection模型: D:/00deeplearn/yolo11/【2】训练模型/cls/train_new/weights/best.pt
2025-10-25 20:52:40 | [32mINFO[0m | src.yolo_detector.models.model_loader:load_model:92 - 成功加载detection模型: D:/00deeplearn/yolo11/【2】训练模型/cls/train_new/weights/best.pt
2025-10-25 20:52:40 | [32mINFO[0m | src.yolo_detector.core.detector:load_model:516 - 目标检测模型加载成功
2025-10-25 20:52:42 | [32mINFO[0m | src.yolo_detector.core.detector:detect:567 - 目标检测完成
2025-10-25 20:52:42 | [32mINFO[0m | src.yolo_detector.models.model_loader:unload_model:186 - 成功卸载detection模型
2025-10-25 20:52:42 | [32mINFO[0m | src.yolo_detector.models.model_loader:unload_all_models:202 - 所有模型已卸载
2025-10-25 20:52:42 | [32mINFO[0m | src.yolo_detector.config.settings:_load_config:58 - 成功加载配置文件: D:\00deeplearn\yolo11\gradio_web_yolo\configs\default.yaml
2025-10-25 20:52:42 | [32mINFO[0m | src.yolo_detector.config.settings:_validate_config:135 - 配置验证完成
2025-10-25 20:52:42 | [32mINFO[0m | src.yolo_detector.models.model_loader:load_model:81 - 开始加载segmentation模型: D:/00deeplearn/yolo11/【2】训练模型/seg/train2_new/weights/best.pt
2025-10-25 20:52:43 | [32mINFO[0m | src.yolo_detector.models.model_loader:load_model:92 - 成功加载segmentation模型: D:/00deeplearn/yolo11/【2】训练模型/seg/train2_new/weights/best.pt
2025-10-25 20:52:43 | [32mINFO[0m | src.yolo_detector.core.detector:load_model:590 - 图像分割模型加载成功
2025-10-25 20:52:43 | [32mINFO[0m | src.yolo_detector.core.detector:detect:646 - 图像分割完成
2025-10-25 20:52:43 | [32mINFO[0m | src.yolo_detector.models.model_loader:unload_model:186 - 成功卸载segmentation模型
2025-10-25 20:52:43 | [32mINFO[0m | src.yolo_detector.models.model_loader:unload_all_models:202 - 所有模型已卸载
2025-10-25 20:52:43 | [32mINFO[0m | src.yolo_detector.config.settings:_load_config:58 - 成功加载配置文件: D:\00deeplearn\yolo11\gradio_web_yolo\configs\default.yaml
2025-10-25 20:52:43 | [32mINFO[0m | src.yolo_detector.config.settings:_validate_config:135 - 配置验证完成
2025-10-25 20:52:43 | [32mINFO[0m | src.yolo_detector.models.model_loader:load_model:81 - 开始加载pose模型: D:/00deeplearn/yolo11/【2】训练模型/pose/yolo11s-pose.pt
2025-10-25 20:52:43 | [32mINFO[0m | src.yolo_detector.models.model_loader:load_model:92 - 成功加载pose模型: D:/00deeplearn/yolo11/【2】训练模型/pose/yolo11s-pose.pt
2025-10-25 20:52:43 | [32mINFO[0m | src.yolo_detector.core.detector:load_model:669 - 姿态检测模型加载成功
2025-10-25 20:52:43 | [32mINFO[0m | src.yolo_detector.core.detector:detect:736 - 姿态检测完成
2025-10-25 20:52:43 | [32mINFO[0m | src.yolo_detector.models.model_loader:unload_model:186 - 成功卸载pose模型
2025-10-25 20:52:43 | [32mINFO[0m | src.yolo_detector.models.model_loader:unload_all_models:202 - 所有模型已卸载
2025-10-25 20:54:10 | [32mINFO[0m | src.yolo_detector.config.settings:_load_config:58 - 成功加载配置文件: D:\00deeplearn\yolo11\gradio_web_yolo\configs\default.yaml
2025-10-25 20:54:10 | [32mINFO[0m | src.yolo_detector.config.settings:_validate_config:135 - 配置验证完成
2025-10-25 20:54:10 | [32mINFO[0m | src.yolo_detector.models.model_loader:load_model:81 - 开始加载detection模型: D:/00deeplearn/yolo11/【2】训练模型/cls/train_new/weights/best.pt
2025-10-25 20:54:10 | [32mINFO[0m | src.yolo_detector.models.model_loader:load_model:92 - 成功加载detection模型: D:/00deeplearn/yolo11/【2】训练模型/cls/train_new/weights/best.pt
2025-10-25 20:54:10 | [32mINFO[0m | src.yolo_detector.core.detector:load_model:516 - 目标检测模型加载成功
2025-10-25 20:54:12 | [32mINFO[0m | src.yolo_detector.core.detector:detect:567 - 目标检测完成
2025-10-25 20:54:12 | [32mINFO[0m | src.yolo_detector.models.model_loader:unload_model:186 - 成功卸载detection模型
2025-10-25 20:54:12 | [32mINFO[0m | src.yolo_detector.models.model_loader:unload_all_models:202 - 所有模型已卸载
2025-10-25 20:54:12 | [32mINFO[0m | src.yolo_detector.config.settings:_load_config:58 - 成功加载配置文件: D:\00deeplearn\yolo11\gradio_web_yolo\configs\default.yaml
2025-10-25 20:54:12 | [32mINFO[0m | src.yolo_detector.config.settings:_validate_config:135 - 配置验证完成
2025-10-25 20:54:12 | [32mINFO[0m | src.yolo_detector.models.model_loader:load_model:81 - 开始加载segmentation模型: D:/00deeplearn/yolo11/【2】训练模型/seg/train2_new/weights/best.pt
2025-10-25 20:54:13 | [32mINFO[0m | src.yolo_detector.models.model_loader:load_model:92 - 成功加载segmentation模型: D:/00deeplearn/yolo11/【2】训练模型/seg/train2_new/weights/best.pt
2025-10-25 20:54:13 | [32mINFO[0m | src.yolo_detector.core.detector:load_model:590 - 图像分割模型加载成功
2025-10-25 20:54:13 | [32mINFO[0m | src.yolo_detector.core.detector:detect:646 - 图像分割完成
2025-10-25 20:54:13 | [32mINFO[0m | src.yolo_detector.models.model_loader:unload_model:186 - 成功卸载segmentation模型
2025-10-25 20:54:13 | [32mINFO[0m | src.yolo_detector.models.model_loader:unload_all_models:202 - 所有模型已卸载
2025-10-25 20:54:13 | [32mINFO[0m | src.yolo_detector.config.settings:_load_config:58 - 成功加载配置文件: D:\00deeplearn\yolo11\gradio_web_yolo\configs\default.yaml
2025-10-25 20:54:13 | [32mINFO[0m | src.yolo_detector.config.settings:_validate_config:135 - 配置验证完成
2025-10-25 20:54:13 | [32mINFO[0m | src.yolo_detector.models.model_loader:load_model:81 - 开始加载pose模型: D:/00deeplearn/yolo11/【2】训练模型/pose/yolo11s-pose.pt
2025-10-25 20:54:13 | [32mINFO[0m | src.yolo_detector.models.model_loader:load_model:92 - 成功加载pose模型: D:/00deeplearn/yolo11/【2】训练模型/pose/yolo11s-pose.pt
2025-10-25 20:54:13 | [32mINFO[0m | src.yolo_detector.core.detector:load_model:669 - 姿态检测模型加载成功
2025-10-25 20:54:14 | [32mINFO[0m | src.yolo_detector.core.detector:detect:736 - 姿态检测完成
2025-10-25 20:54:14 | [32mINFO[0m | src.yolo_detector.models.model_loader:unload_model:186 - 成功卸载pose模型
2025-10-25 20:54:14 | [32mINFO[0m | src.yolo_detector.models.model_loader:unload_all_models:202 - 所有模型已卸载
2025-10-25 20:54:14 | [32mINFO[0m | src.yolo_detector.config.settings:_load_config:58 - 成功加载配置文件: D:\00deeplearn\yolo11\gradio_web_yolo\configs\default.yaml
2025-10-25 20:54:14 | [32mINFO[0m | src.yolo_detector.config.settings:_validate_config:135 - 配置验证完成
2025-10-25 20:54:14 | [31mERROR[0m | src.yolo_detector.models.model_loader:_validate_model_path:105 - 模型文件不存在: E:/00learning/00test/cls_train/train12/weights/best.pt
2025-10-25 20:54:14 | [31mERROR[0m | src.yolo_detector.core.detector:load_model:762 - 图像分类模型加载失败
2025-10-25 20:54:14 | [32mINFO[0m | src.yolo_detector.models.model_loader:unload_all_models:202 - 所有模型已卸载
2025-10-25 20:54:28 | [32mINFO[0m | src.yolo_detector.config.settings:_load_config:58 - 成功加载配置文件: D:\00deeplearn\yolo11\gradio_web_yolo\configs\default.yaml
2025-10-25 20:54:28 | [32mINFO[0m | src.yolo_detector.config.settings:_validate_config:135 - 配置验证完成
2025-10-25 20:54:28 | [32mINFO[0m | src.yolo_detector.models.model_loader:load_model:81 - 开始加载detection模型: D:/00deeplearn/yolo11/【2】训练模型/cls/train_new/weights/best.pt
2025-10-25 20:54:28 | [32mINFO[0m | src.yolo_detector.models.model_loader:load_model:92 - 成功加载detection模型: D:/00deeplearn/yolo11/【2】训练模型/cls/train_new/weights/best.pt
2025-10-25 20:54:28 | [32mINFO[0m | src.yolo_detector.core.detector:load_model:516 - 目标检测模型加载成功
2025-10-25 20:54:31 | [32mINFO[0m | src.yolo_detector.core.detector:detect:567 - 目标检测完成
2025-10-25 20:54:31 | [32mINFO[0m | src.yolo_detector.models.model_loader:unload_model:186 - 成功卸载detection模型
2025-10-25 20:54:31 | [32mINFO[0m | src.yolo_detector.models.model_loader:unload_all_models:202 - 所有模型已卸载
2025-10-25 20:54:31 | [32mINFO[0m | src.yolo_detector.config.settings:_load_config:58 - 成功加载配置文件: D:\00deeplearn\yolo11\gradio_web_yolo\configs\default.yaml
2025-10-25 20:54:31 | [32mINFO[0m | src.yolo_detector.config.settings:_validate_config:135 - 配置验证完成
2025-10-25 20:54:31 | [32mINFO[0m | src.yolo_detector.models.model_loader:load_model:81 - 开始加载segmentation模型: D:/00deeplearn/yolo11/【2】训练模型/seg/train2_new/weights/best.pt
2025-10-25 20:54:31 | [32mINFO[0m | src.yolo_detector.models.model_loader:load_model:92 - 成功加载segmentation模型: D:/00deeplearn/yolo11/【2】训练模型/seg/train2_new/weights/best.pt
2025-10-25 20:54:31 | [32mINFO[0m | src.yolo_detector.core.detector:load_model:590 - 图像分割模型加载成功
2025-10-25 20:54:32 | [32mINFO[0m | src.yolo_detector.core.detector:detect:646 - 图像分割完成
2025-10-25 20:54:32 | [32mINFO[0m | src.yolo_detector.models.model_loader:unload_model:186 - 成功卸载segmentation模型
2025-10-25 20:54:32 | [32mINFO[0m | src.yolo_detector.models.model_loader:unload_all_models:202 - 所有模型已卸载
2025-10-25 20:54:32 | [32mINFO[0m | src.yolo_detector.config.settings:_load_config:58 - 成功加载配置文件: D:\00deeplearn\yolo11\gradio_web_yolo\configs\default.yaml
2025-10-25 20:54:32 | [32mINFO[0m | src.yolo_detector.config.settings:_validate_config:135 - 配置验证完成
2025-10-25 20:54:32 | [32mINFO[0m | src.yolo_detector.models.model_loader:load_model:81 - 开始加载pose模型: D:/00deeplearn/yolo11/【2】训练模型/pose/yolo11s-pose.pt
2025-10-25 20:54:32 | [32mINFO[0m | src.yolo_detector.models.model_loader:load_model:92 - 成功加载pose模型: D:/00deeplearn/yolo11/【2】训练模型/pose/yolo11s-pose.pt
2025-10-25 20:54:32 | [32mINFO[0m | src.yolo_detector.core.detector:load_model:669 - 姿态检测模型加载成功
2025-10-25 20:54:32 | [32mINFO[0m | src.yolo_detector.core.detector:detect:736 - 姿态检测完成
2025-10-25 20:54:32 | [32mINFO[0m | src.yolo_detector.models.model_loader:unload_model:186 - 成功卸载pose模型
2025-10-25 20:54:32 | [32mINFO[0m | src.yolo_detector.models.model_loader:unload_all_models:202 - 所有模型已卸载
2025-10-25 20:54:32 | [32mINFO[0m | src.yolo_detector.config.settings:_load_config:58 - 成功加载配置文件: D:\00deeplearn\yolo11\gradio_web_yolo\configs\default.yaml
2025-10-25 20:54:32 | [32mINFO[0m | src.yolo_detector.config.settings:_validate_config:135 - 配置验证完成
2025-10-25 20:54:32 | [32mINFO[0m | src.yolo_detector.models.model_loader:load_model:81 - 开始加载classification模型: D:/00deeplearn/yolo11/【2】训练模型/cls/train_new/weights/best.pt
2025-10-25 20:54:32 | [33mWARNING[0m | src.yolo_detector.models.model_loader:_validate_model_type:148 - 模型类型不匹配: 期望 classification, 实际 detect
2025-10-25 20:54:32 | [32mINFO[0m | src.yolo_detector.models.model_loader:load_model:92 - 成功加载classification模型: D:/00deeplearn/yolo11/【2】训练模型/cls/train_new/weights/best.pt
2025-10-25 20:54:32 | [32mINFO[0m | src.yolo_detector.core.detector:load_model:759 - 图像分类模型加载成功
2025-10-25 20:54:33 | [32mINFO[0m | src.yolo_detector.core.detector:detect:822 - 图像分类完成
2025-10-25 20:54:33 | [32mINFO[0m | src.yolo_detector.models.model_loader:unload_model:186 - 成功卸载classification模型
2025-10-25 20:54:33 | [32mINFO[0m | src.yolo_detector.models.model_loader:unload_all_models:202 - 所有模型已卸载
2025-10-25 20:56:00 | [32mINFO[0m | yolo_detector.models.model_loader:unload_model:186 - 成功卸载pose模型
2025-10-25 20:56:00 | [32mINFO[0m | yolo_detector.models.model_loader:unload_all_models:202 - 所有模型已卸载
2025-10-25 20:56:31 | [32mINFO[0m | yolo_detector.config.settings:_load_config:58 - 成功加载配置文件: D:\00deeplearn\yolo11\gradio_web_yolo\configs\default.yaml
2025-10-25 20:56:31 | [32mINFO[0m | yolo_detector.config.settings:_validate_config:135 - 配置验证完成
2025-10-25 20:56:31 | [32mINFO[0m | __main__:setup_environment:54 - 环境设置完成
2025-10-25 20:56:31 | [32mINFO[0m | __main__:run_web_interface:67 - 启动Web界面...
2025-10-25 20:56:31 | [32mINFO[0m | yolo_detector.ui.gradio_app:__init__:56 - Gradio应用初始化完成
2025-10-25 20:56:31 | [32mINFO[0m | yolo_detector.utils.file_utils:get_image_files:68 - 找到 6 个图像文件在 D:\Python\00雪橇打标\123456
2025-10-25 20:56:31 | [32mINFO[0m | yolo_detector.utils.file_utils:get_example_images:164 - 获取 6 个示例图像
2025-10-25 20:56:31 | [32mINFO[0m | yolo_detector.ui.gradio_app:create_interface:390 - Gradio界面创建完成
2025-10-25 20:56:31 | [32mINFO[0m | httpx:_send_single_request:1025 - HTTP Request: GET http://127.0.0.1:7861/gradio_api/startup-events "HTTP/1.1 200 OK"
2025-10-25 20:56:31 | [32mINFO[0m | httpx:_send_single_request:1025 - HTTP Request: HEAD http://127.0.0.1:7861/ "HTTP/1.1 200 OK"
2025-10-25 20:56:55 | [32mINFO[0m | yolo_detector.utils.file_utils:get_image_files:68 - 找到 6 个图像文件在 D:\Python\00雪橇打标\123456
2025-10-25 20:56:55 | [32mINFO[0m | yolo_detector.utils.file_utils:get_example_images:164 - 获取 6 个示例图像
2025-10-25 20:56:55 | [32mINFO[0m | yolo_detector.ui.gradio_app:use_example_image:199 - 使用示例图像: 1.png
2025-10-25 20:56:55 | [32mINFO[0m | yolo_detector.models.model_loader:load_model:81 - 开始加载pose模型: D:/00deeplearn/yolo11/【2】训练模型/pose/yolo11s-pose.pt
2025-10-25 20:56:55 | [32mINFO[0m | yolo_detector.models.model_loader:load_model:92 - 成功加载pose模型: D:/00deeplearn/yolo11/【2】训练模型/pose/yolo11s-pose.pt
2025-10-25 20:56:55 | [32mINFO[0m | yolo_detector.core.detector:load_model:669 - 姿态检测模型加载成功
2025-10-25 20:56:55 | [32mINFO[0m | yolo_detector.ui.gradio_app:switch_detector:92 - 切换到姿态检测模式
2025-10-25 20:56:57 | [32mINFO[0m | yolo_detector.core.detector:detect:736 - 姿态检测完成
2025-10-25 20:56:57 | [32mINFO[0m | yolo_detector.ui.gradio_app:detect_image:138 - 检测完成: 4 个对象
2025-10-25 20:57:11 | [32mINFO[0m | yolo_detector.utils.file_utils:get_image_files:68 - 找到 6 个图像文件在 D:\Python\00雪橇打标\123456
2025-10-25 20:57:11 | [32mINFO[0m | yolo_detector.utils.file_utils:get_example_images:164 - 获取 6 个示例图像
2025-10-25 20:57:11 | [32mINFO[0m | yolo_detector.ui.gradio_app:use_example_image:199 - 使用示例图像: 2.jpeg
2025-10-25 20:57:12 | [32mINFO[0m | yolo_detector.core.detector:detect:736 - 姿态检测完成
2025-10-25 20:57:12 | [32mINFO[0m | yolo_detector.ui.gradio_app:detect_image:138 - 检测完成: 1 个对象
2025-10-25 20:57:12 | [32mINFO[0m | yolo_detector.utils.file_utils:get_image_files:68 - 找到 6 个图像文件在 D:\Python\00雪橇打标\123456
2025-10-25 20:57:12 | [32mINFO[0m | yolo_detector.utils.file_utils:get_example_images:164 - 获取 6 个示例图像
2025-10-25 20:57:12 | [32mINFO[0m | yolo_detector.ui.gradio_app:use_example_image:199 - 使用示例图像: 2318_20250604_012927.jpg
2025-10-25 20:57:12 | [32mINFO[0m | yolo_detector.utils.file_utils:get_image_files:68 - 找到 6 个图像文件在 D:\Python\00雪橇打标\123456
2025-10-25 20:57:12 | [32mINFO[0m | yolo_detector.utils.file_utils:get_example_images:164 - 获取 6 个示例图像
2025-10-25 20:57:12 | [32mINFO[0m | yolo_detector.ui.gradio_app:use_example_image:199 - 使用示例图像: 3.jpg
2025-10-25 20:57:12 | [32mINFO[0m | yolo_detector.core.detector:detect:736 - 姿态检测完成
2025-10-25 20:57:12 | [32mINFO[0m | yolo_detector.ui.gradio_app:detect_image:138 - 检测完成: 1 个对象
2025-10-25 20:57:13 | [32mINFO[0m | yolo_detector.core.detector:detect:736 - 姿态检测完成
2025-10-25 20:57:13 | [32mINFO[0m | yolo_detector.ui.gradio_app:detect_image:138 - 检测完成: 1 个对象
2025-10-25 20:57:14 | [32mINFO[0m | yolo_detector.utils.file_utils:get_image_files:68 - 找到 6 个图像文件在 D:\Python\00雪橇打标\123456
2025-10-25 20:57:14 | [32mINFO[0m | yolo_detector.utils.file_utils:get_example_images:164 - 获取 6 个示例图像
2025-10-25 20:57:14 | [32mINFO[0m | yolo_detector.ui.gradio_app:use_example_image:199 - 使用示例图像: 2318_20250604_012927.jpg
2025-10-25 20:57:14 | [32mINFO[0m | yolo_detector.core.detector:detect:736 - 姿态检测完成
2025-10-25 20:57:14 | [32mINFO[0m | yolo_detector.ui.gradio_app:detect_image:138 - 检测完成: 1 个对象
2025-10-25 20:57:21 | [32mINFO[0m | yolo_detector.models.model_loader:load_model:81 - 开始加载detection模型: D:/00deeplearn/yolo11/【2】训练模型/cls/train_new/weights/best.pt
2025-10-25 20:57:21 | [32mINFO[0m | yolo_detector.models.model_loader:load_model:92 - 成功加载detection模型: D:/00deeplearn/yolo11/【2】训练模型/cls/train_new/weights/best.pt
2025-10-25 20:57:21 | [32mINFO[0m | yolo_detector.core.detector:load_model:516 - 目标检测模型加载成功
2025-10-25 20:57:21 | [32mINFO[0m | yolo_detector.ui.gradio_app:switch_detector:92 - 切换到目标检测模式
2025-10-25 20:57:21 | [32mINFO[0m | yolo_detector.core.detector:detect:567 - 目标检测完成
2025-10-25 20:57:21 | [32mINFO[0m | yolo_detector.ui.gradio_app:detect_image:138 - 检测完成: 1 个对象
2025-10-25 20:57:24 | [32mINFO[0m | yolo_detector.models.model_loader:load_model:81 - 开始加载segmentation模型: D:/00deeplearn/yolo11/【2】训练模型/seg/train2_new/weights/best.pt
2025-10-25 20:57:24 | [32mINFO[0m | yolo_detector.models.model_loader:load_model:92 - 成功加载segmentation模型: D:/00deeplearn/yolo11/【2】训练模型/seg/train2_new/weights/best.pt
2025-10-25 20:57:24 | [32mINFO[0m | yolo_detector.core.detector:load_model:590 - 图像分割模型加载成功
2025-10-25 20:57:24 | [32mINFO[0m | yolo_detector.ui.gradio_app:switch_detector:92 - 切换到图像分割模式
2025-10-25 20:57:25 | [32mINFO[0m | yolo_detector.core.detector:detect:646 - 图像分割完成
2025-10-25 20:57:25 | [32mINFO[0m | yolo_detector.ui.gradio_app:detect_image:138 - 检测完成: 3 个对象
2025-10-25 20:57:36 | [32mINFO[0m | yolo_detector.ui.gradio_app:switch_detector:92 - 切换到目标检测模式
2025-10-25 20:57:36 | [32mINFO[0m | yolo_detector.core.detector:detect:567 - 目标检测完成
2025-10-25 20:57:36 | [32mINFO[0m | yolo_detector.ui.gradio_app:detect_image:138 - 检测完成: 1 个对象
2025-10-25 20:57:39 | [32mINFO[0m | yolo_detector.utils.file_utils:get_image_files:68 - 找到 6 个图像文件在 D:\Python\00雪橇打标\123456
2025-10-25 20:57:39 | [32mINFO[0m | yolo_detector.utils.file_utils:get_example_images:164 - 获取 6 个示例图像
2025-10-25 20:57:39 | [32mINFO[0m | yolo_detector.ui.gradio_app:use_example_image:199 - 使用示例图像: 4.jpg
2025-10-25 20:57:39 | [32mINFO[0m | yolo_detector.ui.gradio_app:switch_detector:92 - 切换到姿态检测模式
2025-10-25 20:57:39 | [32mINFO[0m | yolo_detector.core.detector:detect:736 - 姿态检测完成
2025-10-25 20:57:39 | [32mINFO[0m | yolo_detector.ui.gradio_app:detect_image:138 - 检测完成: 4 个对象
2025-10-25 20:58:49 | [32mINFO[0m | yolo_detector.models.model_loader:unload_model:186 - 成功卸载pose模型
2025-10-25 20:58:49 | [32mINFO[0m | yolo_detector.models.model_loader:unload_model:186 - 成功卸载detection模型
2025-10-25 20:58:49 | [32mINFO[0m | yolo_detector.models.model_loader:unload_model:186 - 成功卸载segmentation模型
2025-10-25 20:58:49 | [32mINFO[0m | yolo_detector.models.model_loader:unload_all_models:202 - 所有模型已卸载
2025-10-25 20:58:57 | [32mINFO[0m | yolo_detector.config.settings:_load_config:58 - 成功加载配置文件: D:\00deeplearn\yolo11\gradio_web_yolo\configs\default.yaml
2025-10-25 20:58:57 | [32mINFO[0m | yolo_detector.config.settings:_validate_config:135 - 配置验证完成
2025-10-25 20:58:57 | [32mINFO[0m | __main__:setup_environment:54 - 环境设置完成
2025-10-25 20:58:57 | [32mINFO[0m | __main__:run_web_interface:67 - 启动Web界面...
2025-10-25 20:58:57 | [32mINFO[0m | yolo_detector.ui.gradio_app:__init__:56 - Gradio应用初始化完成
2025-10-25 20:58:57 | [32mINFO[0m | yolo_detector.utils.file_utils:get_image_files:68 - 找到 6 个图像文件在 D:\Python\00雪橇打标\123456
2025-10-25 20:58:57 | [32mINFO[0m | yolo_detector.utils.file_utils:get_example_images:164 - 获取 6 个示例图像
2025-10-25 20:58:57 | [32mINFO[0m | yolo_detector.ui.gradio_app:create_interface:390 - Gradio界面创建完成
2025-10-25 20:58:57 | [32mINFO[0m | httpx:_send_single_request:1025 - HTTP Request: GET http://127.0.0.1:7861/gradio_api/startup-events "HTTP/1.1 200 OK"
2025-10-25 20:58:57 | [32mINFO[0m | httpx:_send_single_request:1025 - HTTP Request: HEAD http://127.0.0.1:7861/ "HTTP/1.1 200 OK"
2025-10-25 20:59:03 | [32mINFO[0m | yolo_detector.utils.file_utils:get_image_files:68 - 找到 6 个图像文件在 D:\Python\00雪橇打标\123456
2025-10-25 20:59:03 | [32mINFO[0m | yolo_detector.utils.file_utils:get_example_images:164 - 获取 6 个示例图像
2025-10-25 20:59:03 | [32mINFO[0m | yolo_detector.ui.gradio_app:use_example_image:199 - 使用示例图像: 2.jpeg
2025-10-25 20:59:04 | [32mINFO[0m | yolo_detector.models.model_loader:load_model:81 - 开始加载detection模型: D:/00deeplearn/yolo11/【2】训练模型/cls/train_new/weights/best.pt
2025-10-25 20:59:04 | [32mINFO[0m | yolo_detector.models.model_loader:load_model:92 - 成功加载detection模型: D:/00deeplearn/yolo11/【2】训练模型/cls/train_new/weights/best.pt
2025-10-25 20:59:04 | [32mINFO[0m | yolo_detector.core.detector:load_model:516 - 目标检测模型加载成功
2025-10-25 20:59:06 | [32mINFO[0m | yolo_detector.core.detector:detect:567 - 目标检测完成
2025-10-25 20:59:06 | [32mINFO[0m | yolo_detector.ui.gradio_app:detect_image:138 - 检测完成: 0 个对象
2025-10-25 20:59:08 | [32mINFO[0m | yolo_detector.models.model_loader:load_model:81 - 开始加载pose模型: D:/00deeplearn/yolo11/【2】训练模型/pose/yolo11s-pose.pt
2025-10-25 20:59:08 | [32mINFO[0m | yolo_detector.models.model_loader:load_model:92 - 成功加载pose模型: D:/00deeplearn/yolo11/【2】训练模型/pose/yolo11s-pose.pt
2025-10-25 20:59:08 | [32mINFO[0m | yolo_detector.core.detector:load_model:669 - 姿态检测模型加载成功
2025-10-25 20:59:08 | [32mINFO[0m | yolo_detector.ui.gradio_app:switch_detector:92 - 切换到姿态检测模式
2025-10-25 20:59:08 | [32mINFO[0m | yolo_detector.core.detector:detect:736 - 姿态检测完成
2025-10-25 20:59:08 | [32mINFO[0m | yolo_detector.ui.gradio_app:detect_image:138 - 检测完成: 1 个对象
2025-10-25 21:10:29 | [32mINFO[0m | src.yolo_detector.core.detector:validate_pose_config:121 - 姿态配置验证通过
2025-10-25 21:10:29 | [32mINFO[0m | src.yolo_detector.core.detector:validate_pose_config:121 - 姿态配置验证通过
2025-10-25 21:10:29 | [31mERROR[0m | src.yolo_detector.core.detector:validate_pose_config:124 - 姿态配置验证失败: 关键点名称必须是包含17个元素的列表，当前: 2
2025-10-25 21:10:29 | [31mERROR[0m | src.yolo_detector.core.detector:validate_pose_config:124 - 姿态配置验证失败: 分组 '头部' 包含无效索引: 20
2025-10-29 10:52:39 | [32mINFO[0m | yolo_detector.config.settings:_load_config:58 - 成功加载配置文件: D:\00deeplearn\yolo11\gradio_web_yolo\configs\default.yaml
2025-10-29 10:52:39 | [32mINFO[0m | yolo_detector.config.settings:_validate_config:135 - 配置验证完成
2025-10-29 10:52:39 | [32mINFO[0m | __main__:setup_environment:54 - 环境设置完成
2025-10-29 10:52:39 | [32mINFO[0m | __main__:run_web_interface:67 - 启动Web界面...
2025-10-29 10:52:39 | [32mINFO[0m | yolo_detector.ui.gradio_app:__init__:56 - Gradio应用初始化完成
2025-10-29 10:52:39 | [32mINFO[0m | yolo_detector.utils.file_utils:get_image_files:68 - 找到 6 个图像文件在 D:\Python\00雪橇打标\123456
2025-10-29 10:52:39 | [32mINFO[0m | yolo_detector.utils.file_utils:get_example_images:164 - 获取 6 个示例图像
2025-10-29 10:52:39 | [32mINFO[0m | yolo_detector.ui.gradio_app:create_interface:390 - Gradio界面创建完成
2025-10-29 10:52:40 | [32mINFO[0m | httpx:_send_single_request:1025 - HTTP Request: GET http://127.0.0.1:7861/gradio_api/startup-events "HTTP/1.1 200 OK"
2025-10-29 10:52:40 | [32mINFO[0m | httpx:_send_single_request:1025 - HTTP Request: HEAD http://127.0.0.1:7861/ "HTTP/1.1 200 OK"
2025-10-29 10:57:43 | [32mINFO[0m | yolo_detector.utils.file_utils:get_image_files:68 - 找到 6 个图像文件在 D:\Python\00雪橇打标\123456
2025-10-29 10:57:43 | [32mINFO[0m | yolo_detector.utils.file_utils:get_example_images:164 - 获取 6 个示例图像
2025-10-29 10:57:43 | [32mINFO[0m | yolo_detector.ui.gradio_app:use_example_image:199 - 使用示例图像: 1.png
2025-10-29 10:57:43 | [32mINFO[0m | yolo_detector.models.model_loader:load_model:81 - 开始加载pose模型: D:/00deeplearn/yolo11/【2】训练模型/pose/yolo11s-pose.pt
2025-10-29 10:57:43 | [32mINFO[0m | yolo_detector.models.model_loader:load_model:92 - 成功加载pose模型: D:/00deeplearn/yolo11/【2】训练模型/pose/yolo11s-pose.pt
2025-10-29 10:57:43 | [32mINFO[0m | yolo_detector.core.detector:load_model:752 - 姿态检测模型加载成功
2025-10-29 10:57:43 | [32mINFO[0m | yolo_detector.ui.gradio_app:switch_detector:92 - 切换到姿态检测模式
2025-10-29 10:57:48 | [32mINFO[0m | yolo_detector.core.detector:detect:819 - 姿态检测完成
2025-10-29 10:57:48 | [31mERROR[0m | yolo_detector.core.detector:_create_visualization:510 - 创建可视化失败: Results.plot() got an unexpected keyword argument 'colors'
2025-10-29 10:57:48 | [32mINFO[0m | yolo_detector.ui.gradio_app:detect_image:138 - 检测完成: 4 个对象
2025-10-29 10:58:00 | [32mINFO[0m | yolo_detector.utils.file_utils:get_image_files:68 - 找到 6 个图像文件在 D:\Python\00雪橇打标\123456
2025-10-29 10:58:00 | [32mINFO[0m | yolo_detector.utils.file_utils:get_example_images:164 - 获取 6 个示例图像
2025-10-29 10:58:00 | [32mINFO[0m | yolo_detector.ui.gradio_app:use_example_image:199 - 使用示例图像: 3.jpg
2025-10-29 10:58:00 | [32mINFO[0m | yolo_detector.core.detector:detect:819 - 姿态检测完成
2025-10-29 10:58:00 | [31mERROR[0m | yolo_detector.core.detector:_create_visualization:510 - 创建可视化失败: Results.plot() got an unexpected keyword argument 'colors'
2025-10-29 10:58:00 | [32mINFO[0m | yolo_detector.ui.gradio_app:detect_image:138 - 检测完成: 1 个对象
2025-10-29 10:58:04 | [32mINFO[0m | yolo_detector.utils.file_utils:get_image_files:68 - 找到 6 个图像文件在 D:\Python\00雪橇打标\123456
2025-10-29 10:58:04 | [32mINFO[0m | yolo_detector.utils.file_utils:get_example_images:164 - 获取 6 个示例图像
2025-10-29 10:58:04 | [32mINFO[0m | yolo_detector.ui.gradio_app:use_example_image:199 - 使用示例图像: 2318_20250604_012927.jpg
2025-10-29 10:58:05 | [32mINFO[0m | yolo_detector.core.detector:detect:819 - 姿态检测完成
2025-10-29 10:58:05 | [31mERROR[0m | yolo_detector.core.detector:_create_visualization:510 - 创建可视化失败: Results.plot() got an unexpected keyword argument 'colors'
2025-10-29 10:58:05 | [32mINFO[0m | yolo_detector.ui.gradio_app:detect_image:138 - 检测完成: 1 个对象
2025-10-29 10:58:12 | [32mINFO[0m | yolo_detector.utils.file_utils:get_image_files:68 - 找到 6 个图像文件在 D:\Python\00雪橇打标\123456
2025-10-29 10:58:12 | [32mINFO[0m | yolo_detector.utils.file_utils:get_example_images:164 - 获取 6 个示例图像
2025-10-29 10:58:12 | [32mINFO[0m | yolo_detector.ui.gradio_app:use_example_image:199 - 使用示例图像: 2.jpeg
2025-10-29 10:58:13 | [32mINFO[0m | yolo_detector.core.detector:detect:819 - 姿态检测完成
2025-10-29 10:58:13 | [31mERROR[0m | yolo_detector.core.detector:_create_visualization:510 - 创建可视化失败: Results.plot() got an unexpected keyword argument 'colors'
2025-10-29 10:58:13 | [32mINFO[0m | yolo_detector.ui.gradio_app:detect_image:138 - 检测完成: 1 个对象
2025-10-29 11:07:38 | [32mINFO[0m | yolo_detector.models.model_loader:unload_model:186 - 成功卸载pose模型
2025-10-29 11:07:38 | [32mINFO[0m | yolo_detector.models.model_loader:unload_all_models:202 - 所有模型已卸载
2025-10-29 11:07:46 | [32mINFO[0m | yolo_detector.config.settings:_load_config:58 - 成功加载配置文件: D:\00deeplearn\yolo11\gradio_web_yolo\configs\default.yaml
2025-10-29 11:07:46 | [32mINFO[0m | yolo_detector.config.settings:_validate_config:135 - 配置验证完成
2025-10-29 11:07:46 | [32mINFO[0m | __main__:setup_environment:54 - 环境设置完成
2025-10-29 11:07:46 | [32mINFO[0m | __main__:run_web_interface:67 - 启动Web界面...
2025-10-29 11:07:46 | [32mINFO[0m | yolo_detector.ui.gradio_app:__init__:56 - Gradio应用初始化完成
2025-10-29 11:07:47 | [32mINFO[0m | yolo_detector.utils.file_utils:get_image_files:68 - 找到 6 个图像文件在 D:\Python\00雪橇打标\123456
2025-10-29 11:07:47 | [32mINFO[0m | yolo_detector.utils.file_utils:get_example_images:164 - 获取 6 个示例图像
2025-10-29 11:07:47 | [32mINFO[0m | yolo_detector.ui.gradio_app:create_interface:390 - Gradio界面创建完成
2025-10-29 11:07:47 | [32mINFO[0m | httpx:_send_single_request:1025 - HTTP Request: GET http://127.0.0.1:7861/gradio_api/startup-events "HTTP/1.1 200 OK"
2025-10-29 11:07:47 | [32mINFO[0m | httpx:_send_single_request:1025 - HTTP Request: HEAD http://127.0.0.1:7861/ "HTTP/1.1 200 OK"
2025-10-29 11:08:04 | [32mINFO[0m | yolo_detector.utils.file_utils:get_image_files:68 - 找到 6 个图像文件在 D:\Python\00雪橇打标\123456
2025-10-29 11:08:04 | [32mINFO[0m | yolo_detector.utils.file_utils:get_example_images:164 - 获取 6 个示例图像
2025-10-29 11:08:04 | [32mINFO[0m | yolo_detector.ui.gradio_app:use_example_image:199 - 使用示例图像: 1.png
2025-10-29 11:08:04 | [32mINFO[0m | yolo_detector.models.model_loader:load_model:81 - 开始加载pose模型: D:/00deeplearn/yolo11/【2】训练模型/pose/yolo11s-pose.pt
2025-10-29 11:08:04 | [32mINFO[0m | yolo_detector.models.model_loader:load_model:92 - 成功加载pose模型: D:/00deeplearn/yolo11/【2】训练模型/pose/yolo11s-pose.pt
2025-10-29 11:08:04 | [32mINFO[0m | yolo_detector.core.detector:load_model:752 - 姿态检测模型加载成功
2025-10-29 11:08:04 | [32mINFO[0m | yolo_detector.ui.gradio_app:switch_detector:92 - 切换到姿态检测模式
2025-10-29 11:08:07 | [32mINFO[0m | yolo_detector.core.detector:detect:819 - 姿态检测完成
2025-10-29 11:08:07 | [32mINFO[0m | yolo_detector.ui.gradio_app:detect_image:138 - 检测完成: 4 个对象
2025-10-29 11:09:03 | [32mINFO[0m | yolo_detector.utils.file_utils:get_image_files:68 - 找到 6 个图像文件在 D:\Python\00雪橇打标\123456
2025-10-29 11:09:03 | [32mINFO[0m | yolo_detector.utils.file_utils:get_example_images:164 - 获取 6 个示例图像
2025-10-29 11:09:03 | [32mINFO[0m | yolo_detector.ui.gradio_app:use_example_image:199 - 使用示例图像: 3.jpg
2025-10-29 11:09:04 | [32mINFO[0m | yolo_detector.core.detector:detect:819 - 姿态检测完成
2025-10-29 11:09:04 | [32mINFO[0m | yolo_detector.ui.gradio_app:detect_image:138 - 检测完成: 1 个对象
2025-10-29 11:09:07 | [32mINFO[0m | yolo_detector.utils.file_utils:get_image_files:68 - 找到 6 个图像文件在 D:\Python\00雪橇打标\123456
2025-10-29 11:09:07 | [32mINFO[0m | yolo_detector.utils.file_utils:get_example_images:164 - 获取 6 个示例图像
2025-10-29 11:09:07 | [32mINFO[0m | yolo_detector.ui.gradio_app:use_example_image:199 - 使用示例图像: 2318_20250604_012927.jpg
2025-10-29 11:09:07 | [32mINFO[0m | yolo_detector.core.detector:detect:819 - 姿态检测完成
2025-10-29 11:09:07 | [32mINFO[0m | yolo_detector.ui.gradio_app:detect_image:138 - 检测完成: 1 个对象
2025-10-29 11:09:08 | [32mINFO[0m | yolo_detector.utils.file_utils:get_image_files:68 - 找到 6 个图像文件在 D:\Python\00雪橇打标\123456
2025-10-29 11:09:08 | [32mINFO[0m | yolo_detector.utils.file_utils:get_example_images:164 - 获取 6 个示例图像
2025-10-29 11:09:08 | [32mINFO[0m | yolo_detector.ui.gradio_app:use_example_image:199 - 使用示例图像: 3.jpg
2025-10-29 11:09:08 | [32mINFO[0m | yolo_detector.core.detector:detect:819 - 姿态检测完成
2025-10-29 11:09:08 | [32mINFO[0m | yolo_detector.ui.gradio_app:detect_image:138 - 检测完成: 1 个对象
2025-10-29 11:09:09 | [32mINFO[0m | yolo_detector.utils.file_utils:get_image_files:68 - 找到 6 个图像文件在 D:\Python\00雪橇打标\123456
2025-10-29 11:09:09 | [32mINFO[0m | yolo_detector.utils.file_utils:get_example_images:164 - 获取 6 个示例图像
2025-10-29 11:09:09 | [32mINFO[0m | yolo_detector.ui.gradio_app:use_example_image:199 - 使用示例图像: 4.jpg
2025-10-29 11:09:10 | [32mINFO[0m | yolo_detector.core.detector:detect:819 - 姿态检测完成
2025-10-29 11:09:10 | [32mINFO[0m | yolo_detector.ui.gradio_app:detect_image:138 - 检测完成: 4 个对象
2025-10-31 13:07:25 | [32mINFO[0m | yolo_detector.config.settings:_load_config:63 - 成功加载配置文件: D:\00deeplearn\yolo11\gradio_web_yolo\configs\default.yaml
2025-10-31 13:07:25 | [32mINFO[0m | yolo_detector.config.settings:_validate_config:140 - 配置验证完成
2025-10-31 13:07:25 | [32mINFO[0m | __main__:setup_environment:54 - 环境设置完成
2025-10-31 13:07:25 | [32mINFO[0m | __main__:run_web_interface:67 - 启动Web界面...
2025-10-31 13:07:25 | [32mINFO[0m | yolo_detector.ui.gradio_app:__init__:56 - Gradio应用初始化完成
2025-10-31 13:07:25 | [32mINFO[0m | yolo_detector.utils.file_utils:get_image_files:68 - 找到 6 个图像文件在 D:\Python\00雪橇打标\123456
2025-10-31 13:07:25 | [32mINFO[0m | yolo_detector.utils.file_utils:get_example_images:164 - 获取 6 个示例图像
2025-10-31 13:07:25 | [32mINFO[0m | yolo_detector.ui.gradio_app:create_interface:390 - Gradio界面创建完成
2025-10-31 13:07:25 | [32mINFO[0m | httpx:_send_single_request:1025 - HTTP Request: GET http://127.0.0.1:7861/gradio_api/startup-events "HTTP/1.1 200 OK"
2025-10-31 13:07:25 | [32mINFO[0m | httpx:_send_single_request:1025 - HTTP Request: HEAD http://127.0.0.1:7861/ "HTTP/1.1 200 OK"
2025-10-31 13:11:09 | [32mINFO[0m | yolo_detector.models.model_loader:unload_all_models:202 - 所有模型已卸载
2025-10-31 13:11:17 | [32mINFO[0m | yolo_detector.config.settings:_load_config:63 - 成功加载配置文件: D:\00deeplearn\yolo11\gradio_web_yolo\configs\default.yaml
2025-10-31 13:11:17 | [32mINFO[0m | yolo_detector.config.settings:_validate_config:140 - 配置验证完成
2025-10-31 13:11:17 | [32mINFO[0m | __main__:setup_environment:54 - 环境设置完成
2025-10-31 13:11:17 | [32mINFO[0m | __main__:run_web_interface:67 - 启动Web界面...
2025-10-31 13:11:17 | [32mINFO[0m | yolo_detector.ui.gradio_app:__init__:56 - Gradio应用初始化完成
2025-10-31 13:11:17 | [32mINFO[0m | yolo_detector.utils.file_utils:get_image_files:68 - 找到 11 个图像文件在 D:\Python\00雪橇打标\123456
2025-10-31 13:11:17 | [32mINFO[0m | yolo_detector.utils.file_utils:get_example_images:164 - 获取 11 个示例图像
2025-10-31 13:11:17 | [32mINFO[0m | yolo_detector.ui.gradio_app:create_interface:390 - Gradio界面创建完成
2025-10-31 13:11:17 | [32mINFO[0m | httpx:_send_single_request:1025 - HTTP Request: GET http://127.0.0.1:7861/gradio_api/startup-events "HTTP/1.1 200 OK"
2025-10-31 13:11:17 | [32mINFO[0m | httpx:_send_single_request:1025 - HTTP Request: HEAD http://127.0.0.1:7861/ "HTTP/1.1 200 OK"
2025-10-31 13:11:29 | [32mINFO[0m | yolo_detector.utils.file_utils:get_image_files:68 - 找到 11 个图像文件在 D:\Python\00雪橇打标\123456
2025-10-31 13:11:29 | [32mINFO[0m | yolo_detector.utils.file_utils:get_example_images:164 - 获取 11 个示例图像
2025-10-31 13:11:29 | [32mINFO[0m | yolo_detector.ui.gradio_app:use_example_image:199 - 使用示例图像: 2318_20250604_012927.jpg
2025-10-31 13:11:29 | [32mINFO[0m | yolo_detector.models.model_loader:load_model:81 - 开始加载detection模型: D:/00deeplearn/yolo11/【2】训练模型/cls/train_new/weights/best.pt
2025-10-31 13:11:29 | [32mINFO[0m | yolo_detector.models.model_loader:load_model:92 - 成功加载detection模型: D:/00deeplearn/yolo11/【2】训练模型/cls/train_new/weights/best.pt
2025-10-31 13:11:29 | [32mINFO[0m | yolo_detector.core.detector:load_model:708 - 目标检测模型加载成功
2025-10-31 13:11:32 | [32mINFO[0m | yolo_detector.core.detector:detect:759 - 目标检测完成
2025-10-31 13:11:32 | [32mINFO[0m | yolo_detector.ui.gradio_app:detect_image:138 - 检测完成: 1 个对象
2025-10-31 13:11:36 | [32mINFO[0m | yolo_detector.models.model_loader:load_model:81 - 开始加载segmentation模型: D:/00deeplearn/yolo11/【2】训练模型/seg/train2_new/weights/best.pt
2025-10-31 13:11:36 | [32mINFO[0m | yolo_detector.models.model_loader:load_model:92 - 成功加载segmentation模型: D:/00deeplearn/yolo11/【2】训练模型/seg/train2_new/weights/best.pt
2025-10-31 13:11:36 | [32mINFO[0m | yolo_detector.core.detector:load_model:782 - 图像分割模型加载成功
2025-10-31 13:11:36 | [32mINFO[0m | yolo_detector.ui.gradio_app:switch_detector:92 - 切换到图像分割模式
2025-10-31 13:11:36 | [32mINFO[0m | yolo_detector.core.detector:detect:838 - 图像分割完成
2025-10-31 13:11:37 | [32mINFO[0m | yolo_detector.ui.gradio_app:detect_image:138 - 检测完成: 3 个对象
2025-10-31 13:11:43 | [32mINFO[0m | yolo_detector.utils.file_utils:get_image_files:68 - 找到 11 个图像文件在 D:\Python\00雪橇打标\123456
2025-10-31 13:11:43 | [32mINFO[0m | yolo_detector.utils.file_utils:get_example_images:164 - 获取 11 个示例图像
2025-10-31 13:11:43 | [32mINFO[0m | yolo_detector.ui.gradio_app:use_example_image:199 - 使用示例图像: GG5087612_01_20251028150859224.jpg
2025-10-31 13:11:43 | [32mINFO[0m | yolo_detector.models.model_loader:load_model:81 - 开始加载pose模型: datasets/tools/train/weights/best.pt
2025-10-31 13:11:43 | [32mINFO[0m | yolo_detector.models.model_loader:load_model:92 - 成功加载pose模型: datasets/tools/train/weights/best.pt
2025-10-31 13:11:43 | [32mINFO[0m | yolo_detector.core.detector:load_model:861 - 姿态检测模型加载成功
2025-10-31 13:11:43 | [32mINFO[0m | yolo_detector.ui.gradio_app:switch_detector:92 - 切换到姿态检测模式
2025-10-31 13:11:44 | [32mINFO[0m | yolo_detector.core.detector:detect:928 - 姿态检测完成
2025-10-31 13:11:44 | [32mINFO[0m | yolo_detector.config.settings:_load_config:63 - 成功加载配置文件: D:\00deeplearn\yolo11\gradio_web_yolo\configs\default.yaml
2025-10-31 13:11:44 | [32mINFO[0m | yolo_detector.config.settings:_validate_config:140 - 配置验证完成
2025-10-31 13:11:44 | [32mINFO[0m | yolo_detector.config.settings:get_tool_pose_config:262 - 成功加载工具关键点配置: 2个类别, 7个关键点
2025-10-31 13:11:44 | [32mINFO[0m | yolo_detector.core.detector:validate_tool_pose_config:161 - 工具关键点配置验证通过: 7个关键点, 2个类别
2025-10-31 13:11:44 | [32mINFO[0m | yolo_detector.ui.gradio_app:detect_image:138 - 检测完成: 2 个对象
2025-10-31 13:12:25 | [32mINFO[0m | yolo_detector.utils.file_utils:get_image_files:68 - 找到 11 个图像文件在 D:\Python\00雪橇打标\123456
2025-10-31 13:12:25 | [32mINFO[0m | yolo_detector.utils.file_utils:get_example_images:164 - 获取 11 个示例图像
2025-10-31 13:12:25 | [32mINFO[0m | yolo_detector.ui.gradio_app:use_example_image:199 - 使用示例图像: GG5087612_01_20251028150903945.jpg
2025-10-31 13:12:26 | [32mINFO[0m | yolo_detector.core.detector:detect:928 - 姿态检测完成
2025-10-31 13:12:26 | [32mINFO[0m | yolo_detector.ui.gradio_app:detect_image:138 - 检测完成: 2 个对象
2025-10-31 13:12:44 | [32mINFO[0m | yolo_detector.utils.file_utils:get_image_files:68 - 找到 11 个图像文件在 D:\Python\00雪橇打标\123456
2025-10-31 13:12:44 | [32mINFO[0m | yolo_detector.utils.file_utils:get_example_images:164 - 获取 11 个示例图像
2025-10-31 13:12:44 | [32mINFO[0m | yolo_detector.ui.gradio_app:use_example_image:199 - 使用示例图像: GG5087612_01_20251028150906155.jpg
2025-10-31 13:12:45 | [32mINFO[0m | yolo_detector.core.detector:detect:928 - 姿态检测完成
2025-10-31 13:12:45 | [32mINFO[0m | yolo_detector.ui.gradio_app:detect_image:138 - 检测完成: 2 个对象
2025-10-31 13:12:52 | [32mINFO[0m | yolo_detector.utils.file_utils:get_image_files:68 - 找到 11 个图像文件在 D:\Python\00雪橇打标\123456
2025-10-31 13:12:52 | [32mINFO[0m | yolo_detector.utils.file_utils:get_example_images:164 - 获取 11 个示例图像
2025-10-31 13:12:52 | [32mINFO[0m | yolo_detector.ui.gradio_app:use_example_image:199 - 使用示例图像: GG5087612_01_20251028150909587.jpg
2025-10-31 13:12:52 | [32mINFO[0m | yolo_detector.core.detector:detect:928 - 姿态检测完成
2025-10-31 13:12:52 | [32mINFO[0m | yolo_detector.ui.gradio_app:detect_image:138 - 检测完成: 2 个对象
2025-10-31 13:13:09 | [32mINFO[0m | yolo_detector.utils.file_utils:get_image_files:68 - 找到 11 个图像文件在 D:\Python\00雪橇打标\123456
2025-10-31 13:13:09 | [32mINFO[0m | yolo_detector.utils.file_utils:get_example_images:164 - 获取 11 个示例图像
2025-10-31 13:13:09 | [32mINFO[0m | yolo_detector.ui.gradio_app:use_example_image:199 - 使用示例图像: GG5087612_01_20251028150906155.jpg
2025-10-31 13:13:10 | [32mINFO[0m | yolo_detector.core.detector:detect:928 - 姿态检测完成
2025-10-31 13:13:10 | [32mINFO[0m | yolo_detector.ui.gradio_app:detect_image:138 - 检测完成: 2 个对象
2025-10-31 13:14:20 | [32mINFO[0m | yolo_detector.models.model_loader:unload_model:186 - 成功卸载detection模型
2025-10-31 13:14:20 | [32mINFO[0m | yolo_detector.models.model_loader:unload_model:186 - 成功卸载segmentation模型
2025-10-31 13:14:20 | [32mINFO[0m | yolo_detector.models.model_loader:unload_model:186 - 成功卸载pose模型
2025-10-31 13:14:20 | [32mINFO[0m | yolo_detector.models.model_loader:unload_all_models:202 - 所有模型已卸载
2025-10-31 13:14:28 | [32mINFO[0m | yolo_detector.config.settings:_load_config:63 - 成功加载配置文件: D:\00deeplearn\yolo11\gradio_web_yolo\configs\default.yaml
2025-10-31 13:14:28 | [32mINFO[0m | yolo_detector.config.settings:_validate_config:140 - 配置验证完成
2025-10-31 13:14:28 | [32mINFO[0m | __main__:setup_environment:54 - 环境设置完成
2025-10-31 13:14:28 | [32mINFO[0m | __main__:run_web_interface:67 - 启动Web界面...
2025-10-31 13:14:28 | [32mINFO[0m | yolo_detector.ui.gradio_app:__init__:56 - Gradio应用初始化完成
2025-10-31 13:14:28 | [32mINFO[0m | yolo_detector.utils.file_utils:get_image_files:68 - 找到 45 个图像文件在 D:\Python\00雪橇打标\123456
2025-10-31 13:14:28 | [32mINFO[0m | yolo_detector.utils.file_utils:get_example_images:164 - 获取 12 个示例图像
2025-10-31 13:14:29 | [32mINFO[0m | yolo_detector.ui.gradio_app:create_interface:390 - Gradio界面创建完成
2025-10-31 13:14:29 | [32mINFO[0m | httpx:_send_single_request:1025 - HTTP Request: GET http://127.0.0.1:7861/gradio_api/startup-events "HTTP/1.1 200 OK"
2025-10-31 13:14:29 | [32mINFO[0m | httpx:_send_single_request:1025 - HTTP Request: HEAD http://127.0.0.1:7861/ "HTTP/1.1 200 OK"
2025-10-31 13:15:11 | [32mINFO[0m | yolo_detector.utils.file_utils:get_image_files:68 - 找到 45 个图像文件在 D:\Python\00雪橇打标\123456
2025-10-31 13:15:11 | [32mINFO[0m | yolo_detector.utils.file_utils:get_example_images:164 - 获取 12 个示例图像
2025-10-31 13:15:11 | [32mINFO[0m | yolo_detector.ui.gradio_app:use_example_image:199 - 使用示例图像: GG5087612_01_20251028145643946.jpg
2025-10-31 13:15:12 | [32mINFO[0m | yolo_detector.models.model_loader:load_model:81 - 开始加载detection模型: D:/00deeplearn/yolo11/【2】训练模型/cls/train_new/weights/best.pt
2025-10-31 13:15:12 | [32mINFO[0m | yolo_detector.models.model_loader:load_model:92 - 成功加载detection模型: D:/00deeplearn/yolo11/【2】训练模型/cls/train_new/weights/best.pt
2025-10-31 13:15:12 | [32mINFO[0m | yolo_detector.core.detector:load_model:708 - 目标检测模型加载成功
2025-10-31 13:15:14 | [32mINFO[0m | yolo_detector.core.detector:detect:759 - 目标检测完成
2025-10-31 13:15:14 | [32mINFO[0m | yolo_detector.ui.gradio_app:detect_image:138 - 检测完成: 0 个对象
2025-10-31 13:15:16 | [32mINFO[0m | yolo_detector.models.model_loader:load_model:81 - 开始加载pose模型: datasets/tools/train/weights/best.pt
2025-10-31 13:15:16 | [32mINFO[0m | yolo_detector.models.model_loader:load_model:92 - 成功加载pose模型: datasets/tools/train/weights/best.pt
2025-10-31 13:15:16 | [32mINFO[0m | yolo_detector.core.detector:load_model:861 - 姿态检测模型加载成功
2025-10-31 13:15:16 | [32mINFO[0m | yolo_detector.ui.gradio_app:switch_detector:92 - 切换到姿态检测模式
2025-10-31 13:15:16 | [32mINFO[0m | yolo_detector.core.detector:detect:928 - 姿态检测完成
2025-10-31 13:15:16 | [32mINFO[0m | yolo_detector.config.settings:_load_config:63 - 成功加载配置文件: D:\00deeplearn\yolo11\gradio_web_yolo\configs\default.yaml
2025-10-31 13:15:16 | [32mINFO[0m | yolo_detector.config.settings:_validate_config:140 - 配置验证完成
2025-10-31 13:15:16 | [32mINFO[0m | yolo_detector.config.settings:get_tool_pose_config:262 - 成功加载工具关键点配置: 2个类别, 7个关键点
2025-10-31 13:15:16 | [32mINFO[0m | yolo_detector.core.detector:validate_tool_pose_config:161 - 工具关键点配置验证通过: 7个关键点, 2个类别
2025-10-31 13:15:16 | [32mINFO[0m | yolo_detector.ui.gradio_app:detect_image:138 - 检测完成: 1 个对象
2025-10-31 13:15:48 | [32mINFO[0m | yolo_detector.utils.file_utils:get_image_files:68 - 找到 45 个图像文件在 D:\Python\00雪橇打标\123456
2025-10-31 13:15:48 | [32mINFO[0m | yolo_detector.utils.file_utils:get_example_images:164 - 获取 12 个示例图像
2025-10-31 13:15:48 | [32mINFO[0m | yolo_detector.ui.gradio_app:use_example_image:199 - 使用示例图像: GG5087612_01_20251028145650158.jpg
2025-10-31 13:15:49 | [32mINFO[0m | yolo_detector.core.detector:detect:928 - 姿态检测完成
2025-10-31 13:15:49 | [32mINFO[0m | yolo_detector.ui.gradio_app:detect_image:138 - 检测完成: 1 个对象
2025-10-31 13:16:00 | [32mINFO[0m | yolo_detector.utils.file_utils:get_image_files:68 - 找到 45 个图像文件在 D:\Python\00雪橇打标\123456
2025-10-31 13:16:00 | [32mINFO[0m | yolo_detector.utils.file_utils:get_example_images:164 - 获取 12 个示例图像
2025-10-31 13:16:00 | [32mINFO[0m | yolo_detector.ui.gradio_app:use_example_image:199 - 使用示例图像: GG5087612_01_20251028145654202.jpg
2025-10-31 13:16:01 | [32mINFO[0m | yolo_detector.core.detector:detect:928 - 姿态检测完成
2025-10-31 13:16:01 | [32mINFO[0m | yolo_detector.ui.gradio_app:detect_image:138 - 检测完成: 1 个对象
2025-10-31 13:16:28 | [32mINFO[0m | yolo_detector.utils.file_utils:get_image_files:68 - 找到 45 个图像文件在 D:\Python\00雪橇打标\123456
2025-10-31 13:16:28 | [32mINFO[0m | yolo_detector.utils.file_utils:get_example_images:164 - 获取 12 个示例图像
2025-10-31 13:16:28 | [32mINFO[0m | yolo_detector.ui.gradio_app:use_example_image:199 - 使用示例图像: GG5087612_01_20251028145722510.jpg
2025-10-31 13:16:29 | [32mINFO[0m | yolo_detector.core.detector:detect:928 - 姿态检测完成
2025-10-31 13:16:29 | [32mINFO[0m | yolo_detector.ui.gradio_app:detect_image:138 - 检测完成: 1 个对象
2025-10-31 13:17:15 | [32mINFO[0m | yolo_detector.utils.file_utils:get_image_files:68 - 找到 45 个图像文件在 D:\Python\00雪橇打标\123456
2025-10-31 13:17:15 | [32mINFO[0m | yolo_detector.utils.file_utils:get_example_images:164 - 获取 12 个示例图像
2025-10-31 13:17:15 | [32mINFO[0m | yolo_detector.ui.gradio_app:use_example_image:199 - 使用示例图像: GG5087612_01_20251028145726588.jpg
2025-10-31 13:17:16 | [32mINFO[0m | yolo_detector.core.detector:detect:928 - 姿态检测完成
2025-10-31 13:17:16 | [32mINFO[0m | yolo_detector.ui.gradio_app:detect_image:138 - 检测完成: 1 个对象
2025-10-31 13:17:46 | [32mINFO[0m | yolo_detector.utils.file_utils:get_image_files:68 - 找到 45 个图像文件在 D:\Python\00雪橇打标\123456
2025-10-31 13:17:46 | [32mINFO[0m | yolo_detector.utils.file_utils:get_example_images:164 - 获取 12 个示例图像
2025-10-31 13:17:46 | [32mINFO[0m | yolo_detector.ui.gradio_app:use_example_image:199 - 使用示例图像: GG5087612_01_20251028145730282.jpg
2025-10-31 13:17:46 | [32mINFO[0m | yolo_detector.core.detector:detect:928 - 姿态检测完成
2025-10-31 13:17:46 | [32mINFO[0m | yolo_detector.ui.gradio_app:detect_image:138 - 检测完成: 1 个对象
2025-10-31 13:18:29 | [32mINFO[0m | yolo_detector.utils.file_utils:get_image_files:68 - 找到 45 个图像文件在 D:\Python\00雪橇打标\123456
2025-10-31 13:18:29 | [32mINFO[0m | yolo_detector.utils.file_utils:get_example_images:164 - 获取 12 个示例图像
2025-10-31 13:18:29 | [32mINFO[0m | yolo_detector.ui.gradio_app:use_example_image:199 - 使用示例图像: 1.png
2025-10-31 13:18:29 | [32mINFO[0m | yolo_detector.core.detector:detect:928 - 姿态检测完成
2025-10-31 13:18:29 | [32mINFO[0m | yolo_detector.ui.gradio_app:detect_image:138 - 检测完成: 0 个对象
2025-10-31 13:18:30 | [32mINFO[0m | yolo_detector.utils.file_utils:get_image_files:68 - 找到 45 个图像文件在 D:\Python\00雪橇打标\123456
2025-10-31 13:18:30 | [32mINFO[0m | yolo_detector.utils.file_utils:get_example_images:164 - 获取 12 个示例图像
2025-10-31 13:18:30 | [32mINFO[0m | yolo_detector.ui.gradio_app:use_example_image:199 - 使用示例图像: GG5087612_01_20251028145730282.jpg
2025-10-31 13:18:31 | [32mINFO[0m | yolo_detector.core.detector:detect:928 - 姿态检测完成
2025-10-31 13:18:31 | [32mINFO[0m | yolo_detector.ui.gradio_app:detect_image:138 - 检测完成: 1 个对象
2025-10-31 13:18:34 | [32mINFO[0m | yolo_detector.utils.file_utils:get_image_files:68 - 找到 45 个图像文件在 D:\Python\00雪橇打标\123456
2025-10-31 13:18:34 | [32mINFO[0m | yolo_detector.utils.file_utils:get_example_images:164 - 获取 12 个示例图像
2025-10-31 13:18:34 | [32mINFO[0m | yolo_detector.ui.gradio_app:use_example_image:199 - 使用示例图像: 1.png
2025-10-31 13:18:35 | [32mINFO[0m | yolo_detector.core.detector:detect:928 - 姿态检测完成
2025-10-31 13:18:35 | [32mINFO[0m | yolo_detector.ui.gradio_app:detect_image:138 - 检测完成: 0 个对象
2025-10-31 13:18:37 | [32mINFO[0m | yolo_detector.utils.file_utils:get_image_files:68 - 找到 45 个图像文件在 D:\Python\00雪橇打标\123456
2025-10-31 13:18:37 | [32mINFO[0m | yolo_detector.utils.file_utils:get_example_images:164 - 获取 12 个示例图像
2025-10-31 13:18:37 | [32mINFO[0m | yolo_detector.ui.gradio_app:use_example_image:199 - 使用示例图像: GG5087612_01_20251028145730282.jpg
2025-10-31 13:18:37 | [32mINFO[0m | yolo_detector.core.detector:detect:928 - 姿态检测完成
2025-10-31 13:18:37 | [32mINFO[0m | yolo_detector.ui.gradio_app:detect_image:138 - 检测完成: 1 个对象
2025-10-31 13:18:42 | [32mINFO[0m | yolo_detector.utils.file_utils:get_image_files:68 - 找到 45 个图像文件在 D:\Python\00雪橇打标\123456
2025-10-31 13:18:42 | [32mINFO[0m | yolo_detector.utils.file_utils:get_example_images:164 - 获取 12 个示例图像
2025-10-31 13:18:42 | [32mINFO[0m | yolo_detector.ui.gradio_app:use_example_image:199 - 使用示例图像: 1.png
2025-10-31 13:18:42 | [32mINFO[0m | yolo_detector.core.detector:detect:928 - 姿态检测完成
2025-10-31 13:18:42 | [32mINFO[0m | yolo_detector.ui.gradio_app:detect_image:138 - 检测完成: 0 个对象
2025-10-31 13:18:43 | [32mINFO[0m | yolo_detector.utils.file_utils:get_image_files:68 - 找到 45 个图像文件在 D:\Python\00雪橇打标\123456
2025-10-31 13:18:43 | [32mINFO[0m | yolo_detector.utils.file_utils:get_example_images:164 - 获取 12 个示例图像
2025-10-31 13:18:43 | [32mINFO[0m | yolo_detector.ui.gradio_app:use_example_image:199 - 使用示例图像: GG5087612_01_20251028145730282.jpg
2025-10-31 13:18:44 | [32mINFO[0m | yolo_detector.utils.file_utils:get_image_files:68 - 找到 45 个图像文件在 D:\Python\00雪橇打标\123456
2025-10-31 13:18:44 | [32mINFO[0m | yolo_detector.utils.file_utils:get_example_images:164 - 获取 12 个示例图像
2025-10-31 13:18:44 | [32mINFO[0m | yolo_detector.ui.gradio_app:use_example_image:199 - 使用示例图像: GG5087612_01_20251028145726588.jpg
2025-10-31 13:18:44 | [32mINFO[0m | yolo_detector.core.detector:detect:928 - 姿态检测完成
2025-10-31 13:18:44 | [32mINFO[0m | yolo_detector.ui.gradio_app:detect_image:138 - 检测完成: 1 个对象
2025-10-31 13:18:45 | [32mINFO[0m | yolo_detector.core.detector:detect:928 - 姿态检测完成
2025-10-31 13:18:45 | [32mINFO[0m | yolo_detector.ui.gradio_app:detect_image:138 - 检测完成: 1 个对象
2025-10-31 13:18:46 | [32mINFO[0m | yolo_detector.utils.file_utils:get_image_files:68 - 找到 45 个图像文件在 D:\Python\00雪橇打标\123456
2025-10-31 13:18:46 | [32mINFO[0m | yolo_detector.utils.file_utils:get_example_images:164 - 获取 12 个示例图像
2025-10-31 13:18:46 | [32mINFO[0m | yolo_detector.ui.gradio_app:use_example_image:199 - 使用示例图像: GG5087612_01_20251028145654202.jpg
2025-10-31 13:18:47 | [32mINFO[0m | yolo_detector.core.detector:detect:928 - 姿态检测完成
2025-10-31 13:18:47 | [32mINFO[0m | yolo_detector.ui.gradio_app:detect_image:138 - 检测完成: 1 个对象
2025-10-31 13:18:51 | [32mINFO[0m | yolo_detector.utils.file_utils:get_image_files:68 - 找到 45 个图像文件在 D:\Python\00雪橇打标\123456
2025-10-31 13:18:51 | [32mINFO[0m | yolo_detector.utils.file_utils:get_example_images:164 - 获取 12 个示例图像
2025-10-31 13:18:51 | [32mINFO[0m | yolo_detector.ui.gradio_app:use_example_image:199 - 使用示例图像: GG5087612_01_20251028145650158.jpg
2025-10-31 13:18:51 | [32mINFO[0m | yolo_detector.core.detector:detect:928 - 姿态检测完成
2025-10-31 13:18:51 | [32mINFO[0m | yolo_detector.ui.gradio_app:detect_image:138 - 检测完成: 1 个对象
2025-10-31 13:18:53 | [32mINFO[0m | yolo_detector.utils.file_utils:get_image_files:68 - 找到 45 个图像文件在 D:\Python\00雪橇打标\123456
2025-10-31 13:18:53 | [32mINFO[0m | yolo_detector.utils.file_utils:get_example_images:164 - 获取 12 个示例图像
2025-10-31 13:18:53 | [32mINFO[0m | yolo_detector.ui.gradio_app:use_example_image:199 - 使用示例图像: GG5087612_01_20251028145643946.jpg
2025-10-31 13:18:54 | [32mINFO[0m | yolo_detector.core.detector:detect:928 - 姿态检测完成
2025-10-31 13:18:54 | [32mINFO[0m | yolo_detector.ui.gradio_app:detect_image:138 - 检测完成: 1 个对象
2025-10-31 13:19:05 | [32mINFO[0m | yolo_detector.utils.file_utils:get_image_files:68 - 找到 45 个图像文件在 D:\Python\00雪橇打标\123456
2025-10-31 13:19:05 | [32mINFO[0m | yolo_detector.utils.file_utils:get_example_images:164 - 获取 12 个示例图像
2025-10-31 13:19:05 | [32mINFO[0m | yolo_detector.ui.gradio_app:use_example_image:199 - 使用示例图像: 5.webp
2025-10-31 13:19:06 | [32mINFO[0m | yolo_detector.core.detector:detect:928 - 姿态检测完成
2025-10-31 13:19:06 | [32mINFO[0m | yolo_detector.ui.gradio_app:detect_image:138 - 检测完成: 0 个对象
2025-10-31 13:55:41 | [32mINFO[0m | yolo_detector.models.model_loader:unload_model:186 - 成功卸载detection模型
2025-10-31 13:55:41 | [32mINFO[0m | yolo_detector.models.model_loader:unload_model:186 - 成功卸载pose模型
2025-10-31 13:55:41 | [32mINFO[0m | yolo_detector.models.model_loader:unload_all_models:202 - 所有模型已卸载
2025-10-31 13:55:50 | [32mINFO[0m | yolo_detector.config.settings:_load_config:63 - 成功加载配置文件: D:\00deeplearn\yolo11\gradio_web_yolo\configs\default.yaml
2025-10-31 13:55:50 | [32mINFO[0m | yolo_detector.config.settings:_validate_config:140 - 配置验证完成
2025-10-31 13:55:50 | [32mINFO[0m | __main__:setup_environment:54 - 环境设置完成
2025-10-31 13:55:50 | [32mINFO[0m | __main__:run_web_interface:67 - 启动Web界面...
2025-10-31 13:55:50 | [32mINFO[0m | yolo_detector.ui.gradio_app:__init__:56 - Gradio应用初始化完成
2025-10-31 13:55:50 | [32mINFO[0m | yolo_detector.utils.file_utils:get_image_files:68 - 找到 45 个图像文件在 D:\Python\00雪橇打标\123456
2025-10-31 13:55:50 | [32mINFO[0m | yolo_detector.utils.file_utils:get_example_images:164 - 获取 12 个示例图像
2025-10-31 13:55:50 | [32mINFO[0m | yolo_detector.ui.gradio_app:create_interface:390 - Gradio界面创建完成
2025-10-31 13:55:50 | [32mINFO[0m | httpx:_send_single_request:1025 - HTTP Request: GET http://127.0.0.1:7861/gradio_api/startup-events "HTTP/1.1 200 OK"
2025-10-31 13:55:50 | [32mINFO[0m | httpx:_send_single_request:1025 - HTTP Request: HEAD http://127.0.0.1:7861/ "HTTP/1.1 200 OK"
2025-10-31 13:55:55 | [32mINFO[0m | yolo_detector.utils.file_utils:get_image_files:68 - 找到 45 个图像文件在 D:\Python\00雪橇打标\123456
2025-10-31 13:55:55 | [32mINFO[0m | yolo_detector.utils.file_utils:get_example_images:164 - 获取 12 个示例图像
2025-10-31 13:55:55 | [32mINFO[0m | yolo_detector.ui.gradio_app:use_example_image:199 - 使用示例图像: GG5087612_01_20251028145643946.jpg
2025-10-31 13:55:56 | [32mINFO[0m | yolo_detector.models.model_loader:load_model:81 - 开始加载detection模型: D:/00deeplearn/yolo11/【2】训练模型/cls/train_new/weights/best.pt
2025-10-31 13:55:56 | [32mINFO[0m | yolo_detector.models.model_loader:load_model:92 - 成功加载detection模型: D:/00deeplearn/yolo11/【2】训练模型/cls/train_new/weights/best.pt
2025-10-31 13:55:56 | [32mINFO[0m | yolo_detector.core.detector:load_model:708 - 目标检测模型加载成功
2025-10-31 13:55:58 | [32mINFO[0m | yolo_detector.core.detector:detect:759 - 目标检测完成
2025-10-31 13:55:58 | [32mINFO[0m | yolo_detector.ui.gradio_app:detect_image:138 - 检测完成: 0 个对象
2025-10-31 13:55:59 | [32mINFO[0m | yolo_detector.models.model_loader:load_model:81 - 开始加载pose模型: datasets/tools/train/weights/best.pt
2025-10-31 13:55:59 | [32mINFO[0m | yolo_detector.models.model_loader:load_model:92 - 成功加载pose模型: datasets/tools/train/weights/best.pt
2025-10-31 13:55:59 | [32mINFO[0m | yolo_detector.core.detector:load_model:861 - 姿态检测模型加载成功
2025-10-31 13:55:59 | [32mINFO[0m | yolo_detector.ui.gradio_app:switch_detector:92 - 切换到姿态检测模式
2025-10-31 13:55:59 | [32mINFO[0m | yolo_detector.core.detector:detect:928 - 姿态检测完成
2025-10-31 13:55:59 | [32mINFO[0m | yolo_detector.config.settings:_load_config:63 - 成功加载配置文件: D:\00deeplearn\yolo11\gradio_web_yolo\configs\default.yaml
2025-10-31 13:55:59 | [32mINFO[0m | yolo_detector.config.settings:_validate_config:140 - 配置验证完成
2025-10-31 13:55:59 | [32mINFO[0m | yolo_detector.config.settings:get_tool_pose_config:262 - 成功加载工具关键点配置: 2个类别, 7个关键点
2025-10-31 13:55:59 | [32mINFO[0m | yolo_detector.core.detector:validate_tool_pose_config:161 - 工具关键点配置验证通过: 7个关键点, 2个类别
2025-10-31 13:55:59 | [32mINFO[0m | yolo_detector.ui.gradio_app:detect_image:138 - 检测完成: 1 个对象
2025-10-31 13:56:19 | [32mINFO[0m | yolo_detector.utils.file_utils:get_image_files:68 - 找到 45 个图像文件在 D:\Python\00雪橇打标\123456
2025-10-31 13:56:19 | [32mINFO[0m | yolo_detector.utils.file_utils:get_example_images:164 - 获取 12 个示例图像
2025-10-31 13:56:19 | [32mINFO[0m | yolo_detector.ui.gradio_app:use_example_image:199 - 使用示例图像: GG5087612_01_20251028145650158.jpg
2025-10-31 13:56:20 | [32mINFO[0m | yolo_detector.core.detector:detect:928 - 姿态检测完成
2025-10-31 13:56:20 | [32mINFO[0m | yolo_detector.ui.gradio_app:detect_image:138 - 检测完成: 1 个对象
2025-10-31 13:56:21 | [32mINFO[0m | yolo_detector.core.detector:detect:928 - 姿态检测完成
2025-10-31 13:56:21 | [32mINFO[0m | yolo_detector.ui.gradio_app:detect_image:138 - 检测完成: 1 个对象
2025-10-31 13:56:27 | [32mINFO[0m | yolo_detector.utils.file_utils:get_image_files:68 - 找到 45 个图像文件在 D:\Python\00雪橇打标\123456
2025-10-31 13:56:27 | [32mINFO[0m | yolo_detector.utils.file_utils:get_example_images:164 - 获取 12 个示例图像
2025-10-31 13:56:27 | [32mINFO[0m | yolo_detector.ui.gradio_app:use_example_image:199 - 使用示例图像: GG5087612_01_20251028145722510.jpg
2025-10-31 13:56:28 | [32mINFO[0m | yolo_detector.core.detector:detect:928 - 姿态检测完成
2025-10-31 13:56:28 | [32mINFO[0m | yolo_detector.ui.gradio_app:detect_image:138 - 检测完成: 1 个对象
2025-10-31 14:29:49 | [32mINFO[0m | yolo_detector.models.model_loader:unload_model:186 - 成功卸载detection模型
2025-10-31 14:29:49 | [32mINFO[0m | yolo_detector.models.model_loader:unload_model:186 - 成功卸载pose模型
2025-10-31 14:29:49 | [32mINFO[0m | yolo_detector.models.model_loader:unload_all_models:202 - 所有模型已卸载
2025-10-31 14:30:11 | [32mINFO[0m | yolo_detector.config.settings:_load_config:63 - 成功加载配置文件: D:\00deeplearn\yolo11\gradio_web_yolo\configs\default.yaml
2025-10-31 14:30:11 | [32mINFO[0m | yolo_detector.config.settings:_validate_config:140 - 配置验证完成
2025-10-31 14:30:11 | [32mINFO[0m | __main__:setup_environment:54 - 环境设置完成
2025-10-31 14:30:11 | [32mINFO[0m | __main__:run_web_interface:67 - 启动Web界面...
2025-10-31 14:30:11 | [32mINFO[0m | yolo_detector.ui.gradio_app:__init__:56 - Gradio应用初始化完成
2025-10-31 14:30:11 | [32mINFO[0m | yolo_detector.utils.file_utils:get_image_files:68 - 找到 45 个图像文件在 D:\Python\00雪橇打标\123456
2025-10-31 14:30:11 | [32mINFO[0m | yolo_detector.utils.file_utils:get_example_images:164 - 获取 12 个示例图像
2025-10-31 14:30:11 | [32mINFO[0m | yolo_detector.ui.gradio_app:create_interface:390 - Gradio界面创建完成
2025-10-31 14:30:11 | [32mINFO[0m | httpx:_send_single_request:1025 - HTTP Request: GET http://127.0.0.1:7861/gradio_api/startup-events "HTTP/1.1 200 OK"
2025-10-31 14:30:11 | [32mINFO[0m | httpx:_send_single_request:1025 - HTTP Request: HEAD http://127.0.0.1:7861/ "HTTP/1.1 200 OK"
2025-10-31 14:34:45 | [32mINFO[0m | yolo_detector.models.model_loader:unload_all_models:202 - 所有模型已卸载
2025-10-31 14:34:52 | [32mINFO[0m | yolo_detector.config.settings:_load_config:63 - 成功加载配置文件: D:\00deeplearn\yolo11\gradio_web_yolo\configs\default.yaml
2025-10-31 14:34:52 | [32mINFO[0m | yolo_detector.config.settings:_validate_config:140 - 配置验证完成
2025-10-31 14:34:52 | [32mINFO[0m | __main__:setup_environment:54 - 环境设置完成
2025-10-31 14:34:52 | [32mINFO[0m | __main__:run_web_interface:67 - 启动Web界面...
2025-10-31 14:34:52 | [32mINFO[0m | yolo_detector.ui.gradio_app:__init__:56 - Gradio应用初始化完成
2025-10-31 14:34:52 | [32mINFO[0m | yolo_detector.utils.file_utils:get_image_files:68 - 找到 45 个图像文件在 D:\Python\00雪橇打标\123456
2025-10-31 14:34:52 | [32mINFO[0m | yolo_detector.utils.file_utils:get_example_images:164 - 获取 12 个示例图像
2025-10-31 14:34:52 | [32mINFO[0m | yolo_detector.ui.gradio_app:create_interface:390 - Gradio界面创建完成
2025-10-31 14:34:52 | [32mINFO[0m | httpx:_send_single_request:1025 - HTTP Request: GET http://127.0.0.1:7861/gradio_api/startup-events "HTTP/1.1 200 OK"
2025-10-31 14:34:52 | [32mINFO[0m | httpx:_send_single_request:1025 - HTTP Request: HEAD http://127.0.0.1:7861/ "HTTP/1.1 200 OK"
2025-10-31 14:35:02 | [32mINFO[0m | yolo_detector.utils.file_utils:get_image_files:68 - 找到 45 个图像文件在 D:\Python\00雪橇打标\123456
2025-10-31 14:35:02 | [32mINFO[0m | yolo_detector.utils.file_utils:get_example_images:164 - 获取 12 个示例图像
2025-10-31 14:35:02 | [32mINFO[0m | yolo_detector.ui.gradio_app:use_example_image:199 - 使用示例图像: GG5087612_01_20251028145643946.jpg
2025-10-31 14:35:02 | [31mERROR[0m | yolo_detector.models.model_loader:_validate_model_path:105 - 模型文件不存在: datasets/tools/train/weights/best.pt
2025-10-31 14:35:02 | [31mERROR[0m | yolo_detector.core.detector:load_model:913 - 姿态检测模型加载失败
2025-10-31 14:35:02 | [31mERROR[0m | yolo_detector.models.model_loader:_validate_model_path:105 - 模型文件不存在: datasets/tools/train/weights/best.pt
2025-10-31 14:35:02 | [31mERROR[0m | yolo_detector.core.detector:load_model:913 - 姿态检测模型加载失败
2025-10-31 14:35:06 | [32mINFO[0m | yolo_detector.utils.file_utils:get_image_files:68 - 找到 45 个图像文件在 D:\Python\00雪橇打标\123456
2025-10-31 14:35:06 | [32mINFO[0m | yolo_detector.utils.file_utils:get_example_images:164 - 获取 12 个示例图像
2025-10-31 14:35:06 | [32mINFO[0m | yolo_detector.ui.gradio_app:use_example_image:199 - 使用示例图像: GG5087612_01_20251028145650158.jpg
2025-10-31 14:35:07 | [31mERROR[0m | yolo_detector.models.model_loader:_validate_model_path:105 - 模型文件不存在: datasets/tools/train/weights/best.pt
2025-10-31 14:35:07 | [31mERROR[0m | yolo_detector.core.detector:load_model:913 - 姿态检测模型加载失败
2025-10-31 14:35:10 | [32mINFO[0m | yolo_detector.utils.file_utils:get_image_files:68 - 找到 45 个图像文件在 D:\Python\00雪橇打标\123456
2025-10-31 14:35:10 | [32mINFO[0m | yolo_detector.utils.file_utils:get_example_images:164 - 获取 12 个示例图像
2025-10-31 14:35:10 | [32mINFO[0m | yolo_detector.ui.gradio_app:use_example_image:199 - 使用示例图像: GG5087612_01_20251028145654202.jpg
2025-10-31 14:35:11 | [31mERROR[0m | yolo_detector.models.model_loader:_validate_model_path:105 - 模型文件不存在: datasets/tools/train/weights/best.pt
2025-10-31 14:35:11 | [31mERROR[0m | yolo_detector.core.detector:load_model:913 - 姿态检测模型加载失败
2025-10-31 14:37:35 | [32mINFO[0m | yolo_detector.models.model_loader:unload_all_models:202 - 所有模型已卸载
2025-10-31 14:37:42 | [31mERROR[0m | yolo_detector.config.settings:_load_config:67 - 加载配置文件失败: while scanning a double-quoted scalar
  in "D:\00deeplearn\yolo11\gradio_web_yolo\configs\default.yaml", line 21, column 11
found unknown escape character 'y'
  in "D:\00deeplearn\yolo11\gradio_web_yolo\configs\default.yaml", line 21, column 27
2025-10-31 14:38:08 | [32mINFO[0m | yolo_detector.config.settings:_load_config:63 - 成功加载配置文件: D:\00deeplearn\yolo11\gradio_web_yolo\configs\default.yaml
2025-10-31 14:38:08 | [32mINFO[0m | yolo_detector.config.settings:_validate_config:140 - 配置验证完成
2025-10-31 14:38:08 | [32mINFO[0m | __main__:setup_environment:54 - 环境设置完成
2025-10-31 14:38:08 | [32mINFO[0m | __main__:run_web_interface:67 - 启动Web界面...
2025-10-31 14:38:08 | [32mINFO[0m | yolo_detector.ui.gradio_app:__init__:56 - Gradio应用初始化完成
2025-10-31 14:38:08 | [32mINFO[0m | yolo_detector.utils.file_utils:get_image_files:68 - 找到 45 个图像文件在 D:\Python\00雪橇打标\123456
2025-10-31 14:38:08 | [32mINFO[0m | yolo_detector.utils.file_utils:get_example_images:164 - 获取 12 个示例图像
2025-10-31 14:38:08 | [32mINFO[0m | yolo_detector.ui.gradio_app:create_interface:390 - Gradio界面创建完成
2025-10-31 14:38:09 | [32mINFO[0m | httpx:_send_single_request:1025 - HTTP Request: GET http://127.0.0.1:7861/gradio_api/startup-events "HTTP/1.1 200 OK"
2025-10-31 14:38:09 | [32mINFO[0m | httpx:_send_single_request:1025 - HTTP Request: HEAD http://127.0.0.1:7861/ "HTTP/1.1 200 OK"
2025-10-31 14:38:14 | [32mINFO[0m | yolo_detector.utils.file_utils:get_image_files:68 - 找到 45 个图像文件在 D:\Python\00雪橇打标\123456
2025-10-31 14:38:14 | [32mINFO[0m | yolo_detector.utils.file_utils:get_example_images:164 - 获取 12 个示例图像
2025-10-31 14:38:14 | [32mINFO[0m | yolo_detector.ui.gradio_app:use_example_image:199 - 使用示例图像: GG5087612_01_20251028145650158.jpg
2025-10-31 14:38:15 | [31mERROR[0m | yolo_detector.models.model_loader:_validate_model_path:105 - 模型文件不存在: r"D:\00deeplearn\yolo11\gradio_web_yolo\tool_pose\tools\train\weights\best.pt"
2025-10-31 14:38:15 | [31mERROR[0m | yolo_detector.core.detector:load_model:913 - 姿态检测模型加载失败
2025-10-31 14:38:15 | [31mERROR[0m | yolo_detector.models.model_loader:_validate_model_path:105 - 模型文件不存在: r"D:\00deeplearn\yolo11\gradio_web_yolo\tool_pose\tools\train\weights\best.pt"
2025-10-31 14:38:15 | [31mERROR[0m | yolo_detector.core.detector:load_model:913 - 姿态检测模型加载失败
2025-10-31 14:38:50 | [32mINFO[0m | yolo_detector.models.model_loader:unload_all_models:202 - 所有模型已卸载
2025-10-31 14:38:57 | [32mINFO[0m | yolo_detector.config.settings:_load_config:63 - 成功加载配置文件: D:\00deeplearn\yolo11\gradio_web_yolo\configs\default.yaml
2025-10-31 14:38:57 | [32mINFO[0m | yolo_detector.config.settings:_validate_config:140 - 配置验证完成
2025-10-31 14:38:57 | [32mINFO[0m | __main__:setup_environment:54 - 环境设置完成
2025-10-31 14:38:57 | [32mINFO[0m | __main__:run_web_interface:67 - 启动Web界面...
2025-10-31 14:38:57 | [32mINFO[0m | yolo_detector.ui.gradio_app:__init__:56 - Gradio应用初始化完成
2025-10-31 14:38:57 | [32mINFO[0m | yolo_detector.utils.file_utils:get_image_files:68 - 找到 45 个图像文件在 D:\Python\00雪橇打标\123456
2025-10-31 14:38:57 | [32mINFO[0m | yolo_detector.utils.file_utils:get_example_images:164 - 获取 12 个示例图像
2025-10-31 14:38:57 | [32mINFO[0m | yolo_detector.ui.gradio_app:create_interface:390 - Gradio界面创建完成
2025-10-31 14:38:57 | [32mINFO[0m | httpx:_send_single_request:1025 - HTTP Request: GET http://127.0.0.1:7861/gradio_api/startup-events "HTTP/1.1 200 OK"
2025-10-31 14:38:57 | [32mINFO[0m | httpx:_send_single_request:1025 - HTTP Request: HEAD http://127.0.0.1:7861/ "HTTP/1.1 200 OK"
2025-10-31 14:39:04 | [32mINFO[0m | yolo_detector.utils.file_utils:get_image_files:68 - 找到 45 个图像文件在 D:\Python\00雪橇打标\123456
2025-10-31 14:39:04 | [32mINFO[0m | yolo_detector.utils.file_utils:get_example_images:164 - 获取 12 个示例图像
2025-10-31 14:39:04 | [32mINFO[0m | yolo_detector.ui.gradio_app:use_example_image:199 - 使用示例图像: GG5087612_01_20251028145650158.jpg
2025-10-31 14:39:04 | [32mINFO[0m | yolo_detector.models.model_loader:load_model:81 - 开始加载pose模型: D:/00deeplearn/yolo11/gradio_web_yolo/tool_pose/tools/train/weights/best.pt
2025-10-31 14:39:04 | [32mINFO[0m | yolo_detector.models.model_loader:load_model:92 - 成功加载pose模型: D:/00deeplearn/yolo11/gradio_web_yolo/tool_pose/tools/train/weights/best.pt
2025-10-31 14:39:04 | [32mINFO[0m | yolo_detector.core.detector:load_model:910 - 姿态检测模型加载成功
2025-10-31 14:39:04 | [32mINFO[0m | yolo_detector.ui.gradio_app:switch_detector:92 - 切换到姿态检测模式
2025-10-31 14:39:07 | [32mINFO[0m | yolo_detector.core.detector:detect:977 - 姿态检测完成
2025-10-31 14:39:07 | [32mINFO[0m | yolo_detector.config.settings:_load_config:63 - 成功加载配置文件: D:\00deeplearn\yolo11\gradio_web_yolo\configs\default.yaml
2025-10-31 14:39:07 | [32mINFO[0m | yolo_detector.config.settings:_validate_config:140 - 配置验证完成
2025-10-31 14:39:07 | [32mINFO[0m | yolo_detector.config.settings:get_tool_pose_config:262 - 成功加载工具关键点配置: 2个类别, 7个关键点
2025-10-31 14:39:07 | [32mINFO[0m | yolo_detector.core.detector:validate_tool_pose_config:162 - 工具关键点配置验证通过: 7个关键点, 2个类别
2025-10-31 14:39:07 | [32mINFO[0m | yolo_detector.ui.gradio_app:detect_image:138 - 检测完成: 1 个对象
2025-10-31 15:10:25 | [32mINFO[0m | yolo_detector.models.model_loader:unload_model:186 - 成功卸载pose模型
2025-10-31 15:10:25 | [32mINFO[0m | yolo_detector.models.model_loader:unload_all_models:202 - 所有模型已卸载
2025-10-31 15:10:34 | [32mINFO[0m | yolo_detector.config.settings:_load_config:63 - 成功加载配置文件: D:\00deeplearn\yolo11\gradio_web_yolo\configs\default.yaml
2025-10-31 15:10:34 | [32mINFO[0m | yolo_detector.config.settings:_validate_config:140 - 配置验证完成
2025-10-31 15:10:34 | [32mINFO[0m | __main__:setup_environment:54 - 环境设置完成
2025-10-31 15:10:34 | [32mINFO[0m | __main__:run_web_interface:67 - 启动Web界面...
2025-10-31 15:10:34 | [32mINFO[0m | yolo_detector.ui.gradio_app:__init__:56 - Gradio应用初始化完成
2025-10-31 15:10:34 | [32mINFO[0m | yolo_detector.utils.file_utils:get_image_files:68 - 找到 45 个图像文件在 D:\Python\00雪橇打标\123456
2025-10-31 15:10:34 | [32mINFO[0m | yolo_detector.utils.file_utils:get_example_images:164 - 获取 12 个示例图像
2025-10-31 15:10:34 | [32mINFO[0m | yolo_detector.ui.gradio_app:create_interface:390 - Gradio界面创建完成
2025-10-31 15:10:34 | [32mINFO[0m | httpx:_send_single_request:1025 - HTTP Request: GET http://127.0.0.1:7861/gradio_api/startup-events "HTTP/1.1 200 OK"
2025-10-31 15:10:34 | [32mINFO[0m | httpx:_send_single_request:1025 - HTTP Request: HEAD http://127.0.0.1:7861/ "HTTP/1.1 200 OK"
2025-10-31 15:10:44 | [32mINFO[0m | yolo_detector.utils.file_utils:get_image_files:68 - 找到 45 个图像文件在 D:\Python\00雪橇打标\123456
2025-10-31 15:10:44 | [32mINFO[0m | yolo_detector.utils.file_utils:get_example_images:164 - 获取 12 个示例图像
2025-10-31 15:10:44 | [32mINFO[0m | yolo_detector.ui.gradio_app:use_example_image:199 - 使用示例图像: GG5087612_01_20251028145650158.jpg
2025-10-31 15:10:45 | [32mINFO[0m | yolo_detector.models.model_loader:load_model:81 - 开始加载pose模型: D:/00deeplearn/yolo11/gradio_web_yolo/tool_pose/tools/train2/weights/best.pt
2025-10-31 15:10:45 | [32mINFO[0m | yolo_detector.models.model_loader:load_model:92 - 成功加载pose模型: D:/00deeplearn/yolo11/gradio_web_yolo/tool_pose/tools/train2/weights/best.pt
2025-10-31 15:10:45 | [32mINFO[0m | yolo_detector.core.detector:load_model:910 - 姿态检测模型加载成功
2025-10-31 15:10:45 | [32mINFO[0m | yolo_detector.ui.gradio_app:switch_detector:92 - 切换到姿态检测模式
2025-10-31 15:10:47 | [32mINFO[0m | yolo_detector.core.detector:detect:977 - 姿态检测完成
2025-10-31 15:10:47 | [32mINFO[0m | yolo_detector.config.settings:_load_config:63 - 成功加载配置文件: D:\00deeplearn\yolo11\gradio_web_yolo\configs\default.yaml
2025-10-31 15:10:47 | [32mINFO[0m | yolo_detector.config.settings:_validate_config:140 - 配置验证完成
2025-10-31 15:10:47 | [32mINFO[0m | yolo_detector.config.settings:get_tool_pose_config:262 - 成功加载工具关键点配置: 2个类别, 7个关键点
2025-10-31 15:10:47 | [32mINFO[0m | yolo_detector.core.detector:validate_tool_pose_config:162 - 工具关键点配置验证通过: 7个关键点, 2个类别
2025-10-31 15:10:47 | [32mINFO[0m | yolo_detector.ui.gradio_app:detect_image:138 - 检测完成: 1 个对象
2025-10-31 15:11:33 | [32mINFO[0m | yolo_detector.utils.file_utils:get_image_files:68 - 找到 45 个图像文件在 D:\Python\00雪橇打标\123456
2025-10-31 15:11:33 | [32mINFO[0m | yolo_detector.utils.file_utils:get_example_images:164 - 获取 12 个示例图像
2025-10-31 15:11:33 | [32mINFO[0m | yolo_detector.ui.gradio_app:use_example_image:199 - 使用示例图像: GG5087612_01_20251028145654202.jpg
2025-10-31 15:11:34 | [32mINFO[0m | yolo_detector.core.detector:detect:977 - 姿态检测完成
2025-10-31 15:11:34 | [32mINFO[0m | yolo_detector.ui.gradio_app:detect_image:138 - 检测完成: 1 个对象
2025-10-31 15:11:46 | [32mINFO[0m | yolo_detector.utils.file_utils:get_image_files:68 - 找到 45 个图像文件在 D:\Python\00雪橇打标\123456
2025-10-31 15:11:46 | [32mINFO[0m | yolo_detector.utils.file_utils:get_example_images:164 - 获取 12 个示例图像
2025-10-31 15:11:46 | [32mINFO[0m | yolo_detector.ui.gradio_app:use_example_image:199 - 使用示例图像: GG5087612_01_20251028145722510.jpg
2025-10-31 15:11:46 | [32mINFO[0m | yolo_detector.core.detector:detect:977 - 姿态检测完成
2025-10-31 15:11:46 | [32mINFO[0m | yolo_detector.ui.gradio_app:detect_image:138 - 检测完成: 1 个对象
2025-10-31 15:12:30 | [32mINFO[0m | yolo_detector.utils.file_utils:get_image_files:68 - 找到 45 个图像文件在 D:\Python\00雪橇打标\123456
2025-10-31 15:12:30 | [32mINFO[0m | yolo_detector.utils.file_utils:get_example_images:164 - 获取 12 个示例图像
2025-10-31 15:12:30 | [32mINFO[0m | yolo_detector.ui.gradio_app:use_example_image:199 - 使用示例图像: GG5087612_01_20251028145730282.jpg
2025-10-31 15:12:31 | [32mINFO[0m | yolo_detector.core.detector:detect:977 - 姿态检测完成
2025-10-31 15:12:31 | [32mINFO[0m | yolo_detector.ui.gradio_app:detect_image:138 - 检测完成: 1 个对象
2025-11-02 14:45:15 | [32mINFO[0m | yolo_detector.config.settings:_load_config:63 - 成功加载配置文件: D:\00deeplearn\yolo11\gradio_tool\configs\default.yaml
2025-11-02 14:45:15 | [32mINFO[0m | yolo_detector.config.settings:_validate_config:140 - 配置验证完成
2025-11-02 14:45:15 | [32mINFO[0m | __main__:setup_environment:54 - 环境设置完成
2025-11-02 14:45:15 | [32mINFO[0m | __main__:run_web_interface:67 - 启动Web界面...
2025-11-02 14:45:15 | [32mINFO[0m | yolo_detector.ui.gradio_app:__init__:56 - Gradio应用初始化完成
2025-11-02 14:45:15 | [32mINFO[0m | yolo_detector.utils.file_utils:get_image_files:68 - 找到 45 个图像文件在 D:\Python\00雪橇打标\123456
2025-11-02 14:45:15 | [32mINFO[0m | yolo_detector.utils.file_utils:get_example_images:164 - 获取 12 个示例图像
2025-11-02 14:45:16 | [32mINFO[0m | yolo_detector.ui.gradio_app:create_interface:390 - Gradio界面创建完成
2025-11-02 14:45:16 | [32mINFO[0m | httpx:_send_single_request:1025 - HTTP Request: GET http://127.0.0.1:7861/gradio_api/startup-events "HTTP/1.1 200 OK"
2025-11-02 14:45:16 | [32mINFO[0m | httpx:_send_single_request:1025 - HTTP Request: HEAD http://127.0.0.1:7861/ "HTTP/1.1 200 OK"
2025-11-02 14:45:26 | [32mINFO[0m | yolo_detector.utils.file_utils:get_image_files:68 - 找到 45 个图像文件在 D:\Python\00雪橇打标\123456
2025-11-02 14:45:26 | [32mINFO[0m | yolo_detector.utils.file_utils:get_example_images:164 - 获取 12 个示例图像
2025-11-02 14:45:26 | [32mINFO[0m | yolo_detector.ui.gradio_app:use_example_image:199 - 使用示例图像: GG5087612_01_20251028145654202.jpg
2025-11-02 14:45:27 | [32mINFO[0m | yolo_detector.models.model_loader:load_model:81 - 开始加载detection模型: D:/00deeplearn/yolo11/【2】训练模型/cls/train_new/weights/best.pt
2025-11-02 14:45:27 | [32mINFO[0m | yolo_detector.models.model_loader:load_model:92 - 成功加载detection模型: D:/00deeplearn/yolo11/【2】训练模型/cls/train_new/weights/best.pt
2025-11-02 14:45:27 | [32mINFO[0m | yolo_detector.core.detector:load_model:757 - 目标检测模型加载成功
2025-11-02 14:45:29 | [32mINFO[0m | yolo_detector.models.model_loader:load_model:81 - 开始加载pose模型: D:/00deeplearn/yolo11/gradio_web_yolo/tool_pose/tools/train2/weights/best.pt
2025-11-02 14:45:30 | [32mINFO[0m | yolo_detector.models.model_loader:load_model:92 - 成功加载pose模型: D:/00deeplearn/yolo11/gradio_web_yolo/tool_pose/tools/train2/weights/best.pt
2025-11-02 14:45:30 | [32mINFO[0m | yolo_detector.core.detector:load_model:910 - 姿态检测模型加载成功
2025-11-02 14:45:30 | [32mINFO[0m | yolo_detector.ui.gradio_app:switch_detector:92 - 切换到姿态检测模式
2025-11-02 14:45:30 | [32mINFO[0m | yolo_detector.core.detector:detect:808 - 目标检测完成
2025-11-02 14:45:30 | [32mINFO[0m | yolo_detector.ui.gradio_app:detect_image:138 - 检测完成: 0 个对象
2025-11-02 14:45:30 | [32mINFO[0m | yolo_detector.core.detector:detect:977 - 姿态检测完成
2025-11-02 14:45:30 | [32mINFO[0m | yolo_detector.config.settings:_load_config:63 - 成功加载配置文件: D:\00deeplearn\yolo11\gradio_tool\configs\default.yaml
2025-11-02 14:45:30 | [32mINFO[0m | yolo_detector.config.settings:_validate_config:140 - 配置验证完成
2025-11-02 14:45:30 | [32mINFO[0m | yolo_detector.config.settings:get_tool_pose_config:262 - 成功加载工具关键点配置: 2个类别, 7个关键点
2025-11-02 14:45:30 | [32mINFO[0m | yolo_detector.core.detector:validate_tool_pose_config:162 - 工具关键点配置验证通过: 7个关键点, 2个类别
2025-11-02 14:45:30 | [32mINFO[0m | yolo_detector.ui.gradio_app:detect_image:138 - 检测完成: 1 个对象
2025-11-02 14:45:42 | [32mINFO[0m | yolo_detector.utils.file_utils:get_image_files:68 - 找到 45 个图像文件在 D:\Python\00雪橇打标\123456
2025-11-02 14:45:42 | [32mINFO[0m | yolo_detector.utils.file_utils:get_example_images:164 - 获取 12 个示例图像
2025-11-02 14:45:42 | [32mINFO[0m | yolo_detector.ui.gradio_app:use_example_image:199 - 使用示例图像: GG5087612_01_20251028145722510.jpg
2025-11-02 14:45:43 | [32mINFO[0m | yolo_detector.core.detector:detect:977 - 姿态检测完成
2025-11-02 14:45:43 | [32mINFO[0m | yolo_detector.ui.gradio_app:detect_image:138 - 检测完成: 1 个对象
2025-11-02 14:45:43 | [32mINFO[0m | yolo_detector.utils.file_utils:get_image_files:68 - 找到 45 个图像文件在 D:\Python\00雪橇打标\123456
2025-11-02 14:45:43 | [32mINFO[0m | yolo_detector.utils.file_utils:get_example_images:164 - 获取 12 个示例图像
2025-11-02 14:45:43 | [32mINFO[0m | yolo_detector.ui.gradio_app:use_example_image:199 - 使用示例图像: GG5087612_01_20251028145726588.jpg
2025-11-02 14:45:44 | [32mINFO[0m | yolo_detector.core.detector:detect:977 - 姿态检测完成
2025-11-02 14:45:44 | [32mINFO[0m | yolo_detector.ui.gradio_app:detect_image:138 - 检测完成: 1 个对象
2025-11-02 17:45:08 | [32mINFO[0m | yolo_detector.models.model_loader:unload_model:186 - 成功卸载detection模型
2025-11-02 17:45:08 | [32mINFO[0m | yolo_detector.models.model_loader:unload_model:186 - 成功卸载pose模型
2025-11-02 17:45:08 | [32mINFO[0m | yolo_detector.models.model_loader:unload_all_models:202 - 所有模型已卸载
2025-11-02 17:53:16 | [32mINFO[0m | __main__:setup_environment:35 - 环境设置完成
2025-11-02 17:53:16 | [32mINFO[0m | __main__:run_web_interface:65 - 启动工具关键点检测Web界面...
2025-11-02 17:53:17 | [32mINFO[0m | yolo_detector.utils.tool_pose_utils:__init__:92 - 工具关键点检测器初始化完成，配置文件: D:\00deeplearn\yolo11\gradio_tool\tool_pose\demo\angle_config.yaml
2025-11-02 17:53:17 | [32mINFO[0m | yolo_detector.utils.tool_pose_utils:_load_angle_config:131 - 角度配置文件加载完成: D:\00deeplearn\yolo11\gradio_tool\tool_pose\demo\angle_config.yaml
2025-11-02 17:53:17 | [32mINFO[0m | yolo_detector.ui.gradio_app:__init__:61 - 工具关键点检测应用初始化完成，输出目录: outputs\tool_pose
2025-11-02 17:53:17 | [31mERROR[0m | yolo_detector.ui.gradio_app:create_interface:476 - 创建Gradio界面失败: EventListener._setup.<locals>.event_trigger() got an unexpected keyword argument 'every'
Traceback (most recent call last):
  File "D:\00deeplearn\yolo11\gradio_tool\src\yolo_detector\ui\gradio_app.py", line 466, in create_interface
    demo.load(
TypeError: EventListener._setup.<locals>.event_trigger() got an unexpected keyword argument 'every'
2025-11-02 17:53:17 | [31mERROR[0m | __main__:run_web_interface:83 - 启动Web界面失败: EventListener._setup.<locals>.event_trigger() got an unexpected keyword argument 'every'
Traceback (most recent call last):
  File "D:\00deeplearn\yolo11\gradio_tool\main.py", line 68, in run_web_interface
    demo = create_gradio_interface(
  File "D:\00deeplearn\yolo11\gradio_tool\src\yolo_detector\ui\gradio_app.py", line 503, in create_gradio_interface
    return app.create_interface()
  File "D:\00deeplearn\yolo11\gradio_tool\src\yolo_detector\ui\gradio_app.py", line 466, in create_interface
    demo.load(
TypeError: EventListener._setup.<locals>.event_trigger() got an unexpected keyword argument 'every'
2025-11-02 17:53:44 | [32mINFO[0m | __main__:setup_environment:35 - 环境设置完成
2025-11-02 17:53:44 | [32mINFO[0m | __main__:run_web_interface:65 - 启动工具关键点检测Web界面...
2025-11-02 17:53:44 | [32mINFO[0m | yolo_detector.utils.tool_pose_utils:__init__:92 - 工具关键点检测器初始化完成，配置文件: D:\00deeplearn\yolo11\gradio_tool\tool_pose\demo\angle_config.yaml
2025-11-02 17:53:44 | [32mINFO[0m | yolo_detector.utils.tool_pose_utils:_load_angle_config:131 - 角度配置文件加载完成: D:\00deeplearn\yolo11\gradio_tool\tool_pose\demo\angle_config.yaml
2025-11-02 17:53:44 | [32mINFO[0m | yolo_detector.ui.gradio_app:__init__:61 - 工具关键点检测应用初始化完成，输出目录: outputs\tool_pose
2025-11-02 17:53:44 | [31mERROR[0m | yolo_detector.ui.gradio_app:create_interface:476 - 创建Gradio界面失败: 'Image' object has no attribute 'load'
Traceback (most recent call last):
  File "D:\00deeplearn\yolo11\gradio_tool\src\yolo_detector\ui\gradio_app.py", line 466, in create_interface
    preview_image.load(
AttributeError: 'Image' object has no attribute 'load'
2025-11-02 17:53:44 | [31mERROR[0m | __main__:run_web_interface:83 - 启动Web界面失败: 'Image' object has no attribute 'load'
Traceback (most recent call last):
  File "D:\00deeplearn\yolo11\gradio_tool\main.py", line 68, in run_web_interface
    demo = create_gradio_interface(
  File "D:\00deeplearn\yolo11\gradio_tool\src\yolo_detector\ui\gradio_app.py", line 503, in create_gradio_interface
    return app.create_interface()
  File "D:\00deeplearn\yolo11\gradio_tool\src\yolo_detector\ui\gradio_app.py", line 466, in create_interface
    preview_image.load(
AttributeError: 'Image' object has no attribute 'load'
2025-11-02 17:54:02 | [32mINFO[0m | __main__:setup_environment:35 - 环境设置完成
2025-11-02 17:54:02 | [32mINFO[0m | __main__:run_web_interface:65 - 启动工具关键点检测Web界面...
2025-11-02 17:54:02 | [32mINFO[0m | yolo_detector.utils.tool_pose_utils:__init__:92 - 工具关键点检测器初始化完成，配置文件: D:\00deeplearn\yolo11\gradio_tool\tool_pose\demo\angle_config.yaml
2025-11-02 17:54:02 | [32mINFO[0m | yolo_detector.utils.tool_pose_utils:_load_angle_config:131 - 角度配置文件加载完成: D:\00deeplearn\yolo11\gradio_tool\tool_pose\demo\angle_config.yaml
2025-11-02 17:54:02 | [32mINFO[0m | yolo_detector.ui.gradio_app:__init__:61 - 工具关键点检测应用初始化完成，输出目录: outputs\tool_pose
2025-11-02 17:54:02 | [31mERROR[0m | yolo_detector.ui.gradio_app:create_interface:478 - 创建Gradio界面失败: 'Image' object has no attribute 'load'
Traceback (most recent call last):
  File "D:\00deeplearn\yolo11\gradio_tool\src\yolo_detector\ui\gradio_app.py", line 469, in create_interface
    preview_image.load(
AttributeError: 'Image' object has no attribute 'load'
2025-11-02 17:54:02 | [31mERROR[0m | __main__:run_web_interface:83 - 启动Web界面失败: 'Image' object has no attribute 'load'
Traceback (most recent call last):
  File "D:\00deeplearn\yolo11\gradio_tool\main.py", line 68, in run_web_interface
    demo = create_gradio_interface(
  File "D:\00deeplearn\yolo11\gradio_tool\src\yolo_detector\ui\gradio_app.py", line 505, in create_gradio_interface
    return app.create_interface()
  File "D:\00deeplearn\yolo11\gradio_tool\src\yolo_detector\ui\gradio_app.py", line 469, in create_interface
    preview_image.load(
AttributeError: 'Image' object has no attribute 'load'
2025-11-02 17:54:19 | [32mINFO[0m | __main__:setup_environment:35 - 环境设置完成
2025-11-02 17:54:19 | [32mINFO[0m | __main__:run_web_interface:65 - 启动工具关键点检测Web界面...
2025-11-02 17:54:20 | [32mINFO[0m | yolo_detector.utils.tool_pose_utils:__init__:92 - 工具关键点检测器初始化完成，配置文件: D:\00deeplearn\yolo11\gradio_tool\tool_pose\demo\angle_config.yaml
2025-11-02 17:54:20 | [32mINFO[0m | yolo_detector.utils.tool_pose_utils:_load_angle_config:131 - 角度配置文件加载完成: D:\00deeplearn\yolo11\gradio_tool\tool_pose\demo\angle_config.yaml
2025-11-02 17:54:20 | [32mINFO[0m | yolo_detector.ui.gradio_app:__init__:61 - 工具关键点检测应用初始化完成，输出目录: outputs\tool_pose
2025-11-02 17:54:20 | [32mINFO[0m | yolo_detector.ui.gradio_app:create_interface:474 - Gradio界面创建完成
2025-11-02 17:54:20 | [32mINFO[0m | httpx:_send_single_request:1025 - HTTP Request: GET http://127.0.0.1:7861/gradio_api/startup-events "HTTP/1.1 200 OK"
2025-11-02 17:54:20 | [32mINFO[0m | httpx:_send_single_request:1025 - HTTP Request: HEAD http://127.0.0.1:7861/ "HTTP/1.1 200 OK"
2025-11-02 18:16:21 | [32mINFO[0m | __main__:setup_environment:35 - 环境设置完成
2025-11-02 18:16:21 | [32mINFO[0m | __main__:run_web_interface:65 - 启动工具关键点检测Web界面...
2025-11-02 18:16:21 | [32mINFO[0m | yolo_detector.utils.tool_pose_utils:__init__:92 - 工具关键点检测器初始化完成，配置文件: D:\00deeplearn\yolo11\gradio_tool\tool_pose\demo\angle_config.yaml
2025-11-02 18:16:21 | [32mINFO[0m | yolo_detector.utils.tool_pose_utils:_load_angle_config:131 - 角度配置文件加载完成: D:\00deeplearn\yolo11\gradio_tool\tool_pose\demo\angle_config.yaml
2025-11-02 18:16:21 | [32mINFO[0m | yolo_detector.ui.gradio_app:__init__:61 - 工具关键点检测应用初始化完成，输出目录: outputs\tool_pose
2025-11-02 18:16:21 | [32mINFO[0m | yolo_detector.ui.gradio_app:create_interface:511 - Gradio界面创建完成
2025-11-02 18:16:21 | [31mERROR[0m | __main__:run_web_interface:83 - 启动Web界面失败: Cannot find empty port in range: 7861-7861. You can specify a different port by setting the GRADIO_SERVER_PORT environment variable or passing the `server_port` parameter to `launch()`.
Traceback (most recent call last):
  File "D:\00deeplearn\yolo11\gradio_tool\main.py", line 74, in run_web_interface
    demo.launch(
  File "C:\develops_tools\anaconda\envs\gradioflask\lib\site-packages\gradio\blocks.py", line 2724, in launch
    ) = http_server.start_server(
  File "C:\develops_tools\anaconda\envs\gradioflask\lib\site-packages\gradio\http_server.py", line 156, in start_server
    raise OSError(
OSError: Cannot find empty port in range: 7861-7861. You can specify a different port by setting the GRADIO_SERVER_PORT environment variable or passing the `server_port` parameter to `launch()`.
2025-11-02 18:17:12 | [32mINFO[0m | __main__:setup_environment:35 - 环境设置完成
2025-11-02 18:17:12 | [32mINFO[0m | __main__:run_web_interface:65 - 启动工具关键点检测Web界面...
2025-11-02 18:17:12 | [32mINFO[0m | yolo_detector.utils.tool_pose_utils:__init__:92 - 工具关键点检测器初始化完成，配置文件: D:\00deeplearn\yolo11\gradio_tool\tool_pose\demo\angle_config.yaml
2025-11-02 18:17:12 | [32mINFO[0m | yolo_detector.utils.tool_pose_utils:_load_angle_config:131 - 角度配置文件加载完成: D:\00deeplearn\yolo11\gradio_tool\tool_pose\demo\angle_config.yaml
2025-11-02 18:17:12 | [32mINFO[0m | yolo_detector.ui.gradio_app:__init__:61 - 工具关键点检测应用初始化完成，输出目录: outputs\tool_pose
2025-11-02 18:17:12 | [32mINFO[0m | yolo_detector.ui.gradio_app:create_interface:511 - Gradio界面创建完成
2025-11-02 18:17:12 | [31mERROR[0m | __main__:run_web_interface:83 - 启动Web界面失败: Cannot find empty port in range: 7861-7861. You can specify a different port by setting the GRADIO_SERVER_PORT environment variable or passing the `server_port` parameter to `launch()`.
Traceback (most recent call last):
  File "D:\00deeplearn\yolo11\gradio_tool\main.py", line 74, in run_web_interface
    demo.launch(
  File "C:\develops_tools\anaconda\envs\gradioflask\lib\site-packages\gradio\blocks.py", line 2724, in launch
    ) = http_server.start_server(
  File "C:\develops_tools\anaconda\envs\gradioflask\lib\site-packages\gradio\http_server.py", line 156, in start_server
    raise OSError(
OSError: Cannot find empty port in range: 7861-7861. You can specify a different port by setting the GRADIO_SERVER_PORT environment variable or passing the `server_port` parameter to `launch()`.
2025-11-02 18:19:02 | [32mINFO[0m | __main__:setup_environment:35 - 环境设置完成
2025-11-02 18:19:02 | [32mINFO[0m | __main__:run_web_interface:65 - 启动工具关键点检测Web界面...
2025-11-02 18:19:02 | [32mINFO[0m | yolo_detector.utils.tool_pose_utils:__init__:92 - 工具关键点检测器初始化完成，配置文件: D:\00deeplearn\yolo11\gradio_tool\tool_pose\demo\angle_config.yaml
2025-11-02 18:19:02 | [32mINFO[0m | yolo_detector.utils.tool_pose_utils:_load_angle_config:131 - 角度配置文件加载完成: D:\00deeplearn\yolo11\gradio_tool\tool_pose\demo\angle_config.yaml
2025-11-02 18:19:02 | [32mINFO[0m | yolo_detector.ui.gradio_app:__init__:61 - 工具关键点检测应用初始化完成，输出目录: outputs\tool_pose
2025-11-02 18:19:02 | [32mINFO[0m | yolo_detector.ui.gradio_app:create_interface:511 - Gradio界面创建完成
2025-11-02 18:19:02 | [31mERROR[0m | __main__:run_web_interface:83 - 启动Web界面失败: Cannot find empty port in range: 7861-7861. You can specify a different port by setting the GRADIO_SERVER_PORT environment variable or passing the `server_port` parameter to `launch()`.
Traceback (most recent call last):
  File "D:\00deeplearn\yolo11\gradio_tool\main.py", line 74, in run_web_interface
    demo.launch(
  File "C:\develops_tools\anaconda\envs\gradioflask\lib\site-packages\gradio\blocks.py", line 2724, in launch
    ) = http_server.start_server(
  File "C:\develops_tools\anaconda\envs\gradioflask\lib\site-packages\gradio\http_server.py", line 156, in start_server
    raise OSError(
OSError: Cannot find empty port in range: 7861-7861. You can specify a different port by setting the GRADIO_SERVER_PORT environment variable or passing the `server_port` parameter to `launch()`.
2025-11-02 18:21:05 | [32mINFO[0m | __main__:setup_environment:35 - 环境设置完成
2025-11-02 18:21:05 | [32mINFO[0m | __main__:run_web_interface:65 - 启动工具关键点检测Web界面...
2025-11-02 18:21:05 | [32mINFO[0m | yolo_detector.utils.tool_pose_utils:__init__:92 - 工具关键点检测器初始化完成，配置文件: D:\00deeplearn\yolo11\gradio_tool\tool_pose\demo\angle_config.yaml
2025-11-02 18:21:05 | [32mINFO[0m | yolo_detector.utils.tool_pose_utils:_load_angle_config:131 - 角度配置文件加载完成: D:\00deeplearn\yolo11\gradio_tool\tool_pose\demo\angle_config.yaml
2025-11-02 18:21:05 | [32mINFO[0m | yolo_detector.ui.gradio_app:__init__:61 - 工具关键点检测应用初始化完成，输出目录: outputs\tool_pose
2025-11-02 18:21:05 | [32mINFO[0m | yolo_detector.ui.gradio_app:create_interface:511 - Gradio界面创建完成
2025-11-02 18:21:06 | [32mINFO[0m | httpx:_send_single_request:1025 - HTTP Request: GET http://127.0.0.1:7861/gradio_api/startup-events "HTTP/1.1 200 OK"
2025-11-02 18:21:06 | [32mINFO[0m | httpx:_send_single_request:1025 - HTTP Request: HEAD http://127.0.0.1:7861/ "HTTP/1.1 200 OK"
2025-11-02 18:21:39 | [32mINFO[0m | __main__:setup_environment:35 - 环境设置完成
2025-11-02 18:21:39 | [32mINFO[0m | __main__:run_web_interface:65 - 启动工具关键点检测Web界面...
2025-11-02 18:21:39 | [32mINFO[0m | yolo_detector.utils.tool_pose_utils:__init__:92 - 工具关键点检测器初始化完成，配置文件: D:\00deeplearn\yolo11\gradio_tool\tool_pose\demo\angle_config.yaml
2025-11-02 18:21:39 | [32mINFO[0m | yolo_detector.utils.tool_pose_utils:_load_angle_config:131 - 角度配置文件加载完成: D:\00deeplearn\yolo11\gradio_tool\tool_pose\demo\angle_config.yaml
2025-11-02 18:21:39 | [32mINFO[0m | yolo_detector.ui.gradio_app:__init__:61 - 工具关键点检测应用初始化完成，输出目录: outputs\tool_pose
2025-11-02 18:21:40 | [32mINFO[0m | yolo_detector.ui.gradio_app:create_interface:511 - Gradio界面创建完成
2025-11-02 18:21:40 | [33mWARNING[0m | __main__:run_web_interface:87 - 端口 7861 被占用，尝试寻找可用端口...
2025-11-02 18:21:40 | [32mINFO[0m | __main__:run_web_interface:91 - 找到可用端口: 7862
2025-11-02 18:21:40 | [32mINFO[0m | httpx:_send_single_request:1025 - HTTP Request: GET http://127.0.0.1:7862/gradio_api/startup-events "HTTP/1.1 200 OK"
2025-11-02 18:21:40 | [32mINFO[0m | httpx:_send_single_request:1025 - HTTP Request: HEAD http://127.0.0.1:7862/ "HTTP/1.1 200 OK"
2025-11-02 18:21:49 | [32mINFO[0m | yolo_detector.core.camera_capture:__init__:66 - 摄像头采集器初始化完成，摄像头索引: 0
2025-11-02 18:21:49 | [32mINFO[0m | yolo_detector.core.camera_capture:connect:80 - 正在连接摄像头（索引: 0）...
2025-11-02 18:21:50 | [32mINFO[0m | yolo_detector.core.camera_capture:connect:106 - 摄像头连接成功（索引: 0）
2025-11-02 18:21:50 | [32mINFO[0m | yolo_detector.core.camera_capture:_capture_loop:262 - 开始摄像头采集循环
2025-11-02 18:21:50 | [32mINFO[0m | yolo_detector.core.camera_capture:_start_capture_thread:237 - 摄像头采集线程已启动
2025-11-02 18:21:50 | [32mINFO[0m | yolo_detector.ui.gradio_app:connect_camera:80 - 摄像头连接成功
2025-11-02 18:22:03 | [32mINFO[0m | yolo_detector.core.camera_capture:disconnect:127 - 正在断开摄像头连接...
2025-11-02 18:22:03 | [32mINFO[0m | yolo_detector.core.camera_capture:_capture_loop:317 - 摄像头采集循环结束，总共采集 367 帧
2025-11-02 18:22:03 | [32mINFO[0m | yolo_detector.core.camera_capture:_stop_capture_thread:252 - 摄像头采集线程已停止
2025-11-02 18:22:03 | [32mINFO[0m | yolo_detector.core.camera_capture:disconnect:136 - 摄像头已断开连接
2025-11-02 18:22:03 | [32mINFO[0m | yolo_detector.ui.gradio_app:disconnect_camera:105 - 摄像头已断开
2025-11-02 18:22:31 | [32mINFO[0m | yolo_detector.core.camera_capture:__init__:66 - 摄像头采集器初始化完成，摄像头索引: 0
2025-11-02 18:22:31 | [32mINFO[0m | yolo_detector.core.camera_capture:connect:80 - 正在连接摄像头（索引: 0）...
2025-11-02 18:22:32 | [32mINFO[0m | yolo_detector.core.camera_capture:connect:106 - 摄像头连接成功（索引: 0）
2025-11-02 18:22:32 | [32mINFO[0m | yolo_detector.core.camera_capture:_capture_loop:262 - 开始摄像头采集循环
2025-11-02 18:22:32 | [32mINFO[0m | yolo_detector.core.camera_capture:_start_capture_thread:237 - 摄像头采集线程已启动
2025-11-02 18:22:32 | [32mINFO[0m | yolo_detector.ui.gradio_app:connect_camera:80 - 摄像头连接成功
2025-11-02 18:23:18 | [32mINFO[0m | yolo_detector.core.camera_capture:disconnect:127 - 正在断开摄像头连接...
2025-11-02 18:23:18 | [32mINFO[0m | yolo_detector.core.camera_capture:_capture_loop:317 - 摄像头采集循环结束，总共采集 1382 帧
2025-11-02 18:23:18 | [32mINFO[0m | yolo_detector.core.camera_capture:_stop_capture_thread:252 - 摄像头采集线程已停止
2025-11-02 18:23:19 | [32mINFO[0m | yolo_detector.core.camera_capture:disconnect:136 - 摄像头已断开连接
2025-11-02 18:23:19 | [32mINFO[0m | yolo_detector.ui.gradio_app:disconnect_camera:105 - 摄像头已断开
2025-11-02 18:23:33 | [32mINFO[0m | yolo_detector.core.camera_capture:__init__:66 - 摄像头采集器初始化完成，摄像头索引: 0
2025-11-02 18:23:33 | [32mINFO[0m | yolo_detector.core.camera_capture:connect:80 - 正在连接摄像头（索引: 0）...
2025-11-02 18:23:33 | [32mINFO[0m | yolo_detector.core.camera_capture:connect:106 - 摄像头连接成功（索引: 0）
2025-11-02 18:23:33 | [32mINFO[0m | yolo_detector.core.camera_capture:_capture_loop:262 - 开始摄像头采集循环
2025-11-02 18:23:33 | [32mINFO[0m | yolo_detector.core.camera_capture:_start_capture_thread:237 - 摄像头采集线程已启动
2025-11-02 18:23:33 | [32mINFO[0m | yolo_detector.ui.gradio_app:connect_camera:80 - 摄像头连接成功
2025-11-02 18:23:36 | [32mINFO[0m | yolo_detector.ui.gradio_app:start_detection:182 - 原始图片已保存: outputs\tool_pose\raw_images\raw_20251102_182336.jpg
2025-11-02 18:23:36 | [32mINFO[0m | yolo_detector.ui.gradio_app:start_detection:188 - 开始执行检测...
2025-11-02 18:23:36 | [32mINFO[0m | yolo_detector.utils.tool_pose_utils:load_model:152 - 正在加载模型: D:\00deeplearn\yolo11\gradio_web_yolo\tool_pose\tools\train2\weights\best.pt
2025-11-02 18:23:36 | [32mINFO[0m | yolo_detector.utils.tool_pose_utils:load_model:157 - 模型加载完成
2025-11-02 18:23:40 | [32mINFO[0m | yolo_detector.ui.gradio_app:start_detection:215 - 结果图片已保存: outputs\tool_pose\result_images\result_20251102_182336.jpg
2025-11-02 18:23:40 | [32mINFO[0m | yolo_detector.ui.gradio_app:start_detection:233 - JSON数据已保存: outputs\tool_pose\json_results\result_20251102_182336.json
2025-11-02 18:23:40 | [32mINFO[0m | yolo_detector.ui.gradio_app:start_detection:248 - 检测完成
2025-11-02 18:23:46 | [32mINFO[0m | yolo_detector.ui.gradio_app:start_detection:182 - 原始图片已保存: outputs\tool_pose\raw_images\raw_20251102_182346.jpg
2025-11-02 18:23:46 | [32mINFO[0m | yolo_detector.ui.gradio_app:start_detection:188 - 开始执行检测...
2025-11-02 18:23:46 | [32mINFO[0m | yolo_detector.ui.gradio_app:start_detection:215 - 结果图片已保存: outputs\tool_pose\result_images\result_20251102_182346.jpg
2025-11-02 18:23:46 | [32mINFO[0m | yolo_detector.ui.gradio_app:start_detection:233 - JSON数据已保存: outputs\tool_pose\json_results\result_20251102_182346.json
2025-11-02 18:23:46 | [32mINFO[0m | yolo_detector.ui.gradio_app:start_detection:248 - 检测完成
2025-11-02 18:23:48 | [32mINFO[0m | yolo_detector.ui.gradio_app:start_detection:182 - 原始图片已保存: outputs\tool_pose\raw_images\raw_20251102_182348.jpg
2025-11-02 18:23:48 | [32mINFO[0m | yolo_detector.ui.gradio_app:start_detection:188 - 开始执行检测...
2025-11-02 18:23:48 | [32mINFO[0m | yolo_detector.ui.gradio_app:start_detection:215 - 结果图片已保存: outputs\tool_pose\result_images\result_20251102_182348.jpg
2025-11-02 18:23:48 | [32mINFO[0m | yolo_detector.ui.gradio_app:start_detection:233 - JSON数据已保存: outputs\tool_pose\json_results\result_20251102_182348.json
2025-11-02 18:23:48 | [32mINFO[0m | yolo_detector.ui.gradio_app:start_detection:248 - 检测完成
2025-11-02 18:23:49 | [32mINFO[0m | yolo_detector.ui.gradio_app:start_detection:182 - 原始图片已保存: outputs\tool_pose\raw_images\raw_20251102_182349.jpg
2025-11-02 18:23:49 | [32mINFO[0m | yolo_detector.ui.gradio_app:start_detection:188 - 开始执行检测...
2025-11-02 18:23:49 | [32mINFO[0m | yolo_detector.ui.gradio_app:start_detection:215 - 结果图片已保存: outputs\tool_pose\result_images\result_20251102_182349.jpg
2025-11-02 18:23:49 | [32mINFO[0m | yolo_detector.ui.gradio_app:start_detection:233 - JSON数据已保存: outputs\tool_pose\json_results\result_20251102_182349.json
2025-11-02 18:23:49 | [32mINFO[0m | yolo_detector.ui.gradio_app:start_detection:248 - 检测完成
2025-11-02 18:23:50 | [32mINFO[0m | yolo_detector.ui.gradio_app:start_detection:182 - 原始图片已保存: outputs\tool_pose\raw_images\raw_20251102_182350.jpg
2025-11-02 18:23:50 | [32mINFO[0m | yolo_detector.ui.gradio_app:start_detection:188 - 开始执行检测...
2025-11-02 18:23:51 | [32mINFO[0m | yolo_detector.ui.gradio_app:start_detection:215 - 结果图片已保存: outputs\tool_pose\result_images\result_20251102_182350.jpg
2025-11-02 18:23:51 | [32mINFO[0m | yolo_detector.ui.gradio_app:start_detection:233 - JSON数据已保存: outputs\tool_pose\json_results\result_20251102_182350.json
2025-11-02 18:23:51 | [32mINFO[0m | yolo_detector.ui.gradio_app:start_detection:248 - 检测完成
2025-11-02 18:23:51 | [32mINFO[0m | yolo_detector.ui.gradio_app:start_detection:182 - 原始图片已保存: outputs\tool_pose\raw_images\raw_20251102_182351.jpg
2025-11-02 18:23:51 | [32mINFO[0m | yolo_detector.ui.gradio_app:start_detection:188 - 开始执行检测...
2025-11-02 18:23:52 | [32mINFO[0m | yolo_detector.ui.gradio_app:start_detection:215 - 结果图片已保存: outputs\tool_pose\result_images\result_20251102_182351.jpg
2025-11-02 18:23:52 | [32mINFO[0m | yolo_detector.ui.gradio_app:start_detection:233 - JSON数据已保存: outputs\tool_pose\json_results\result_20251102_182351.json
2025-11-02 18:23:52 | [32mINFO[0m | yolo_detector.ui.gradio_app:start_detection:248 - 检测完成
2025-11-02 18:23:53 | [32mINFO[0m | yolo_detector.ui.gradio_app:start_detection:182 - 原始图片已保存: outputs\tool_pose\raw_images\raw_20251102_182353.jpg
2025-11-02 18:23:53 | [32mINFO[0m | yolo_detector.ui.gradio_app:start_detection:188 - 开始执行检测...
2025-11-02 18:23:53 | [32mINFO[0m | yolo_detector.ui.gradio_app:start_detection:215 - 结果图片已保存: outputs\tool_pose\result_images\result_20251102_182353.jpg
2025-11-02 18:23:53 | [32mINFO[0m | yolo_detector.ui.gradio_app:start_detection:233 - JSON数据已保存: outputs\tool_pose\json_results\result_20251102_182353.json
2025-11-02 18:23:53 | [32mINFO[0m | yolo_detector.ui.gradio_app:start_detection:248 - 检测完成
2025-11-02 18:23:54 | [32mINFO[0m | yolo_detector.ui.gradio_app:start_detection:182 - 原始图片已保存: outputs\tool_pose\raw_images\raw_20251102_182354.jpg
2025-11-02 18:23:54 | [32mINFO[0m | yolo_detector.ui.gradio_app:start_detection:188 - 开始执行检测...
2025-11-02 18:23:54 | [32mINFO[0m | yolo_detector.ui.gradio_app:start_detection:215 - 结果图片已保存: outputs\tool_pose\result_images\result_20251102_182354.jpg
2025-11-02 18:23:54 | [32mINFO[0m | yolo_detector.ui.gradio_app:start_detection:233 - JSON数据已保存: outputs\tool_pose\json_results\result_20251102_182354.json
2025-11-02 18:23:54 | [32mINFO[0m | yolo_detector.ui.gradio_app:start_detection:248 - 检测完成
2025-11-02 18:23:55 | [32mINFO[0m | yolo_detector.ui.gradio_app:start_detection:182 - 原始图片已保存: outputs\tool_pose\raw_images\raw_20251102_182355.jpg
2025-11-02 18:23:55 | [32mINFO[0m | yolo_detector.ui.gradio_app:start_detection:188 - 开始执行检测...
2025-11-02 18:23:55 | [32mINFO[0m | yolo_detector.ui.gradio_app:start_detection:215 - 结果图片已保存: outputs\tool_pose\result_images\result_20251102_182355.jpg
2025-11-02 18:23:55 | [32mINFO[0m | yolo_detector.ui.gradio_app:start_detection:233 - JSON数据已保存: outputs\tool_pose\json_results\result_20251102_182355.json
2025-11-02 18:23:55 | [32mINFO[0m | yolo_detector.ui.gradio_app:start_detection:248 - 检测完成
2025-11-02 18:23:56 | [32mINFO[0m | yolo_detector.ui.gradio_app:start_detection:182 - 原始图片已保存: outputs\tool_pose\raw_images\raw_20251102_182356.jpg
2025-11-02 18:23:56 | [32mINFO[0m | yolo_detector.ui.gradio_app:start_detection:188 - 开始执行检测...
2025-11-02 18:23:56 | [32mINFO[0m | yolo_detector.ui.gradio_app:start_detection:215 - 结果图片已保存: outputs\tool_pose\result_images\result_20251102_182356.jpg
2025-11-02 18:23:56 | [32mINFO[0m | yolo_detector.ui.gradio_app:start_detection:233 - JSON数据已保存: outputs\tool_pose\json_results\result_20251102_182356.json
2025-11-02 18:23:56 | [32mINFO[0m | yolo_detector.ui.gradio_app:start_detection:248 - 检测完成
2025-11-02 18:23:57 | [32mINFO[0m | yolo_detector.ui.gradio_app:start_detection:182 - 原始图片已保存: outputs\tool_pose\raw_images\raw_20251102_182357.jpg
2025-11-02 18:23:57 | [32mINFO[0m | yolo_detector.ui.gradio_app:start_detection:188 - 开始执行检测...
2025-11-02 18:23:57 | [32mINFO[0m | yolo_detector.ui.gradio_app:start_detection:215 - 结果图片已保存: outputs\tool_pose\result_images\result_20251102_182357.jpg
2025-11-02 18:23:57 | [32mINFO[0m | yolo_detector.ui.gradio_app:start_detection:233 - JSON数据已保存: outputs\tool_pose\json_results\result_20251102_182357.json
2025-11-02 18:23:57 | [32mINFO[0m | yolo_detector.ui.gradio_app:start_detection:248 - 检测完成
2025-11-02 18:24:04 | [32mINFO[0m | yolo_detector.ui.gradio_app:start_detection:182 - 原始图片已保存: outputs\tool_pose\raw_images\raw_20251102_182404.jpg
2025-11-02 18:24:04 | [32mINFO[0m | yolo_detector.ui.gradio_app:start_detection:188 - 开始执行检测...
2025-11-02 18:24:04 | [32mINFO[0m | yolo_detector.ui.gradio_app:start_detection:215 - 结果图片已保存: outputs\tool_pose\result_images\result_20251102_182404.jpg
2025-11-02 18:24:04 | [32mINFO[0m | yolo_detector.ui.gradio_app:start_detection:233 - JSON数据已保存: outputs\tool_pose\json_results\result_20251102_182404.json
2025-11-02 18:24:04 | [32mINFO[0m | yolo_detector.ui.gradio_app:start_detection:248 - 检测完成
2025-11-02 18:26:38 | [32mINFO[0m | yolo_detector.core.camera_capture:disconnect:127 - 正在断开摄像头连接...
2025-11-02 18:26:38 | [32mINFO[0m | yolo_detector.core.camera_capture:_capture_loop:317 - 摄像头采集循环结束，总共采集 5543 帧
2025-11-02 18:26:38 | [32mINFO[0m | yolo_detector.core.camera_capture:_stop_capture_thread:252 - 摄像头采集线程已停止
2025-11-02 18:26:39 | [32mINFO[0m | yolo_detector.core.camera_capture:disconnect:136 - 摄像头已断开连接
2025-11-02 18:26:39 | [32mINFO[0m | yolo_detector.ui.gradio_app:disconnect_camera:105 - 摄像头已断开
2025-11-04 08:57:59 | [32mINFO[0m | __main__:setup_environment:35 - 环境设置完成
2025-11-04 08:57:59 | [32mINFO[0m | __main__:run_web_interface:65 - 启动工具关键点检测Web界面...
2025-11-04 08:57:59 | [32mINFO[0m | yolo_detector.utils.tool_pose_utils:__init__:86 - 工具关键点检测器初始化完成，配置文件: D:\00deeplearn\yolo11\gradio_tool\src\yolo_detector\config\tool_pose_config.yaml
2025-11-04 08:57:59 | [32mINFO[0m | yolo_detector.utils.tool_pose_angle_calculator:load_angle_config:53 - 角度配置文件加载成功: D:\00deeplearn\yolo11\gradio_tool\src\yolo_detector\config\tool_pose_config.yaml
2025-11-04 08:57:59 | [32mINFO[0m | yolo_detector.utils.tool_pose_utils:_load_angle_config:125 - 角度配置文件加载完成: D:\00deeplearn\yolo11\gradio_tool\src\yolo_detector\config\tool_pose_config.yaml
2025-11-04 08:57:59 | [32mINFO[0m | yolo_detector.ui.gradio_app:__init__:62 - 工具关键点检测应用初始化完成，输出目录: outputs\tool_pose
2025-11-04 08:57:59 | [32mINFO[0m | yolo_detector.ui.gradio_app:create_interface:512 - Gradio界面创建完成
2025-11-04 08:57:59 | [33mWARNING[0m | __main__:run_web_interface:87 - 端口 7861 被占用，尝试寻找可用端口...
2025-11-04 08:57:59 | [32mINFO[0m | __main__:run_web_interface:91 - 找到可用端口: 7862
2025-11-04 08:57:59 | [32mINFO[0m | httpx:_send_single_request:1025 - HTTP Request: GET http://127.0.0.1:7862/gradio_api/startup-events "HTTP/1.1 200 OK"
2025-11-04 08:57:59 | [32mINFO[0m | httpx:_send_single_request:1025 - HTTP Request: HEAD http://127.0.0.1:7862/ "HTTP/1.1 200 OK"
2025-11-04 08:58:07 | [32mINFO[0m | yolo_detector.core.camera_capture:__init__:66 - 摄像头采集器初始化完成，摄像头索引: 0
2025-11-04 08:58:07 | [32mINFO[0m | yolo_detector.core.camera_capture:connect:80 - 正在连接摄像头（索引: 0）...
2025-11-04 08:58:09 | [32mINFO[0m | yolo_detector.core.camera_capture:connect:106 - 摄像头连接成功（索引: 0）
2025-11-04 08:58:09 | [32mINFO[0m | yolo_detector.core.camera_capture:_capture_loop:262 - 开始摄像头采集循环
2025-11-04 08:58:09 | [32mINFO[0m | yolo_detector.core.camera_capture:_start_capture_thread:237 - 摄像头采集线程已启动
2025-11-04 08:58:09 | [32mINFO[0m | yolo_detector.ui.gradio_app:connect_camera:81 - 摄像头连接成功
2025-11-04 08:59:07 | [32mINFO[0m | yolo_detector.ui.gradio_app:start_detection:183 - 原始图片已保存: outputs\tool_pose\raw_images\raw_20251104_085907.jpg
2025-11-04 08:59:07 | [32mINFO[0m | yolo_detector.ui.gradio_app:start_detection:189 - 开始执行检测...
2025-11-04 08:59:07 | [32mINFO[0m | yolo_detector.utils.tool_pose_utils:load_model:146 - 正在加载模型: D:\00deeplearn\yolo11\gradio_web_yolo\tool_pose\tools\train2\weights\best.pt
2025-11-04 08:59:07 | [32mINFO[0m | yolo_detector.core.tool_pose_model_loader:get_model:60 - 正在加载模型: D:\00deeplearn\yolo11\gradio_web_yolo\tool_pose\tools\train2\weights\best.pt
2025-11-04 08:59:07 | [32mINFO[0m | yolo_detector.core.tool_pose_model_loader:get_model:63 - 模型加载完成: D:\00deeplearn\yolo11\gradio_web_yolo\tool_pose\tools\train2\weights\best.pt
2025-11-04 08:59:07 | [32mINFO[0m | yolo_detector.utils.tool_pose_utils:load_model:152 - 模型加载完成
2025-11-04 08:59:12 | [32mINFO[0m | yolo_detector.ui.gradio_app:start_detection:216 - 结果图片已保存: outputs\tool_pose\result_images\result_20251104_085907.jpg
2025-11-04 08:59:12 | [32mINFO[0m | yolo_detector.ui.gradio_app:start_detection:234 - JSON数据已保存: outputs\tool_pose\json_results\result_20251104_085907.json
2025-11-04 08:59:12 | [32mINFO[0m | yolo_detector.ui.gradio_app:start_detection:249 - 检测完成
2025-11-04 08:59:52 | [32mINFO[0m | yolo_detector.ui.gradio_app:start_detection:183 - 原始图片已保存: outputs\tool_pose\raw_images\raw_20251104_085952.jpg
2025-11-04 08:59:52 | [32mINFO[0m | yolo_detector.ui.gradio_app:start_detection:189 - 开始执行检测...
2025-11-04 08:59:53 | [32mINFO[0m | yolo_detector.ui.gradio_app:start_detection:216 - 结果图片已保存: outputs\tool_pose\result_images\result_20251104_085952.jpg
2025-11-04 08:59:53 | [32mINFO[0m | yolo_detector.ui.gradio_app:start_detection:234 - JSON数据已保存: outputs\tool_pose\json_results\result_20251104_085952.json
2025-11-04 08:59:53 | [32mINFO[0m | yolo_detector.ui.gradio_app:start_detection:249 - 检测完成
2025-11-04 09:00:36 | [32mINFO[0m | yolo_detector.core.camera_capture:disconnect:127 - 正在断开摄像头连接...
2025-11-04 09:00:36 | [32mINFO[0m | yolo_detector.core.camera_capture:_capture_loop:317 - 摄像头采集循环结束，总共采集 4413 帧
2025-11-04 09:00:36 | [32mINFO[0m | yolo_detector.core.camera_capture:_stop_capture_thread:252 - 摄像头采集线程已停止
2025-11-04 09:00:36 | [32mINFO[0m | yolo_detector.core.camera_capture:disconnect:136 - 摄像头已断开连接
2025-11-04 09:00:36 | [32mINFO[0m | yolo_detector.ui.gradio_app:disconnect_camera:106 - 摄像头已断开
2025-11-04 09:00:36 | [32mINFO[0m | yolo_detector.core.camera_capture:__init__:66 - 摄像头采集器初始化完成，摄像头索引: 0
2025-11-04 09:00:36 | [32mINFO[0m | yolo_detector.core.camera_capture:connect:80 - 正在连接摄像头（索引: 0）...
2025-11-04 09:00:37 | [32mINFO[0m | yolo_detector.core.camera_capture:connect:106 - 摄像头连接成功（索引: 0）
2025-11-04 09:00:37 | [32mINFO[0m | yolo_detector.core.camera_capture:_capture_loop:262 - 开始摄像头采集循环
2025-11-04 09:00:37 | [32mINFO[0m | yolo_detector.core.camera_capture:_start_capture_thread:237 - 摄像头采集线程已启动
2025-11-04 09:00:37 | [32mINFO[0m | yolo_detector.ui.gradio_app:connect_camera:81 - 摄像头连接成功
2025-11-04 09:00:38 | [32mINFO[0m | yolo_detector.core.camera_capture:disconnect:127 - 正在断开摄像头连接...
2025-11-04 09:00:38 | [32mINFO[0m | yolo_detector.core.camera_capture:_capture_loop:317 - 摄像头采集循环结束，总共采集 38 帧
2025-11-04 09:00:38 | [32mINFO[0m | yolo_detector.core.camera_capture:_stop_capture_thread:252 - 摄像头采集线程已停止
2025-11-04 09:00:39 | [32mINFO[0m | yolo_detector.core.camera_capture:disconnect:136 - 摄像头已断开连接
2025-11-04 09:00:39 | [32mINFO[0m | yolo_detector.ui.gradio_app:disconnect_camera:106 - 摄像头已断开
2025-11-04 09:00:39 | [32mINFO[0m | yolo_detector.core.camera_capture:__init__:66 - 摄像头采集器初始化完成，摄像头索引: 0
2025-11-04 09:00:39 | [32mINFO[0m | yolo_detector.core.camera_capture:connect:80 - 正在连接摄像头（索引: 0）...
2025-11-04 09:00:39 | [32mINFO[0m | yolo_detector.core.camera_capture:connect:106 - 摄像头连接成功（索引: 0）
2025-11-04 09:00:39 | [32mINFO[0m | yolo_detector.core.camera_capture:_capture_loop:262 - 开始摄像头采集循环
2025-11-04 09:00:39 | [32mINFO[0m | yolo_detector.core.camera_capture:_start_capture_thread:237 - 摄像头采集线程已启动
2025-11-04 09:00:39 | [32mINFO[0m | yolo_detector.ui.gradio_app:connect_camera:81 - 摄像头连接成功
2025-11-04 09:00:41 | [32mINFO[0m | yolo_detector.core.camera_capture:disconnect:127 - 正在断开摄像头连接...
2025-11-04 09:00:41 | [32mINFO[0m | yolo_detector.core.camera_capture:_capture_loop:317 - 摄像头采集循环结束，总共采集 52 帧
2025-11-04 09:00:41 | [32mINFO[0m | yolo_detector.core.camera_capture:_stop_capture_thread:252 - 摄像头采集线程已停止
2025-11-04 09:00:41 | [32mINFO[0m | yolo_detector.core.camera_capture:disconnect:136 - 摄像头已断开连接
2025-11-04 09:00:41 | [32mINFO[0m | yolo_detector.ui.gradio_app:disconnect_camera:106 - 摄像头已断开
2025-11-04 09:00:41 | [32mINFO[0m | yolo_detector.core.camera_capture:__init__:66 - 摄像头采集器初始化完成，摄像头索引: 0
2025-11-04 09:00:41 | [32mINFO[0m | yolo_detector.core.camera_capture:connect:80 - 正在连接摄像头（索引: 0）...
2025-11-04 09:00:42 | [32mINFO[0m | yolo_detector.core.camera_capture:connect:106 - 摄像头连接成功（索引: 0）
2025-11-04 09:00:42 | [32mINFO[0m | yolo_detector.core.camera_capture:_capture_loop:262 - 开始摄像头采集循环
2025-11-04 09:00:42 | [32mINFO[0m | yolo_detector.core.camera_capture:_start_capture_thread:237 - 摄像头采集线程已启动
2025-11-04 09:00:42 | [32mINFO[0m | yolo_detector.ui.gradio_app:connect_camera:81 - 摄像头连接成功
2025-11-04 09:00:44 | [32mINFO[0m | yolo_detector.core.camera_capture:disconnect:127 - 正在断开摄像头连接...
2025-11-04 09:00:44 | [32mINFO[0m | yolo_detector.core.camera_capture:_capture_loop:317 - 摄像头采集循环结束，总共采集 43 帧
2025-11-04 09:00:44 | [32mINFO[0m | yolo_detector.core.camera_capture:_stop_capture_thread:252 - 摄像头采集线程已停止
2025-11-04 09:00:44 | [32mINFO[0m | yolo_detector.core.camera_capture:disconnect:136 - 摄像头已断开连接
2025-11-04 09:00:44 | [32mINFO[0m | yolo_detector.ui.gradio_app:disconnect_camera:106 - 摄像头已断开
2025-11-04 09:00:44 | [32mINFO[0m | yolo_detector.core.camera_capture:__init__:66 - 摄像头采集器初始化完成，摄像头索引: 0
2025-11-04 09:00:44 | [32mINFO[0m | yolo_detector.core.camera_capture:connect:80 - 正在连接摄像头（索引: 0）...
2025-11-04 09:00:45 | [32mINFO[0m | yolo_detector.core.camera_capture:connect:106 - 摄像头连接成功（索引: 0）
2025-11-04 09:00:45 | [32mINFO[0m | yolo_detector.core.camera_capture:_capture_loop:262 - 开始摄像头采集循环
2025-11-04 09:00:45 | [32mINFO[0m | yolo_detector.core.camera_capture:_start_capture_thread:237 - 摄像头采集线程已启动
2025-11-04 09:00:45 | [32mINFO[0m | yolo_detector.ui.gradio_app:connect_camera:81 - 摄像头连接成功
2025-11-04 09:00:47 | [32mINFO[0m | yolo_detector.ui.gradio_app:start_detection:183 - 原始图片已保存: outputs\tool_pose\raw_images\raw_20251104_090047.jpg
2025-11-04 09:00:47 | [32mINFO[0m | yolo_detector.ui.gradio_app:start_detection:189 - 开始执行检测...
2025-11-04 09:00:47 | [32mINFO[0m | yolo_detector.ui.gradio_app:start_detection:216 - 结果图片已保存: outputs\tool_pose\result_images\result_20251104_090047.jpg
2025-11-04 09:00:47 | [32mINFO[0m | yolo_detector.ui.gradio_app:start_detection:234 - JSON数据已保存: outputs\tool_pose\json_results\result_20251104_090047.json
2025-11-04 09:00:47 | [32mINFO[0m | yolo_detector.ui.gradio_app:start_detection:249 - 检测完成
2025-11-04 09:00:49 | [32mINFO[0m | yolo_detector.ui.gradio_app:start_detection:183 - 原始图片已保存: outputs\tool_pose\raw_images\raw_20251104_090049.jpg
2025-11-04 09:00:49 | [32mINFO[0m | yolo_detector.ui.gradio_app:start_detection:189 - 开始执行检测...
2025-11-04 09:00:50 | [32mINFO[0m | yolo_detector.ui.gradio_app:start_detection:216 - 结果图片已保存: outputs\tool_pose\result_images\result_20251104_090049.jpg
2025-11-04 09:00:50 | [32mINFO[0m | yolo_detector.ui.gradio_app:start_detection:234 - JSON数据已保存: outputs\tool_pose\json_results\result_20251104_090049.json
2025-11-04 09:00:50 | [32mINFO[0m | yolo_detector.ui.gradio_app:start_detection:249 - 检测完成
2025-11-04 09:00:53 | [32mINFO[0m | yolo_detector.ui.gradio_app:start_detection:183 - 原始图片已保存: outputs\tool_pose\raw_images\raw_20251104_090053.jpg
2025-11-04 09:00:53 | [32mINFO[0m | yolo_detector.ui.gradio_app:start_detection:189 - 开始执行检测...
2025-11-04 09:00:54 | [32mINFO[0m | yolo_detector.ui.gradio_app:start_detection:216 - 结果图片已保存: outputs\tool_pose\result_images\result_20251104_090053.jpg
2025-11-04 09:00:54 | [32mINFO[0m | yolo_detector.ui.gradio_app:start_detection:234 - JSON数据已保存: outputs\tool_pose\json_results\result_20251104_090053.json
2025-11-04 09:00:54 | [32mINFO[0m | yolo_detector.ui.gradio_app:start_detection:249 - 检测完成
2025-11-04 09:00:55 | [32mINFO[0m | yolo_detector.ui.gradio_app:start_detection:183 - 原始图片已保存: outputs\tool_pose\raw_images\raw_20251104_090055.jpg
2025-11-04 09:00:55 | [32mINFO[0m | yolo_detector.ui.gradio_app:start_detection:189 - 开始执行检测...
2025-11-04 09:00:56 | [32mINFO[0m | yolo_detector.ui.gradio_app:start_detection:216 - 结果图片已保存: outputs\tool_pose\result_images\result_20251104_090055.jpg
2025-11-04 09:00:56 | [32mINFO[0m | yolo_detector.ui.gradio_app:start_detection:234 - JSON数据已保存: outputs\tool_pose\json_results\result_20251104_090055.json
2025-11-04 09:00:56 | [32mINFO[0m | yolo_detector.ui.gradio_app:start_detection:249 - 检测完成
2025-11-04 09:00:58 | [32mINFO[0m | yolo_detector.ui.gradio_app:start_detection:183 - 原始图片已保存: outputs\tool_pose\raw_images\raw_20251104_090058.jpg
2025-11-04 09:00:58 | [32mINFO[0m | yolo_detector.ui.gradio_app:start_detection:189 - 开始执行检测...
2025-11-04 09:00:58 | [32mINFO[0m | yolo_detector.ui.gradio_app:start_detection:216 - 结果图片已保存: outputs\tool_pose\result_images\result_20251104_090058.jpg
2025-11-04 09:00:58 | [32mINFO[0m | yolo_detector.ui.gradio_app:start_detection:234 - JSON数据已保存: outputs\tool_pose\json_results\result_20251104_090058.json
2025-11-04 09:00:58 | [32mINFO[0m | yolo_detector.ui.gradio_app:start_detection:249 - 检测完成
2025-11-04 09:00:59 | [32mINFO[0m | yolo_detector.ui.gradio_app:start_detection:183 - 原始图片已保存: outputs\tool_pose\raw_images\raw_20251104_090059.jpg
2025-11-04 09:00:59 | [32mINFO[0m | yolo_detector.ui.gradio_app:start_detection:189 - 开始执行检测...
2025-11-04 09:01:00 | [32mINFO[0m | yolo_detector.ui.gradio_app:start_detection:216 - 结果图片已保存: outputs\tool_pose\result_images\result_20251104_090059.jpg
2025-11-04 09:01:00 | [32mINFO[0m | yolo_detector.ui.gradio_app:start_detection:234 - JSON数据已保存: outputs\tool_pose\json_results\result_20251104_090059.json
2025-11-04 09:01:00 | [32mINFO[0m | yolo_detector.ui.gradio_app:start_detection:249 - 检测完成
2025-11-04 09:01:03 | [32mINFO[0m | yolo_detector.ui.gradio_app:start_detection:183 - 原始图片已保存: outputs\tool_pose\raw_images\raw_20251104_090103.jpg
2025-11-04 09:01:03 | [32mINFO[0m | yolo_detector.ui.gradio_app:start_detection:189 - 开始执行检测...
2025-11-04 09:01:03 | [32mINFO[0m | yolo_detector.ui.gradio_app:start_detection:216 - 结果图片已保存: outputs\tool_pose\result_images\result_20251104_090103.jpg
2025-11-04 09:01:03 | [32mINFO[0m | yolo_detector.ui.gradio_app:start_detection:234 - JSON数据已保存: outputs\tool_pose\json_results\result_20251104_090103.json
2025-11-04 09:01:03 | [32mINFO[0m | yolo_detector.ui.gradio_app:start_detection:249 - 检测完成
2025-11-04 09:01:05 | [32mINFO[0m | yolo_detector.ui.gradio_app:start_detection:183 - 原始图片已保存: outputs\tool_pose\raw_images\raw_20251104_090105.jpg
2025-11-04 09:01:05 | [32mINFO[0m | yolo_detector.ui.gradio_app:start_detection:189 - 开始执行检测...
2025-11-04 09:01:05 | [32mINFO[0m | yolo_detector.ui.gradio_app:start_detection:216 - 结果图片已保存: outputs\tool_pose\result_images\result_20251104_090105.jpg
2025-11-04 09:01:05 | [32mINFO[0m | yolo_detector.ui.gradio_app:start_detection:234 - JSON数据已保存: outputs\tool_pose\json_results\result_20251104_090105.json
2025-11-04 09:01:05 | [32mINFO[0m | yolo_detector.ui.gradio_app:start_detection:249 - 检测完成
2025-11-04 09:01:07 | [32mINFO[0m | yolo_detector.ui.gradio_app:start_detection:183 - 原始图片已保存: outputs\tool_pose\raw_images\raw_20251104_090107.jpg
2025-11-04 09:01:07 | [32mINFO[0m | yolo_detector.ui.gradio_app:start_detection:189 - 开始执行检测...
2025-11-04 09:01:07 | [32mINFO[0m | yolo_detector.ui.gradio_app:start_detection:216 - 结果图片已保存: outputs\tool_pose\result_images\result_20251104_090107.jpg
2025-11-04 09:01:07 | [32mINFO[0m | yolo_detector.ui.gradio_app:start_detection:234 - JSON数据已保存: outputs\tool_pose\json_results\result_20251104_090107.json
2025-11-04 09:01:07 | [32mINFO[0m | yolo_detector.ui.gradio_app:start_detection:249 - 检测完成
2025-11-04 09:01:09 | [32mINFO[0m | yolo_detector.ui.gradio_app:start_detection:183 - 原始图片已保存: outputs\tool_pose\raw_images\raw_20251104_090109.jpg
2025-11-04 09:01:09 | [32mINFO[0m | yolo_detector.ui.gradio_app:start_detection:189 - 开始执行检测...
2025-11-04 09:01:09 | [32mINFO[0m | yolo_detector.ui.gradio_app:start_detection:216 - 结果图片已保存: outputs\tool_pose\result_images\result_20251104_090109.jpg
2025-11-04 09:01:09 | [32mINFO[0m | yolo_detector.ui.gradio_app:start_detection:234 - JSON数据已保存: outputs\tool_pose\json_results\result_20251104_090109.json
2025-11-04 09:01:09 | [32mINFO[0m | yolo_detector.ui.gradio_app:start_detection:249 - 检测完成
2025-11-04 09:01:12 | [32mINFO[0m | yolo_detector.ui.gradio_app:start_detection:183 - 原始图片已保存: outputs\tool_pose\raw_images\raw_20251104_090112.jpg
2025-11-04 09:01:12 | [32mINFO[0m | yolo_detector.ui.gradio_app:start_detection:189 - 开始执行检测...
2025-11-04 09:01:12 | [32mINFO[0m | yolo_detector.ui.gradio_app:start_detection:216 - 结果图片已保存: outputs\tool_pose\result_images\result_20251104_090112.jpg
2025-11-04 09:01:12 | [32mINFO[0m | yolo_detector.ui.gradio_app:start_detection:234 - JSON数据已保存: outputs\tool_pose\json_results\result_20251104_090112.json
2025-11-04 09:01:12 | [32mINFO[0m | yolo_detector.ui.gradio_app:start_detection:249 - 检测完成
2025-11-04 09:34:03 | [31mERROR[0m | yolo_detector.core.camera_capture:_capture_loop:294 - 连续 10 次读取帧失败，停止采集
2025-11-04 09:34:03 | [32mINFO[0m | yolo_detector.core.camera_capture:_capture_loop:317 - 摄像头采集循环结束，总共采集 55478 帧
2025-11-04 15:41:38 | [32mINFO[0m | yolo_detector.core.camera_capture:disconnect:127 - 正在断开摄像头连接...
2025-11-04 15:41:38 | [32mINFO[0m | yolo_detector.core.camera_capture:disconnect:136 - 摄像头已断开连接
2025-11-04 15:41:50 | [32mINFO[0m | __main__:setup_environment:35 - 环境设置完成
2025-11-04 15:41:50 | [32mINFO[0m | __main__:run_web_interface:65 - 启动工具关键点检测Web界面...
2025-11-04 15:41:50 | [32mINFO[0m | yolo_detector.utils.tool_pose_utils:__init__:86 - 工具关键点检测器初始化完成，配置文件: D:\00deeplearn\yolo11\gradio_tool\src\yolo_detector\config\tool_pose_config.yaml
2025-11-04 15:41:50 | [32mINFO[0m | yolo_detector.utils.tool_pose_angle_calculator:load_angle_config:53 - 角度配置文件加载成功: D:\00deeplearn\yolo11\gradio_tool\src\yolo_detector\config\tool_pose_config.yaml
2025-11-04 15:41:50 | [32mINFO[0m | yolo_detector.utils.tool_pose_utils:_load_angle_config:125 - 角度配置文件加载完成: D:\00deeplearn\yolo11\gradio_tool\src\yolo_detector\config\tool_pose_config.yaml
2025-11-04 15:41:50 | [32mINFO[0m | yolo_detector.ui.gradio_app:__init__:62 - 工具关键点检测应用初始化完成，输出目录: outputs\tool_pose
2025-11-04 15:41:50 | [32mINFO[0m | yolo_detector.ui.gradio_app:create_interface:512 - Gradio界面创建完成
2025-11-04 15:41:50 | [32mINFO[0m | httpx:_send_single_request:1025 - HTTP Request: GET http://127.0.0.1:7861/gradio_api/startup-events "HTTP/1.1 200 OK"
2025-11-04 15:41:50 | [32mINFO[0m | httpx:_send_single_request:1025 - HTTP Request: HEAD http://127.0.0.1:7861/ "HTTP/1.1 200 OK"
2025-11-04 15:41:51 | [32mINFO[0m | httpx:_send_single_request:1025 - HTTP Request: GET https://api.gradio.app/pkg-version "HTTP/1.1 200 OK"
2025-11-04 15:43:17 | [32mINFO[0m | yolo_detector.core.camera_capture:__init__:66 - 摄像头采集器初始化完成，摄像头索引: 0
2025-11-04 15:43:17 | [32mINFO[0m | yolo_detector.core.camera_capture:connect:80 - 正在连接摄像头（索引: 0）...
2025-11-04 15:43:18 | [32mINFO[0m | yolo_detector.core.camera_capture:connect:106 - 摄像头连接成功（索引: 0）
2025-11-04 15:43:18 | [32mINFO[0m | yolo_detector.core.camera_capture:_capture_loop:262 - 开始摄像头采集循环
2025-11-04 15:43:18 | [32mINFO[0m | yolo_detector.core.camera_capture:_start_capture_thread:237 - 摄像头采集线程已启动
2025-11-04 15:43:18 | [32mINFO[0m | yolo_detector.ui.gradio_app:connect_camera:81 - 摄像头连接成功
2025-11-04 15:44:02 | [32mINFO[0m | yolo_detector.core.camera_capture:disconnect:127 - 正在断开摄像头连接...
2025-11-04 15:44:02 | [32mINFO[0m | yolo_detector.core.camera_capture:_capture_loop:317 - 摄像头采集循环结束，总共采集 1324 帧
2025-11-04 15:44:02 | [32mINFO[0m | yolo_detector.core.camera_capture:_stop_capture_thread:252 - 摄像头采集线程已停止
2025-11-04 15:44:02 | [32mINFO[0m | yolo_detector.core.camera_capture:disconnect:136 - 摄像头已断开连接
2025-11-04 15:44:02 | [32mINFO[0m | yolo_detector.ui.gradio_app:disconnect_camera:106 - 摄像头已断开
2025-11-04 16:57:36 | [32mINFO[0m | __main__:setup_environment:35 - 环境设置完成
2025-11-04 16:57:36 | [32mINFO[0m | __main__:run_web_interface:65 - 启动工具关键点检测Web界面...
2025-11-04 16:57:36 | [32mINFO[0m | yolo_detector.utils.tool_pose_utils:__init__:86 - 工具关键点检测器初始化完成，配置文件: D:\00deeplearn\yolo11\gradio_tool\src\yolo_detector\config\tool_pose_config.yaml
2025-11-04 16:57:36 | [32mINFO[0m | yolo_detector.utils.tool_pose_angle_calculator:load_angle_config:53 - 角度配置文件加载成功: D:\00deeplearn\yolo11\gradio_tool\src\yolo_detector\config\tool_pose_config.yaml
2025-11-04 16:57:36 | [32mINFO[0m | yolo_detector.utils.tool_pose_utils:_load_angle_config:125 - 角度配置文件加载完成: D:\00deeplearn\yolo11\gradio_tool\src\yolo_detector\config\tool_pose_config.yaml
2025-11-04 16:57:36 | [32mINFO[0m | yolo_detector.ui.gradio_app:__init__:64 - 工具关键点检测应用初始化完成，输出目录: outputs\tool_pose
2025-11-04 16:57:36 | [32mINFO[0m | yolo_detector.ui.gradio_app:create_interface:630 - Gradio界面创建完成
2025-11-04 16:57:36 | [32mINFO[0m | httpx:_send_single_request:1025 - HTTP Request: GET http://127.0.0.1:7861/gradio_api/startup-events "HTTP/1.1 200 OK"
2025-11-04 16:57:36 | [32mINFO[0m | httpx:_send_single_request:1025 - HTTP Request: HEAD http://127.0.0.1:7861/ "HTTP/1.1 200 OK"
2025-11-04 16:57:59 | [32mINFO[0m | yolo_detector.ui.gradio_app:connect_camera:94 - 连接本机摄像头（索引: 0）
2025-11-04 16:57:59 | [32mINFO[0m | yolo_detector.core.camera_capture:__init__:98 - 摄像头采集器初始化完成，类型: local, 索引: 0
2025-11-04 16:57:59 | [32mINFO[0m | yolo_detector.core.camera_capture:_connect_local:129 - 正在连接本机摄像头（索引: 0）...
2025-11-04 16:58:00 | [32mINFO[0m | yolo_detector.core.camera_capture:_connect_local:156 - 本机摄像头连接成功（索引: 0）
2025-11-04 16:58:00 | [32mINFO[0m | yolo_detector.core.camera_capture:_capture_loop:425 - 开始摄像头采集循环（OpenCV方式）
2025-11-04 16:58:00 | [32mINFO[0m | yolo_detector.core.camera_capture:_start_capture_thread:400 - 摄像头采集线程已启动
2025-11-04 16:58:00 | [32mINFO[0m | yolo_detector.ui.gradio_app:connect_camera:124 - 摄像头连接成功: 本机摄像头连接成功（索引: 0）
2025-11-04 16:58:06 | [32mINFO[0m | yolo_detector.core.camera_capture:disconnect:274 - 正在断开摄像头连接...
2025-11-04 16:58:06 | [32mINFO[0m | yolo_detector.core.camera_capture:_capture_loop:480 - 摄像头采集循环结束，总共采集 180 帧
2025-11-04 16:58:06 | [32mINFO[0m | yolo_detector.core.camera_capture:_stop_capture_thread:415 - 摄像头采集线程已停止
2025-11-04 16:58:06 | [32mINFO[0m | yolo_detector.core.camera_capture:disconnect:288 - 摄像头已断开连接
2025-11-04 16:58:06 | [32mINFO[0m | yolo_detector.ui.gradio_app:disconnect_camera:149 - 摄像头已断开
2025-11-04 16:58:06 | [32mINFO[0m | yolo_detector.ui.gradio_app:connect_camera:106 - 连接 Axis 摄像头（IP: 192.168.39.253）
2025-11-04 16:58:06 | [32mINFO[0m | yolo_detector.core.camera_capture:__init__:98 - 摄像头采集器初始化完成，类型: axis, 索引: 0
2025-11-04 16:58:06 | [32mINFO[0m | yolo_detector.core.camera_capture:_connect_axis:170 - 正在连接 Axis 摄像头（IP: 192.168.39.253）...
2025-11-04 16:58:29 | [32mINFO[0m | yolo_detector.core.camera_capture:disconnect:274 - 正在断开摄像头连接...
2025-11-04 16:58:29 | [32mINFO[0m | yolo_detector.core.camera_capture:disconnect:288 - 摄像头已断开连接
2025-11-04 16:58:29 | [32mINFO[0m | yolo_detector.ui.gradio_app:disconnect_camera:149 - 摄像头已断开
2025-11-04 16:59:40 | [32mINFO[0m | __main__:setup_environment:35 - 环境设置完成
2025-11-04 16:59:40 | [32mINFO[0m | __main__:run_web_interface:65 - 启动工具关键点检测Web界面...
2025-11-04 16:59:40 | [32mINFO[0m | yolo_detector.utils.tool_pose_utils:__init__:86 - 工具关键点检测器初始化完成，配置文件: D:\00deeplearn\yolo11\gradio_tool\src\yolo_detector\config\tool_pose_config.yaml
2025-11-04 16:59:40 | [32mINFO[0m | yolo_detector.utils.tool_pose_angle_calculator:load_angle_config:53 - 角度配置文件加载成功: D:\00deeplearn\yolo11\gradio_tool\src\yolo_detector\config\tool_pose_config.yaml
2025-11-04 16:59:40 | [32mINFO[0m | yolo_detector.utils.tool_pose_utils:_load_angle_config:125 - 角度配置文件加载完成: D:\00deeplearn\yolo11\gradio_tool\src\yolo_detector\config\tool_pose_config.yaml
2025-11-04 16:59:40 | [32mINFO[0m | yolo_detector.ui.gradio_app:__init__:64 - 工具关键点检测应用初始化完成，输出目录: outputs\tool_pose
2025-11-04 16:59:40 | [32mINFO[0m | yolo_detector.ui.gradio_app:create_interface:630 - Gradio界面创建完成
2025-11-04 16:59:40 | [32mINFO[0m | httpx:_send_single_request:1025 - HTTP Request: GET http://127.0.0.1:7861/gradio_api/startup-events "HTTP/1.1 200 OK"
2025-11-04 16:59:40 | [32mINFO[0m | httpx:_send_single_request:1025 - HTTP Request: HEAD http://127.0.0.1:7861/ "HTTP/1.1 200 OK"
2025-11-04 16:59:52 | [32mINFO[0m | httpx:_send_single_request:1025 - HTTP Request: GET https://api.gradio.app/pkg-version "HTTP/1.1 200 OK"
2025-11-04 16:59:53 | [32mINFO[0m | yolo_detector.ui.gradio_app:connect_camera:94 - 连接本机摄像头（索引: 0）
2025-11-04 16:59:53 | [32mINFO[0m | yolo_detector.core.camera_capture:__init__:98 - 摄像头采集器初始化完成，类型: local, 索引: 0
2025-11-04 16:59:53 | [32mINFO[0m | yolo_detector.core.camera_capture:_connect_local:129 - 正在连接本机摄像头（索引: 0）...
2025-11-04 16:59:54 | [32mINFO[0m | yolo_detector.core.camera_capture:_connect_local:156 - 本机摄像头连接成功（索引: 0）
2025-11-04 16:59:54 | [32mINFO[0m | yolo_detector.core.camera_capture:_capture_loop:425 - 开始摄像头采集循环（OpenCV方式）
2025-11-04 16:59:54 | [32mINFO[0m | yolo_detector.core.camera_capture:_start_capture_thread:400 - 摄像头采集线程已启动
2025-11-04 16:59:54 | [32mINFO[0m | yolo_detector.ui.gradio_app:connect_camera:124 - 摄像头连接成功: 本机摄像头连接成功（索引: 0）
2025-11-04 17:00:10 | [32mINFO[0m | yolo_detector.core.camera_capture:disconnect:274 - 正在断开摄像头连接...
2025-11-04 17:00:10 | [32mINFO[0m | yolo_detector.core.camera_capture:_capture_loop:480 - 摄像头采集循环结束，总共采集 479 帧
2025-11-04 17:00:10 | [32mINFO[0m | yolo_detector.core.camera_capture:_stop_capture_thread:415 - 摄像头采集线程已停止
2025-11-04 17:00:10 | [32mINFO[0m | yolo_detector.core.camera_capture:disconnect:288 - 摄像头已断开连接
2025-11-04 17:00:10 | [32mINFO[0m | yolo_detector.ui.gradio_app:disconnect_camera:149 - 摄像头已断开
2025-11-04 17:00:14 | [32mINFO[0m | yolo_detector.ui.gradio_app:connect_camera:94 - 连接本机摄像头（索引: 0）
2025-11-04 17:00:14 | [32mINFO[0m | yolo_detector.core.camera_capture:__init__:98 - 摄像头采集器初始化完成，类型: local, 索引: 0
2025-11-04 17:00:14 | [32mINFO[0m | yolo_detector.core.camera_capture:_connect_local:129 - 正在连接本机摄像头（索引: 0）...
2025-11-04 17:00:15 | [32mINFO[0m | yolo_detector.core.camera_capture:_connect_local:156 - 本机摄像头连接成功（索引: 0）
2025-11-04 17:00:15 | [32mINFO[0m | yolo_detector.core.camera_capture:_capture_loop:425 - 开始摄像头采集循环（OpenCV方式）
2025-11-04 17:00:15 | [32mINFO[0m | yolo_detector.core.camera_capture:_start_capture_thread:400 - 摄像头采集线程已启动
2025-11-04 17:00:15 | [32mINFO[0m | yolo_detector.ui.gradio_app:connect_camera:124 - 摄像头连接成功: 本机摄像头连接成功（索引: 0）
2025-11-04 17:00:36 | [32mINFO[0m | yolo_detector.core.camera_capture:disconnect:274 - 正在断开摄像头连接...
2025-11-04 17:00:36 | [32mINFO[0m | yolo_detector.core.camera_capture:_capture_loop:480 - 摄像头采集循环结束，总共采集 633 帧
2025-11-04 17:00:36 | [32mINFO[0m | yolo_detector.core.camera_capture:_stop_capture_thread:415 - 摄像头采集线程已停止
2025-11-04 17:00:36 | [32mINFO[0m | yolo_detector.core.camera_capture:disconnect:288 - 摄像头已断开连接
2025-11-04 17:00:36 | [32mINFO[0m | yolo_detector.ui.gradio_app:disconnect_camera:149 - 摄像头已断开
2025-11-04 17:01:21 | [32mINFO[0m | yolo_detector.ui.gradio_app:connect_camera:106 - 连接 Axis 摄像头（IP: 192.168.39.253）
2025-11-04 17:01:21 | [32mINFO[0m | yolo_detector.core.camera_capture:__init__:98 - 摄像头采集器初始化完成，类型: axis, 索引: 0
2025-11-04 17:01:21 | [32mINFO[0m | yolo_detector.core.camera_capture:_connect_axis:170 - 正在连接 Axis 摄像头（IP: 192.168.39.253）...
2025-11-04 17:03:49 | [33mWARNING[0m | yolo_detector.core.camera_capture:_connect_axis:179 - OpenCV 连接失败: OpenCV 无法打开 MJPEG 流，尝试手动解析方式...
2025-11-04 17:03:59 | [31mERROR[0m | yolo_detector.core.camera_capture:_connect_axis_manual:260 - 手动解析连接失败: HTTPConnectionPool(host='192.168.39.253', port=80): Max retries exceeded with url: /axis-cgi/mjpg/video.cgi (Caused by ConnectTimeoutError(<urllib3.connection.HTTPConnection object at 0x000002F735B9A0B0>, 'Connection to 192.168.39.253 timed out. (connect timeout=10)'))
2025-11-04 17:03:59 | [31mERROR[0m | yolo_detector.core.camera_capture:_connect_axis:189 - Axis 摄像头连接失败（OpenCV 和手动解析都失败）
2025-11-04 17:03:59 | [31mERROR[0m | yolo_detector.ui.gradio_app:connect_camera:128 - 摄像头连接失败: Axis 摄像头连接失败（OpenCV 和手动解析都失败）
2025-11-04 17:07:31 | [32mINFO[0m | yolo_detector.core.camera_capture:disconnect:274 - 正在断开摄像头连接...
2025-11-04 17:07:31 | [32mINFO[0m | yolo_detector.core.camera_capture:disconnect:288 - 摄像头已断开连接
2025-11-04 17:07:54 | [32mINFO[0m | __main__:setup_environment:35 - 环境设置完成
2025-11-04 17:07:55 | [32mINFO[0m | __main__:run_web_interface:65 - 启动工具关键点检测Web界面...
2025-11-04 17:07:55 | [32mINFO[0m | yolo_detector.utils.tool_pose_utils:__init__:86 - 工具关键点检测器初始化完成，配置文件: D:\00deeplearn\yolo11\gradio_tool\src\yolo_detector\config\tool_pose_config.yaml
2025-11-04 17:07:55 | [32mINFO[0m | yolo_detector.utils.tool_pose_angle_calculator:load_angle_config:53 - 角度配置文件加载成功: D:\00deeplearn\yolo11\gradio_tool\src\yolo_detector\config\tool_pose_config.yaml
2025-11-04 17:07:55 | [32mINFO[0m | yolo_detector.utils.tool_pose_utils:_load_angle_config:125 - 角度配置文件加载完成: D:\00deeplearn\yolo11\gradio_tool\src\yolo_detector\config\tool_pose_config.yaml
2025-11-04 17:07:55 | [32mINFO[0m | yolo_detector.ui.gradio_app:__init__:64 - 工具关键点检测应用初始化完成，输出目录: outputs\tool_pose
2025-11-04 17:07:55 | [32mINFO[0m | yolo_detector.ui.gradio_app:create_interface:630 - Gradio界面创建完成
2025-11-04 17:07:55 | [32mINFO[0m | httpx:_send_single_request:1025 - HTTP Request: GET http://127.0.0.1:7861/gradio_api/startup-events "HTTP/1.1 200 OK"
2025-11-04 17:07:55 | [32mINFO[0m | httpx:_send_single_request:1025 - HTTP Request: HEAD http://127.0.0.1:7861/ "HTTP/1.1 200 OK"
2025-11-04 17:08:06 | [32mINFO[0m | yolo_detector.ui.gradio_app:connect_camera:106 - 连接 Axis 摄像头（IP: 192.168.39.253）
2025-11-04 17:08:06 | [32mINFO[0m | yolo_detector.core.camera_capture:__init__:98 - 摄像头采集器初始化完成，类型: axis, 索引: 0
2025-11-04 17:08:06 | [32mINFO[0m | yolo_detector.core.camera_capture:_connect_axis:170 - 正在连接 Axis 摄像头（IP: 192.168.39.253）...
2025-11-04 17:08:07 | [32mINFO[0m | httpx:_send_single_request:1025 - HTTP Request: GET https://api.gradio.app/pkg-version "HTTP/1.1 200 OK"
2025-11-04 17:10:34 | [33mWARNING[0m | yolo_detector.core.camera_capture:_connect_axis:179 - OpenCV 连接失败: OpenCV 无法打开 MJPEG 流，尝试手动解析方式...
2025-11-04 17:10:44 | [31mERROR[0m | yolo_detector.core.camera_capture:_connect_axis_manual:260 - 手动解析连接失败: HTTPConnectionPool(host='192.168.39.253', port=80): Max retries exceeded with url: /axis-cgi/mjpg/video.cgi (Caused by ConnectTimeoutError(<urllib3.connection.HTTPConnection object at 0x000002DF73CF9B40>, 'Connection to 192.168.39.253 timed out. (connect timeout=10)'))
2025-11-04 17:10:44 | [31mERROR[0m | yolo_detector.core.camera_capture:_connect_axis:189 - Axis 摄像头连接失败（OpenCV 和手动解析都失败）
2025-11-04 17:10:44 | [31mERROR[0m | yolo_detector.ui.gradio_app:connect_camera:128 - 摄像头连接失败: Axis 摄像头连接失败（OpenCV 和手动解析都失败）
2025-11-04 17:18:02 | [32mINFO[0m | yolo_detector.core.camera_capture:disconnect:274 - 正在断开摄像头连接...
2025-11-04 17:18:02 | [32mINFO[0m | yolo_detector.core.camera_capture:disconnect:288 - 摄像头已断开连接
2025-11-04 17:18:09 | [32mINFO[0m | __main__:setup_environment:35 - 环境设置完成
2025-11-04 17:18:09 | [32mINFO[0m | __main__:run_web_interface:65 - 启动工具关键点检测Web界面...
2025-11-04 17:18:10 | [32mINFO[0m | yolo_detector.utils.tool_pose_utils:__init__:86 - 工具关键点检测器初始化完成，配置文件: D:\00deeplearn\yolo11\gradio_tool\src\yolo_detector\config\tool_pose_config.yaml
2025-11-04 17:18:10 | [32mINFO[0m | yolo_detector.utils.tool_pose_angle_calculator:load_angle_config:53 - 角度配置文件加载成功: D:\00deeplearn\yolo11\gradio_tool\src\yolo_detector\config\tool_pose_config.yaml
2025-11-04 17:18:10 | [32mINFO[0m | yolo_detector.utils.tool_pose_utils:_load_angle_config:125 - 角度配置文件加载完成: D:\00deeplearn\yolo11\gradio_tool\src\yolo_detector\config\tool_pose_config.yaml
2025-11-04 17:18:10 | [32mINFO[0m | yolo_detector.ui.gradio_app:__init__:64 - 工具关键点检测应用初始化完成，输出目录: outputs\tool_pose
2025-11-04 17:18:10 | [32mINFO[0m | yolo_detector.ui.gradio_app:create_interface:630 - Gradio界面创建完成
2025-11-04 17:18:10 | [32mINFO[0m | httpx:_send_single_request:1025 - HTTP Request: GET http://127.0.0.1:7861/gradio_api/startup-events "HTTP/1.1 200 OK"
2025-11-04 17:18:10 | [32mINFO[0m | httpx:_send_single_request:1025 - HTTP Request: HEAD http://127.0.0.1:7861/ "HTTP/1.1 200 OK"
2025-11-04 17:18:11 | [32mINFO[0m | httpx:_send_single_request:1025 - HTTP Request: GET https://api.gradio.app/pkg-version "HTTP/1.1 200 OK"
2025-11-04 17:18:43 | [32mINFO[0m | yolo_detector.ui.gradio_app:connect_camera:94 - 连接本机摄像头（索引: 0）
2025-11-04 17:18:43 | [32mINFO[0m | yolo_detector.core.camera_capture:__init__:98 - 摄像头采集器初始化完成，类型: local, 索引: 0
2025-11-04 17:18:43 | [32mINFO[0m | yolo_detector.core.camera_capture:_connect_local:129 - 正在连接本机摄像头（索引: 0）...
2025-11-04 17:18:44 | [32mINFO[0m | yolo_detector.core.camera_capture:_connect_local:156 - 本机摄像头连接成功（索引: 0）
2025-11-04 17:18:44 | [32mINFO[0m | yolo_detector.core.camera_capture:_capture_loop:642 - 开始摄像头采集循环（OpenCV方式）
2025-11-04 17:18:44 | [32mINFO[0m | yolo_detector.core.camera_capture:_start_capture_thread:617 - 摄像头采集线程已启动
2025-11-04 17:18:44 | [32mINFO[0m | yolo_detector.ui.gradio_app:connect_camera:124 - 摄像头连接成功: 本机摄像头连接成功（索引: 0）
2025-11-04 17:18:48 | [32mINFO[0m | yolo_detector.core.camera_capture:disconnect:335 - 正在断开摄像头连接...
2025-11-04 17:18:48 | [32mINFO[0m | yolo_detector.core.camera_capture:_capture_loop:697 - 摄像头采集循环结束，总共采集 114 帧
2025-11-04 17:18:48 | [32mINFO[0m | yolo_detector.core.camera_capture:_stop_capture_thread:632 - 摄像头采集线程已停止
2025-11-04 17:18:48 | [32mINFO[0m | yolo_detector.core.camera_capture:disconnect:349 - 摄像头已断开连接
2025-11-04 17:18:48 | [32mINFO[0m | yolo_detector.ui.gradio_app:disconnect_camera:149 - 摄像头已断开
2025-11-04 17:18:56 | [32mINFO[0m | yolo_detector.ui.gradio_app:connect_camera:106 - 连接 Axis 摄像头（IP: 192.168.39.253）
2025-11-04 17:18:56 | [32mINFO[0m | yolo_detector.core.camera_capture:__init__:98 - 摄像头采集器初始化完成，类型: axis, 索引: 0
2025-11-04 17:18:56 | [32mINFO[0m | yolo_detector.core.camera_capture:_connect_axis:170 - 正在连接 Axis 摄像头（IP: 192.168.39.253）...
2025-11-04 17:18:56 | [32mINFO[0m | yolo_detector.core.camera_capture:_connect_axis_opencv:212 - 尝试 OpenCV URL 格式 1/6: http://192.168.39.253/axis-cgi/mjpg/video.cgi?resolution=640x480&fps=25
2025-11-04 17:20:10 | [33mWARNING[0m | yolo_detector.core.camera_capture:_connect_axis_opencv:230 - URL 格式 1 失败，尝试下一个...
2025-11-04 17:20:10 | [32mINFO[0m | yolo_detector.core.camera_capture:_connect_axis_opencv:212 - 尝试 OpenCV URL 格式 2/6: http://192.168.39.253/axis-cgi/mjpg/video.cgi
2025-11-04 17:21:23 | [33mWARNING[0m | yolo_detector.core.camera_capture:_connect_axis_opencv:230 - URL 格式 2 失败，尝试下一个...
2025-11-04 17:21:23 | [32mINFO[0m | yolo_detector.core.camera_capture:_connect_axis_opencv:212 - 尝试 OpenCV URL 格式 3/6: http://192.168.39.253/mjpg/video.mjpg
2025-11-04 17:22:37 | [33mWARNING[0m | yolo_detector.core.camera_capture:_connect_axis_opencv:230 - URL 格式 3 失败，尝试下一个...
2025-11-04 17:22:37 | [32mINFO[0m | yolo_detector.core.camera_capture:_connect_axis_opencv:212 - 尝试 OpenCV URL 格式 4/6: http://192.168.39.253/mjpg/video.cgi
2025-11-04 17:23:51 | [33mWARNING[0m | yolo_detector.core.camera_capture:_connect_axis_opencv:230 - URL 格式 4 失败，尝试下一个...
2025-11-04 17:23:51 | [32mINFO[0m | yolo_detector.core.camera_capture:_connect_axis_opencv:212 - 尝试 OpenCV URL 格式 5/6: http://***:***@192.168.39.253/axis-cgi/mjpg/video.cgi?resolution=640x480&fps=25
2025-11-04 17:25:05 | [33mWARNING[0m | yolo_detector.core.camera_capture:_connect_axis_opencv:230 - URL 格式 5 失败，尝试下一个...
2025-11-04 17:25:05 | [32mINFO[0m | yolo_detector.core.camera_capture:_connect_axis_opencv:212 - 尝试 OpenCV URL 格式 6/6: http://***:***@192.168.39.253/axis-cgi/mjpg/video.cgi
2025-11-04 17:26:18 | [33mWARNING[0m | yolo_detector.core.camera_capture:_connect_axis_opencv:230 - URL 格式 6 失败，尝试下一个...
2025-11-04 17:26:18 | [33mWARNING[0m | yolo_detector.core.camera_capture:_connect_axis:179 - OpenCV 连接失败: 所有 OpenCV URL 格式都尝试失败，尝试手动解析方式...
2025-11-04 17:26:18 | [32mINFO[0m | yolo_detector.core.camera_capture:_connect_axis_manual:284 - 尝试手动解析 URL 1/5: http://***.***.***.***/axis-cgi/mjpg/video.cgi?resolution=640x480&fps=25
2025-11-04 17:26:28 | [33mWARNING[0m | yolo_detector.core.camera_capture:_connect_axis_manual:313 -   Digest Auth (root) 失败: HTTPConnectionPool(host='192.168.39.253', port=80): Max retries exceeded with url: /axis-cgi/mjpg/video.cgi?resolution=640x480&fps=25 (Caused by ConnectTimeoutError(<urllib3.connection.HTTPConnection object at 0x000001FD20721B40>, 'Connection to 192.168.39.253 timed out. (connect timeout=10)'))
2025-11-04 17:26:38 | [33mWARNING[0m | yolo_detector.core.camera_capture:_connect_axis_manual:313 -   Basic Auth (root) 失败: HTTPConnectionPool(host='192.168.39.253', port=80): Max retries exceeded with url: /axis-cgi/mjpg/video.cgi?resolution=640x480&fps=25 (Caused by ConnectTimeoutError(<urllib3.connection.HTTPConnection object at 0x000001FD20722530>, 'Connection to 192.168.39.253 timed out. (connect timeout=10)'))
2025-11-04 17:26:48 | [33mWARNING[0m | yolo_detector.core.camera_capture:_connect_axis_manual:313 -   No Auth (Anonymous) 失败: HTTPConnectionPool(host='192.168.39.253', port=80): Max retries exceeded with url: /axis-cgi/mjpg/video.cgi?resolution=640x480&fps=25 (Caused by ConnectTimeoutError(<urllib3.connection.HTTPConnection object at 0x000001FD20722530>, 'Connection to 192.168.39.253 timed out. (connect timeout=10)'))
2025-11-04 17:26:48 | [33mWARNING[0m | yolo_detector.core.camera_capture:_connect_axis_manual:319 - URL 格式 1 所有认证方式都失败，尝试下一个...
2025-11-04 17:26:48 | [32mINFO[0m | yolo_detector.core.camera_capture:_connect_axis_manual:284 - 尝试手动解析 URL 2/5: http://***.***.***.***/axis-cgi/mjpg/video.cgi?fps=25
2025-11-04 17:26:58 | [33mWARNING[0m | yolo_detector.core.camera_capture:_connect_axis_manual:313 -   Digest Auth (root) 失败: HTTPConnectionPool(host='192.168.39.253', port=80): Max retries exceeded with url: /axis-cgi/mjpg/video.cgi?fps=25 (Caused by ConnectTimeoutError(<urllib3.connection.HTTPConnection object at 0x000001FD20721DB0>, 'Connection to 192.168.39.253 timed out. (connect timeout=10)'))
2025-11-04 17:27:09 | [33mWARNING[0m | yolo_detector.core.camera_capture:_connect_axis_manual:313 -   Basic Auth (root) 失败: HTTPConnectionPool(host='192.168.39.253', port=80): Max retries exceeded with url: /axis-cgi/mjpg/video.cgi?fps=25 (Caused by ConnectTimeoutError(<urllib3.connection.HTTPConnection object at 0x000001FD20722BF0>, 'Connection to 192.168.39.253 timed out. (connect timeout=10)'))
2025-11-04 17:27:19 | [33mWARNING[0m | yolo_detector.core.camera_capture:_connect_axis_manual:313 -   No Auth (Anonymous) 失败: HTTPConnectionPool(host='192.168.39.253', port=80): Max retries exceeded with url: /axis-cgi/mjpg/video.cgi?fps=25 (Caused by ConnectTimeoutError(<urllib3.connection.HTTPConnection object at 0x000001FD20723430>, 'Connection to 192.168.39.253 timed out. (connect timeout=10)'))
2025-11-04 17:27:19 | [33mWARNING[0m | yolo_detector.core.camera_capture:_connect_axis_manual:319 - URL 格式 2 所有认证方式都失败，尝试下一个...
2025-11-04 17:27:19 | [32mINFO[0m | yolo_detector.core.camera_capture:_connect_axis_manual:284 - 尝试手动解析 URL 3/5: http://***.***.***.***/axis-cgi/mjpg/video.cgi
2025-11-04 17:27:29 | [33mWARNING[0m | yolo_detector.core.camera_capture:_connect_axis_manual:313 -   Digest Auth (root) 失败: HTTPConnectionPool(host='192.168.39.253', port=80): Max retries exceeded with url: /axis-cgi/mjpg/video.cgi (Caused by ConnectTimeoutError(<urllib3.connection.HTTPConnection object at 0x000001FD20723CD0>, 'Connection to 192.168.39.253 timed out. (connect timeout=10)'))
2025-11-04 17:27:39 | [33mWARNING[0m | yolo_detector.core.camera_capture:_connect_axis_manual:313 -   Basic Auth (root) 失败: HTTPConnectionPool(host='192.168.39.253', port=80): Max retries exceeded with url: /axis-cgi/mjpg/video.cgi (Caused by ConnectTimeoutError(<urllib3.connection.HTTPConnection object at 0x000001FD20723D30>, 'Connection to 192.168.39.253 timed out. (connect timeout=10)'))
2025-11-04 17:27:49 | [33mWARNING[0m | yolo_detector.core.camera_capture:_connect_axis_manual:313 -   No Auth (Anonymous) 失败: HTTPConnectionPool(host='192.168.39.253', port=80): Max retries exceeded with url: /axis-cgi/mjpg/video.cgi (Caused by ConnectTimeoutError(<urllib3.connection.HTTPConnection object at 0x000001FD207233D0>, 'Connection to 192.168.39.253 timed out. (connect timeout=10)'))
2025-11-04 17:27:49 | [33mWARNING[0m | yolo_detector.core.camera_capture:_connect_axis_manual:319 - URL 格式 3 所有认证方式都失败，尝试下一个...
2025-11-04 17:27:49 | [32mINFO[0m | yolo_detector.core.camera_capture:_connect_axis_manual:284 - 尝试手动解析 URL 4/5: http://***.***.***.***/mjpg/video.mjpg
2025-11-04 17:27:59 | [33mWARNING[0m | yolo_detector.core.camera_capture:_connect_axis_manual:313 -   Digest Auth (root) 失败: HTTPConnectionPool(host='192.168.39.253', port=80): Max retries exceeded with url: /mjpg/video.mjpg (Caused by ConnectTimeoutError(<urllib3.connection.HTTPConnection object at 0x000001FD20722CB0>, 'Connection to 192.168.39.253 timed out. (connect timeout=10)'))
2025-11-04 17:28:09 | [33mWARNING[0m | yolo_detector.core.camera_capture:_connect_axis_manual:313 -   Basic Auth (root) 失败: HTTPConnectionPool(host='192.168.39.253', port=80): Max retries exceeded with url: /mjpg/video.mjpg (Caused by ConnectTimeoutError(<urllib3.connection.HTTPConnection object at 0x000001FD20721270>, 'Connection to 192.168.39.253 timed out. (connect timeout=10)'))
2025-11-04 17:28:19 | [33mWARNING[0m | yolo_detector.core.camera_capture:_connect_axis_manual:313 -   No Auth (Anonymous) 失败: HTTPConnectionPool(host='192.168.39.253', port=80): Max retries exceeded with url: /mjpg/video.mjpg (Caused by ConnectTimeoutError(<urllib3.connection.HTTPConnection object at 0x000001FD20722650>, 'Connection to 192.168.39.253 timed out. (connect timeout=10)'))
2025-11-04 17:28:19 | [33mWARNING[0m | yolo_detector.core.camera_capture:_connect_axis_manual:319 - URL 格式 4 所有认证方式都失败，尝试下一个...
2025-11-04 17:28:19 | [32mINFO[0m | yolo_detector.core.camera_capture:_connect_axis_manual:284 - 尝试手动解析 URL 5/5: http://***.***.***.***/mjpg/video.cgi
2025-11-04 17:28:29 | [33mWARNING[0m | yolo_detector.core.camera_capture:_connect_axis_manual:313 -   Digest Auth (root) 失败: HTTPConnectionPool(host='192.168.39.253', port=80): Max retries exceeded with url: /mjpg/video.cgi (Caused by ConnectTimeoutError(<urllib3.connection.HTTPConnection object at 0x000001FD20721CC0>, 'Connection to 192.168.39.253 timed out. (connect timeout=10)'))
2025-11-04 17:28:39 | [33mWARNING[0m | yolo_detector.core.camera_capture:_connect_axis_manual:313 -   Basic Auth (root) 失败: HTTPConnectionPool(host='192.168.39.253', port=80): Max retries exceeded with url: /mjpg/video.cgi (Caused by ConnectTimeoutError(<urllib3.connection.HTTPConnection object at 0x000001FD207228C0>, 'Connection to 192.168.39.253 timed out. (connect timeout=10)'))
2025-11-04 17:28:49 | [33mWARNING[0m | yolo_detector.core.camera_capture:_connect_axis_manual:313 -   No Auth (Anonymous) 失败: HTTPConnectionPool(host='192.168.39.253', port=80): Max retries exceeded with url: /mjpg/video.cgi (Caused by ConnectTimeoutError(<urllib3.connection.HTTPConnection object at 0x000001FD20723370>, 'Connection to 192.168.39.253 timed out. (connect timeout=10)'))
2025-11-04 17:28:49 | [33mWARNING[0m | yolo_detector.core.camera_capture:_connect_axis_manual:319 - URL 格式 5 所有认证方式都失败，尝试下一个...
2025-11-04 17:28:49 | [31mERROR[0m | yolo_detector.core.camera_capture:_connect_axis:189 - Axis 摄像头连接失败（OpenCV 和手动解析都失败）
2025-11-04 17:28:49 | [31mERROR[0m | yolo_detector.ui.gradio_app:connect_camera:128 - 摄像头连接失败: Axis 摄像头连接失败（OpenCV 和手动解析都失败）
2025-11-05 08:53:25 | [32mINFO[0m | yolo_detector.core.camera_capture:disconnect:335 - 正在断开摄像头连接...
2025-11-05 08:53:25 | [32mINFO[0m | yolo_detector.core.camera_capture:disconnect:349 - 摄像头已断开连接
2025-11-05 08:54:10 | [32mINFO[0m | __main__:setup_environment:35 - 环境设置完成
2025-11-05 08:54:10 | [32mINFO[0m | __main__:run_web_interface:65 - 启动工具关键点检测Web界面...
2025-11-05 08:54:10 | [32mINFO[0m | yolo_detector.utils.tool_pose_utils:__init__:86 - 工具关键点检测器初始化完成，配置文件: D:\00deeplearn\yolo11\gradio_tool\src\yolo_detector\config\tool_pose_config.yaml
2025-11-05 08:54:10 | [32mINFO[0m | yolo_detector.utils.tool_pose_angle_calculator:load_angle_config:53 - 角度配置文件加载成功: D:\00deeplearn\yolo11\gradio_tool\src\yolo_detector\config\tool_pose_config.yaml
2025-11-05 08:54:10 | [32mINFO[0m | yolo_detector.utils.tool_pose_utils:_load_angle_config:125 - 角度配置文件加载完成: D:\00deeplearn\yolo11\gradio_tool\src\yolo_detector\config\tool_pose_config.yaml
2025-11-05 08:54:10 | [32mINFO[0m | yolo_detector.ui.gradio_app:__init__:64 - 工具关键点检测应用初始化完成，输出目录: outputs\tool_pose
2025-11-05 08:54:10 | [32mINFO[0m | yolo_detector.ui.gradio_app:create_interface:630 - Gradio界面创建完成
2025-11-05 08:54:10 | [32mINFO[0m | httpx:_send_single_request:1025 - HTTP Request: GET http://127.0.0.1:7861/gradio_api/startup-events "HTTP/1.1 200 OK"
2025-11-05 08:54:10 | [32mINFO[0m | httpx:_send_single_request:1025 - HTTP Request: HEAD http://127.0.0.1:7861/ "HTTP/1.1 200 OK"
2025-11-05 08:54:43 | [32mINFO[0m | yolo_detector.ui.gradio_app:connect_camera:106 - 连接 Axis 摄像头（IP: 192.22.39.253）
2025-11-05 08:54:43 | [32mINFO[0m | yolo_detector.core.camera_capture:__init__:98 - 摄像头采集器初始化完成，类型: axis, 索引: 0
2025-11-05 08:54:43 | [32mINFO[0m | yolo_detector.core.camera_capture:_connect_axis:170 - 正在连接 Axis 摄像头（IP: 192.22.39.253）...
2025-11-05 08:54:43 | [32mINFO[0m | yolo_detector.core.camera_capture:_connect_axis_opencv:212 - 尝试 OpenCV URL 格式 1/6: http://192.22.39.253/axis-cgi/mjpg/video.cgi?resolution=640x480&fps=25
2025-11-05 08:54:43 | [32mINFO[0m | yolo_detector.core.camera_capture:_connect_axis_opencv:222 - OpenCV 连接成功，使用 URL 格式 1
2025-11-05 08:54:43 | [32mINFO[0m | yolo_detector.core.camera_capture:_connect_axis_opencv:223 - 图像尺寸: 640x480, 通道数: 3
2025-11-05 08:54:43 | [32mINFO[0m | yolo_detector.core.camera_capture:_capture_loop:642 - 开始摄像头采集循环（OpenCV方式）
2025-11-05 08:54:43 | [32mINFO[0m | yolo_detector.core.camera_capture:_start_capture_thread:617 - 摄像头采集线程已启动
2025-11-05 08:54:43 | [32mINFO[0m | yolo_detector.core.camera_capture:_connect_axis:176 - Axis 摄像头通过 OpenCV 连接成功: OpenCV 连接成功（URL格式 1）
2025-11-05 08:54:43 | [32mINFO[0m | yolo_detector.ui.gradio_app:connect_camera:124 - 摄像头连接成功: Axis 摄像头连接成功（OpenCV方式）: OpenCV 连接成功（URL格式 1）
2025-11-05 08:54:55 | [32mINFO[0m | yolo_detector.core.camera_capture:disconnect:335 - 正在断开摄像头连接...
2025-11-05 08:54:56 | [32mINFO[0m | yolo_detector.core.camera_capture:_capture_loop:697 - 摄像头采集循环结束，总共采集 318 帧
2025-11-05 08:54:56 | [32mINFO[0m | yolo_detector.core.camera_capture:_stop_capture_thread:632 - 摄像头采集线程已停止
2025-11-05 08:54:56 | [32mINFO[0m | yolo_detector.core.camera_capture:disconnect:349 - 摄像头已断开连接
2025-11-05 08:54:56 | [32mINFO[0m | yolo_detector.ui.gradio_app:disconnect_camera:149 - 摄像头已断开
2025-11-05 08:54:56 | [32mINFO[0m | yolo_detector.ui.gradio_app:connect_camera:106 - 连接 Axis 摄像头（IP: 192.22.39.253）
2025-11-05 08:54:56 | [32mINFO[0m | yolo_detector.core.camera_capture:__init__:98 - 摄像头采集器初始化完成，类型: axis, 索引: 0
2025-11-05 08:54:56 | [32mINFO[0m | yolo_detector.core.camera_capture:_connect_axis:170 - 正在连接 Axis 摄像头（IP: 192.22.39.253）...
2025-11-05 08:54:56 | [32mINFO[0m | yolo_detector.core.camera_capture:_connect_axis_opencv:212 - 尝试 OpenCV URL 格式 1/6: http://192.22.39.253/axis-cgi/mjpg/video.cgi?resolution=640x480&fps=25
2025-11-05 08:54:56 | [32mINFO[0m | yolo_detector.core.camera_capture:_connect_axis_opencv:222 - OpenCV 连接成功，使用 URL 格式 1
2025-11-05 08:54:56 | [32mINFO[0m | yolo_detector.core.camera_capture:_connect_axis_opencv:223 - 图像尺寸: 640x480, 通道数: 3
2025-11-05 08:54:56 | [32mINFO[0m | yolo_detector.core.camera_capture:_capture_loop:642 - 开始摄像头采集循环（OpenCV方式）
2025-11-05 08:54:56 | [32mINFO[0m | yolo_detector.core.camera_capture:_start_capture_thread:617 - 摄像头采集线程已启动
2025-11-05 08:54:56 | [32mINFO[0m | yolo_detector.core.camera_capture:_connect_axis:176 - Axis 摄像头通过 OpenCV 连接成功: OpenCV 连接成功（URL格式 1）
2025-11-05 08:54:56 | [32mINFO[0m | yolo_detector.ui.gradio_app:connect_camera:124 - 摄像头连接成功: Axis 摄像头连接成功（OpenCV方式）: OpenCV 连接成功（URL格式 1）
2025-11-05 08:54:57 | [32mINFO[0m | yolo_detector.core.camera_capture:disconnect:335 - 正在断开摄像头连接...
2025-11-05 08:54:57 | [32mINFO[0m | yolo_detector.core.camera_capture:_capture_loop:697 - 摄像头采集循环结束，总共采集 24 帧
2025-11-05 08:54:57 | [32mINFO[0m | yolo_detector.core.camera_capture:_stop_capture_thread:632 - 摄像头采集线程已停止
2025-11-05 08:54:57 | [32mINFO[0m | yolo_detector.core.camera_capture:disconnect:349 - 摄像头已断开连接
2025-11-05 08:54:57 | [32mINFO[0m | yolo_detector.ui.gradio_app:disconnect_camera:149 - 摄像头已断开
2025-11-05 08:54:57 | [32mINFO[0m | yolo_detector.ui.gradio_app:connect_camera:106 - 连接 Axis 摄像头（IP: 192.22.39.253）
2025-11-05 08:54:57 | [32mINFO[0m | yolo_detector.core.camera_capture:__init__:98 - 摄像头采集器初始化完成，类型: axis, 索引: 0
2025-11-05 08:54:57 | [32mINFO[0m | yolo_detector.core.camera_capture:_connect_axis:170 - 正在连接 Axis 摄像头（IP: 192.22.39.253）...
2025-11-05 08:54:57 | [32mINFO[0m | yolo_detector.core.camera_capture:_connect_axis_opencv:212 - 尝试 OpenCV URL 格式 1/6: http://192.22.39.253/axis-cgi/mjpg/video.cgi?resolution=640x480&fps=25
2025-11-05 08:54:57 | [32mINFO[0m | yolo_detector.core.camera_capture:_connect_axis_opencv:222 - OpenCV 连接成功，使用 URL 格式 1
2025-11-05 08:54:57 | [32mINFO[0m | yolo_detector.core.camera_capture:_connect_axis_opencv:223 - 图像尺寸: 640x480, 通道数: 3
2025-11-05 08:54:57 | [32mINFO[0m | yolo_detector.core.camera_capture:_capture_loop:642 - 开始摄像头采集循环（OpenCV方式）
2025-11-05 08:54:57 | [32mINFO[0m | yolo_detector.core.camera_capture:_start_capture_thread:617 - 摄像头采集线程已启动
2025-11-05 08:54:57 | [32mINFO[0m | yolo_detector.core.camera_capture:_connect_axis:176 - Axis 摄像头通过 OpenCV 连接成功: OpenCV 连接成功（URL格式 1）
2025-11-05 08:54:57 | [32mINFO[0m | yolo_detector.ui.gradio_app:connect_camera:124 - 摄像头连接成功: Axis 摄像头连接成功（OpenCV方式）: OpenCV 连接成功（URL格式 1）
2025-11-05 08:54:59 | [32mINFO[0m | yolo_detector.core.camera_capture:disconnect:335 - 正在断开摄像头连接...
2025-11-05 08:54:59 | [32mINFO[0m | yolo_detector.core.camera_capture:_capture_loop:697 - 摄像头采集循环结束，总共采集 50 帧
2025-11-05 08:54:59 | [32mINFO[0m | yolo_detector.core.camera_capture:_stop_capture_thread:632 - 摄像头采集线程已停止
2025-11-05 08:54:59 | [32mINFO[0m | yolo_detector.core.camera_capture:disconnect:349 - 摄像头已断开连接
2025-11-05 08:54:59 | [32mINFO[0m | yolo_detector.ui.gradio_app:disconnect_camera:149 - 摄像头已断开
2025-11-05 08:54:59 | [32mINFO[0m | yolo_detector.ui.gradio_app:connect_camera:106 - 连接 Axis 摄像头（IP: 192.22.39.253）
2025-11-05 08:54:59 | [32mINFO[0m | yolo_detector.core.camera_capture:__init__:98 - 摄像头采集器初始化完成，类型: axis, 索引: 0
2025-11-05 08:54:59 | [32mINFO[0m | yolo_detector.core.camera_capture:_connect_axis:170 - 正在连接 Axis 摄像头（IP: 192.22.39.253）...
2025-11-05 08:54:59 | [32mINFO[0m | yolo_detector.core.camera_capture:_connect_axis_opencv:212 - 尝试 OpenCV URL 格式 1/6: http://192.22.39.253/axis-cgi/mjpg/video.cgi?resolution=640x480&fps=25
2025-11-05 08:54:59 | [32mINFO[0m | yolo_detector.core.camera_capture:_connect_axis_opencv:222 - OpenCV 连接成功，使用 URL 格式 1
2025-11-05 08:54:59 | [32mINFO[0m | yolo_detector.core.camera_capture:_connect_axis_opencv:223 - 图像尺寸: 640x480, 通道数: 3
2025-11-05 08:54:59 | [32mINFO[0m | yolo_detector.core.camera_capture:_capture_loop:642 - 开始摄像头采集循环（OpenCV方式）
2025-11-05 08:54:59 | [32mINFO[0m | yolo_detector.core.camera_capture:_start_capture_thread:617 - 摄像头采集线程已启动
2025-11-05 08:54:59 | [32mINFO[0m | yolo_detector.core.camera_capture:_connect_axis:176 - Axis 摄像头通过 OpenCV 连接成功: OpenCV 连接成功（URL格式 1）
2025-11-05 08:54:59 | [32mINFO[0m | yolo_detector.ui.gradio_app:connect_camera:124 - 摄像头连接成功: Axis 摄像头连接成功（OpenCV方式）: OpenCV 连接成功（URL格式 1）
2025-11-05 08:55:00 | [32mINFO[0m | yolo_detector.core.camera_capture:disconnect:335 - 正在断开摄像头连接...
2025-11-05 08:55:00 | [32mINFO[0m | yolo_detector.core.camera_capture:_capture_loop:697 - 摄像头采集循环结束，总共采集 18 帧
2025-11-05 08:55:00 | [32mINFO[0m | yolo_detector.core.camera_capture:_stop_capture_thread:632 - 摄像头采集线程已停止
2025-11-05 08:55:00 | [32mINFO[0m | yolo_detector.core.camera_capture:disconnect:349 - 摄像头已断开连接
2025-11-05 08:55:00 | [32mINFO[0m | yolo_detector.ui.gradio_app:disconnect_camera:149 - 摄像头已断开
2025-11-05 08:55:00 | [32mINFO[0m | yolo_detector.ui.gradio_app:connect_camera:106 - 连接 Axis 摄像头（IP: 192.22.39.253）
2025-11-05 08:55:00 | [32mINFO[0m | yolo_detector.core.camera_capture:__init__:98 - 摄像头采集器初始化完成，类型: axis, 索引: 0
2025-11-05 08:55:00 | [32mINFO[0m | yolo_detector.core.camera_capture:_connect_axis:170 - 正在连接 Axis 摄像头（IP: 192.22.39.253）...
2025-11-05 08:55:00 | [32mINFO[0m | yolo_detector.core.camera_capture:_connect_axis_opencv:212 - 尝试 OpenCV URL 格式 1/6: http://192.22.39.253/axis-cgi/mjpg/video.cgi?resolution=640x480&fps=25
2025-11-05 08:55:00 | [32mINFO[0m | yolo_detector.core.camera_capture:_connect_axis_opencv:222 - OpenCV 连接成功，使用 URL 格式 1
2025-11-05 08:55:00 | [32mINFO[0m | yolo_detector.core.camera_capture:_connect_axis_opencv:223 - 图像尺寸: 640x480, 通道数: 3
2025-11-05 08:55:00 | [32mINFO[0m | yolo_detector.core.camera_capture:_capture_loop:642 - 开始摄像头采集循环（OpenCV方式）
2025-11-05 08:55:00 | [32mINFO[0m | yolo_detector.core.camera_capture:_start_capture_thread:617 - 摄像头采集线程已启动
2025-11-05 08:55:00 | [32mINFO[0m | yolo_detector.core.camera_capture:_connect_axis:176 - Axis 摄像头通过 OpenCV 连接成功: OpenCV 连接成功（URL格式 1）
2025-11-05 08:55:00 | [32mINFO[0m | yolo_detector.ui.gradio_app:connect_camera:124 - 摄像头连接成功: Axis 摄像头连接成功（OpenCV方式）: OpenCV 连接成功（URL格式 1）
2025-11-05 08:55:11 | [32mINFO[0m | yolo_detector.core.camera_capture:disconnect:335 - 正在断开摄像头连接...
2025-11-05 08:55:11 | [32mINFO[0m | yolo_detector.core.camera_capture:_capture_loop:697 - 摄像头采集循环结束，总共采集 293 帧
2025-11-05 08:55:11 | [32mINFO[0m | yolo_detector.core.camera_capture:_stop_capture_thread:632 - 摄像头采集线程已停止
2025-11-05 08:55:11 | [32mINFO[0m | yolo_detector.core.camera_capture:disconnect:349 - 摄像头已断开连接
2025-11-05 08:55:11 | [32mINFO[0m | yolo_detector.ui.gradio_app:disconnect_camera:149 - 摄像头已断开
2025-11-05 08:55:15 | [32mINFO[0m | yolo_detector.ui.gradio_app:connect_camera:106 - 连接 Axis 摄像头（IP: 192.22.39.253）
2025-11-05 08:55:15 | [32mINFO[0m | yolo_detector.core.camera_capture:__init__:98 - 摄像头采集器初始化完成，类型: axis, 索引: 0
2025-11-05 08:55:15 | [32mINFO[0m | yolo_detector.core.camera_capture:_connect_axis:170 - 正在连接 Axis 摄像头（IP: 192.22.39.253）...
2025-11-05 08:55:15 | [32mINFO[0m | yolo_detector.core.camera_capture:_connect_axis_opencv:212 - 尝试 OpenCV URL 格式 1/6: http://192.22.39.253/axis-cgi/mjpg/video.cgi?resolution=640x480&fps=25
2025-11-05 08:55:15 | [32mINFO[0m | yolo_detector.core.camera_capture:_connect_axis_opencv:222 - OpenCV 连接成功，使用 URL 格式 1
2025-11-05 08:55:15 | [32mINFO[0m | yolo_detector.core.camera_capture:_connect_axis_opencv:223 - 图像尺寸: 640x480, 通道数: 3
2025-11-05 08:55:15 | [32mINFO[0m | yolo_detector.core.camera_capture:_capture_loop:642 - 开始摄像头采集循环（OpenCV方式）
2025-11-05 08:55:15 | [32mINFO[0m | yolo_detector.core.camera_capture:_start_capture_thread:617 - 摄像头采集线程已启动
2025-11-05 08:55:15 | [32mINFO[0m | yolo_detector.core.camera_capture:_connect_axis:176 - Axis 摄像头通过 OpenCV 连接成功: OpenCV 连接成功（URL格式 1）
2025-11-05 08:55:15 | [32mINFO[0m | yolo_detector.ui.gradio_app:connect_camera:124 - 摄像头连接成功: Axis 摄像头连接成功（OpenCV方式）: OpenCV 连接成功（URL格式 1）
2025-11-05 08:57:09 | [32mINFO[0m | yolo_detector.ui.gradio_app:start_detection:226 - 原始图片已保存: outputs\tool_pose\raw_images\raw_20251105_085709.jpg
2025-11-05 08:57:09 | [32mINFO[0m | yolo_detector.ui.gradio_app:start_detection:232 - 开始执行检测...
2025-11-05 08:57:09 | [32mINFO[0m | yolo_detector.utils.tool_pose_utils:load_model:146 - 正在加载模型: D:\00deeplearn\yolo11\gradio_web_yolo\tool_pose\tools\train2\weights\best.pt
2025-11-05 08:57:09 | [32mINFO[0m | yolo_detector.core.tool_pose_model_loader:get_model:60 - 正在加载模型: D:\00deeplearn\yolo11\gradio_web_yolo\tool_pose\tools\train2\weights\best.pt
2025-11-05 08:57:09 | [32mINFO[0m | yolo_detector.core.tool_pose_model_loader:get_model:63 - 模型加载完成: D:\00deeplearn\yolo11\gradio_web_yolo\tool_pose\tools\train2\weights\best.pt
2025-11-05 08:57:09 | [32mINFO[0m | yolo_detector.utils.tool_pose_utils:load_model:152 - 模型加载完成
2025-11-05 08:57:14 | [32mINFO[0m | yolo_detector.ui.gradio_app:start_detection:259 - 结果图片已保存: outputs\tool_pose\result_images\result_20251105_085709.jpg
2025-11-05 08:57:14 | [32mINFO[0m | yolo_detector.ui.gradio_app:start_detection:277 - JSON数据已保存: outputs\tool_pose\json_results\result_20251105_085709.json
2025-11-05 08:57:14 | [32mINFO[0m | yolo_detector.ui.gradio_app:start_detection:292 - 检测完成
2025-11-05 09:24:38 | [32mINFO[0m | __main__:setup_environment:35 - 环境设置完成
2025-11-05 09:24:38 | [32mINFO[0m | __main__:run_web_interface:65 - 启动工具关键点检测Web界面...
2025-11-05 09:24:38 | [32mINFO[0m | yolo_detector.utils.tool_pose_utils:__init__:86 - 工具关键点检测器初始化完成，配置文件: D:\00deeplearn\yolo11\gradio_tool\src\yolo_detector\config\tool_pose_config.yaml
2025-11-05 09:24:38 | [32mINFO[0m | yolo_detector.utils.tool_pose_angle_calculator:load_angle_config:53 - 角度配置文件加载成功: D:\00deeplearn\yolo11\gradio_tool\src\yolo_detector\config\tool_pose_config.yaml
2025-11-05 09:24:38 | [32mINFO[0m | yolo_detector.utils.tool_pose_utils:_load_angle_config:125 - 角度配置文件加载完成: D:\00deeplearn\yolo11\gradio_tool\src\yolo_detector\config\tool_pose_config.yaml
2025-11-05 09:24:38 | [32mINFO[0m | yolo_detector.ui.gradio_app:__init__:64 - 工具关键点检测应用初始化完成，输出目录: outputs\tool_pose
2025-11-05 09:24:38 | [32mINFO[0m | yolo_detector.ui.gradio_app:create_interface:630 - Gradio界面创建完成
2025-11-05 09:24:38 | [32mINFO[0m | httpx:_send_single_request:1025 - HTTP Request: GET http://127.0.0.1:7861/gradio_api/startup-events "HTTP/1.1 200 OK"
2025-11-05 09:24:38 | [32mINFO[0m | httpx:_send_single_request:1025 - HTTP Request: HEAD http://127.0.0.1:7861/ "HTTP/1.1 200 OK"
2025-11-05 09:24:58 | [32mINFO[0m | yolo_detector.ui.gradio_app:connect_camera:106 - 连接 Axis 摄像头（IP: 192.22.39.253）
2025-11-05 09:24:58 | [32mINFO[0m | yolo_detector.core.camera_capture:__init__:92 - 摄像头采集器初始化完成，类型: axis, 索引: 0
2025-11-05 09:24:58 | [32mINFO[0m | yolo_detector.core.camera_capture:_connect_axis:164 - 正在连接 Axis 摄像头（IP: 192.22.39.253）...
2025-11-05 09:24:58 | [32mINFO[0m | yolo_detector.core.camera_capture:_connect_axis_opencv:191 - 正在连接 Axis MJPEG 流: http://***:***@192.22.39.253/axis-cgi/mjpg/video.cgi
2025-11-05 09:24:58 | [32mINFO[0m | yolo_detector.core.camera_capture:_connect_axis_opencv:212 - Axis 摄像头连接成功
2025-11-05 09:24:58 | [32mINFO[0m | yolo_detector.core.camera_capture:_connect_axis_opencv:213 - 图像尺寸: 1280x720, 通道数: 3
2025-11-05 09:24:58 | [32mINFO[0m | yolo_detector.core.camera_capture:_capture_loop:540 - 开始摄像头采集循环（OpenCV方式）
2025-11-05 09:24:58 | [32mINFO[0m | yolo_detector.core.camera_capture:_start_capture_thread:515 - 摄像头采集线程已启动
2025-11-05 09:24:58 | [32mINFO[0m | yolo_detector.core.camera_capture:_connect_axis:170 - Axis 摄像头连接成功: Axis 摄像头连接成功
2025-11-05 09:24:58 | [32mINFO[0m | yolo_detector.ui.gradio_app:connect_camera:124 - 摄像头连接成功: Axis 摄像头连接成功: Axis 摄像头连接成功
2025-11-05 09:25:12 | [32mINFO[0m | yolo_detector.core.camera_capture:disconnect:237 - 正在断开摄像头连接...
2025-11-05 09:25:12 | [32mINFO[0m | yolo_detector.core.camera_capture:_capture_loop:595 - 摄像头采集循环结束，总共采集 341 帧
2025-11-05 09:25:12 | [32mINFO[0m | yolo_detector.core.camera_capture:_stop_capture_thread:530 - 摄像头采集线程已停止
2025-11-05 09:25:12 | [32mINFO[0m | yolo_detector.core.camera_capture:disconnect:247 - 摄像头已断开连接
2025-11-05 09:25:12 | [32mINFO[0m | yolo_detector.ui.gradio_app:disconnect_camera:149 - 摄像头已断开
2025-11-05 09:25:14 | [32mINFO[0m | yolo_detector.ui.gradio_app:connect_camera:106 - 连接 Axis 摄像头（IP: 192.22.39.253）
2025-11-05 09:25:14 | [32mINFO[0m | yolo_detector.core.camera_capture:__init__:92 - 摄像头采集器初始化完成，类型: axis, 索引: 0
2025-11-05 09:25:14 | [32mINFO[0m | yolo_detector.core.camera_capture:_connect_axis:164 - 正在连接 Axis 摄像头（IP: 192.22.39.253）...
2025-11-05 09:25:14 | [32mINFO[0m | yolo_detector.core.camera_capture:_connect_axis_opencv:191 - 正在连接 Axis MJPEG 流: http://***:***@192.22.39.253/axis-cgi/mjpg/video.cgi
2025-11-05 09:25:14 | [32mINFO[0m | yolo_detector.core.camera_capture:_connect_axis_opencv:212 - Axis 摄像头连接成功
2025-11-05 09:25:14 | [32mINFO[0m | yolo_detector.core.camera_capture:_connect_axis_opencv:213 - 图像尺寸: 1280x720, 通道数: 3
2025-11-05 09:25:14 | [32mINFO[0m | yolo_detector.core.camera_capture:_capture_loop:540 - 开始摄像头采集循环（OpenCV方式）
2025-11-05 09:25:14 | [32mINFO[0m | yolo_detector.core.camera_capture:_start_capture_thread:515 - 摄像头采集线程已启动
2025-11-05 09:25:14 | [32mINFO[0m | yolo_detector.core.camera_capture:_connect_axis:170 - Axis 摄像头连接成功: Axis 摄像头连接成功
2025-11-05 09:25:14 | [32mINFO[0m | yolo_detector.ui.gradio_app:connect_camera:124 - 摄像头连接成功: Axis 摄像头连接成功: Axis 摄像头连接成功
2025-11-05 09:25:16 | [32mINFO[0m | yolo_detector.core.camera_capture:disconnect:237 - 正在断开摄像头连接...
2025-11-05 09:25:16 | [32mINFO[0m | yolo_detector.core.camera_capture:_capture_loop:595 - 摄像头采集循环结束，总共采集 43 帧
2025-11-05 09:25:16 | [32mINFO[0m | yolo_detector.core.camera_capture:_stop_capture_thread:530 - 摄像头采集线程已停止
2025-11-05 09:25:16 | [32mINFO[0m | yolo_detector.core.camera_capture:disconnect:247 - 摄像头已断开连接
2025-11-05 09:25:16 | [32mINFO[0m | yolo_detector.ui.gradio_app:disconnect_camera:149 - 摄像头已断开
2025-11-05 09:25:17 | [32mINFO[0m | yolo_detector.ui.gradio_app:connect_camera:106 - 连接 Axis 摄像头（IP: 192.22.39.253）
2025-11-05 09:25:17 | [32mINFO[0m | yolo_detector.core.camera_capture:__init__:92 - 摄像头采集器初始化完成，类型: axis, 索引: 0
2025-11-05 09:25:17 | [32mINFO[0m | yolo_detector.core.camera_capture:_connect_axis:164 - 正在连接 Axis 摄像头（IP: 192.22.39.253）...
2025-11-05 09:25:17 | [32mINFO[0m | yolo_detector.core.camera_capture:_connect_axis_opencv:191 - 正在连接 Axis MJPEG 流: http://***:***@192.22.39.253/axis-cgi/mjpg/video.cgi
2025-11-05 09:25:17 | [32mINFO[0m | yolo_detector.core.camera_capture:_connect_axis_opencv:212 - Axis 摄像头连接成功
2025-11-05 09:25:17 | [32mINFO[0m | yolo_detector.core.camera_capture:_connect_axis_opencv:213 - 图像尺寸: 1280x720, 通道数: 3
2025-11-05 09:25:17 | [32mINFO[0m | yolo_detector.core.camera_capture:_capture_loop:540 - 开始摄像头采集循环（OpenCV方式）
2025-11-05 09:25:17 | [32mINFO[0m | yolo_detector.core.camera_capture:_start_capture_thread:515 - 摄像头采集线程已启动
2025-11-05 09:25:17 | [32mINFO[0m | yolo_detector.core.camera_capture:_connect_axis:170 - Axis 摄像头连接成功: Axis 摄像头连接成功
2025-11-05 09:25:17 | [32mINFO[0m | yolo_detector.ui.gradio_app:connect_camera:124 - 摄像头连接成功: Axis 摄像头连接成功: Axis 摄像头连接成功
2025-11-05 09:25:38 | [32mINFO[0m | yolo_detector.core.camera_capture:disconnect:237 - 正在断开摄像头连接...
2025-11-05 09:25:38 | [32mINFO[0m | yolo_detector.core.camera_capture:_capture_loop:595 - 摄像头采集循环结束，总共采集 508 帧
2025-11-05 09:25:38 | [32mINFO[0m | yolo_detector.core.camera_capture:_stop_capture_thread:530 - 摄像头采集线程已停止
2025-11-05 09:25:38 | [32mINFO[0m | yolo_detector.core.camera_capture:disconnect:247 - 摄像头已断开连接
2025-11-05 09:25:38 | [32mINFO[0m | yolo_detector.ui.gradio_app:disconnect_camera:149 - 摄像头已断开
2025-11-05 09:25:38 | [32mINFO[0m | yolo_detector.ui.gradio_app:connect_camera:106 - 连接 Axis 摄像头（IP: 192.22.39.253）
2025-11-05 09:25:38 | [32mINFO[0m | yolo_detector.core.camera_capture:__init__:92 - 摄像头采集器初始化完成，类型: axis, 索引: 0
2025-11-05 09:25:38 | [32mINFO[0m | yolo_detector.core.camera_capture:_connect_axis:164 - 正在连接 Axis 摄像头（IP: 192.22.39.253）...
2025-11-05 09:25:38 | [32mINFO[0m | yolo_detector.core.camera_capture:_connect_axis_opencv:191 - 正在连接 Axis MJPEG 流: http://***:***@192.22.39.253/axis-cgi/mjpg/video.cgi
2025-11-05 09:25:38 | [32mINFO[0m | yolo_detector.core.camera_capture:_connect_axis_opencv:212 - Axis 摄像头连接成功
2025-11-05 09:25:38 | [32mINFO[0m | yolo_detector.core.camera_capture:_connect_axis_opencv:213 - 图像尺寸: 1280x720, 通道数: 3
2025-11-05 09:25:38 | [32mINFO[0m | yolo_detector.core.camera_capture:_capture_loop:540 - 开始摄像头采集循环（OpenCV方式）
2025-11-05 09:25:38 | [32mINFO[0m | yolo_detector.core.camera_capture:_start_capture_thread:515 - 摄像头采集线程已启动
2025-11-05 09:25:38 | [32mINFO[0m | yolo_detector.core.camera_capture:_connect_axis:170 - Axis 摄像头连接成功: Axis 摄像头连接成功
2025-11-05 09:25:38 | [32mINFO[0m | yolo_detector.ui.gradio_app:connect_camera:124 - 摄像头连接成功: Axis 摄像头连接成功: Axis 摄像头连接成功
2025-11-05 09:32:17 | [32mINFO[0m | yolo_detector.core.camera_capture:disconnect:237 - 正在断开摄像头连接...
2025-11-05 09:32:17 | [32mINFO[0m | yolo_detector.core.camera_capture:disconnect:247 - 摄像头已断开连接
2025-11-05 09:32:25 | [32mINFO[0m | __main__:setup_environment:35 - 环境设置完成
2025-11-05 09:32:25 | [32mINFO[0m | __main__:run_web_interface:65 - 启动工具关键点检测Web界面...
2025-11-05 09:32:25 | [32mINFO[0m | yolo_detector.utils.tool_pose_utils:__init__:86 - 工具关键点检测器初始化完成，配置文件: D:\00deeplearn\yolo11\gradio_tool\src\yolo_detector\config\tool_pose_config.yaml
2025-11-05 09:32:25 | [32mINFO[0m | yolo_detector.utils.tool_pose_angle_calculator:load_angle_config:53 - 角度配置文件加载成功: D:\00deeplearn\yolo11\gradio_tool\src\yolo_detector\config\tool_pose_config.yaml
2025-11-05 09:32:25 | [32mINFO[0m | yolo_detector.utils.tool_pose_utils:_load_angle_config:125 - 角度配置文件加载完成: D:\00deeplearn\yolo11\gradio_tool\src\yolo_detector\config\tool_pose_config.yaml
2025-11-05 09:32:25 | [32mINFO[0m | yolo_detector.ui.gradio_app:__init__:71 - 工具关键点检测应用初始化完成，输出目录: outputs\tool_pose
2025-11-05 09:32:25 | [32mINFO[0m | yolo_detector.ui.gradio_app:create_interface:740 - Gradio界面创建完成
2025-11-05 09:32:25 | [32mINFO[0m | httpx:_send_single_request:1025 - HTTP Request: GET http://127.0.0.1:7861/gradio_api/startup-events "HTTP/1.1 200 OK"
2025-11-05 09:32:25 | [32mINFO[0m | httpx:_send_single_request:1025 - HTTP Request: HEAD http://127.0.0.1:7861/ "HTTP/1.1 200 OK"
2025-11-05 09:32:41 | [32mINFO[0m | yolo_detector.ui.gradio_app:connect_camera:113 - 连接 Axis 摄像头（IP: 192.22.39.253）
2025-11-05 09:32:41 | [32mINFO[0m | yolo_detector.core.camera_capture:__init__:92 - 摄像头采集器初始化完成，类型: axis, 索引: 0
2025-11-05 09:32:41 | [32mINFO[0m | yolo_detector.core.camera_capture:_connect_axis:164 - 正在连接 Axis 摄像头（IP: 192.22.39.253）...
2025-11-05 09:32:41 | [32mINFO[0m | yolo_detector.core.camera_capture:_connect_axis_opencv:191 - 正在连接 Axis MJPEG 流: http://***:***@192.22.39.253/axis-cgi/mjpg/video.cgi
2025-11-05 09:32:41 | [32mINFO[0m | yolo_detector.core.camera_capture:_connect_axis_opencv:212 - Axis 摄像头连接成功
2025-11-05 09:32:41 | [32mINFO[0m | yolo_detector.core.camera_capture:_connect_axis_opencv:213 - 图像尺寸: 1280x720, 通道数: 3
2025-11-05 09:32:41 | [32mINFO[0m | yolo_detector.core.camera_capture:_capture_loop:540 - 开始摄像头采集循环（OpenCV方式）
2025-11-05 09:32:41 | [32mINFO[0m | yolo_detector.core.camera_capture:_start_capture_thread:515 - 摄像头采集线程已启动
2025-11-05 09:32:41 | [32mINFO[0m | yolo_detector.core.camera_capture:_connect_axis:170 - Axis 摄像头连接成功: Axis 摄像头连接成功
2025-11-05 09:32:41 | [32mINFO[0m | yolo_detector.ui.gradio_app:connect_camera:131 - 摄像头连接成功: Axis 摄像头连接成功: Axis 摄像头连接成功
2025-11-05 09:32:43 | [32mINFO[0m | yolo_detector.ui.gradio_app:toggle_auto_refresh:206 - 自动刷新已开启
2025-11-05 09:32:49 | [32mINFO[0m | yolo_detector.ui.gradio_app:toggle_auto_refresh:209 - 自动刷新已关闭
2025-11-05 09:32:50 | [32mINFO[0m | yolo_detector.ui.gradio_app:toggle_auto_refresh:206 - 自动刷新已开启
2025-11-05 09:32:51 | [32mINFO[0m | yolo_detector.ui.gradio_app:toggle_auto_refresh:209 - 自动刷新已关闭
2025-11-05 09:32:52 | [32mINFO[0m | yolo_detector.ui.gradio_app:toggle_auto_refresh:206 - 自动刷新已开启
2025-11-05 09:32:54 | [32mINFO[0m | yolo_detector.ui.gradio_app:toggle_auto_refresh:209 - 自动刷新已关闭
2025-11-05 09:32:55 | [32mINFO[0m | yolo_detector.ui.gradio_app:toggle_auto_refresh:206 - 自动刷新已开启
2025-11-05 09:32:55 | [32mINFO[0m | yolo_detector.ui.gradio_app:toggle_auto_refresh:209 - 自动刷新已关闭
2025-11-05 09:32:56 | [32mINFO[0m | yolo_detector.ui.gradio_app:toggle_auto_refresh:206 - 自动刷新已开启
2025-11-05 09:32:56 | [32mINFO[0m | yolo_detector.ui.gradio_app:toggle_auto_refresh:209 - 自动刷新已关闭
2025-11-05 09:32:57 | [32mINFO[0m | yolo_detector.ui.gradio_app:toggle_auto_refresh:206 - 自动刷新已开启
2025-11-05 09:32:58 | [32mINFO[0m | yolo_detector.ui.gradio_app:toggle_auto_refresh:209 - 自动刷新已关闭
2025-11-05 09:32:59 | [32mINFO[0m | yolo_detector.ui.gradio_app:toggle_auto_refresh:206 - 自动刷新已开启
2025-11-05 09:33:02 | [32mINFO[0m | yolo_detector.ui.gradio_app:toggle_auto_refresh:209 - 自动刷新已关闭
2025-11-05 09:33:03 | [32mINFO[0m | yolo_detector.ui.gradio_app:toggle_auto_refresh:206 - 自动刷新已开启
2025-11-05 09:33:05 | [32mINFO[0m | yolo_detector.ui.gradio_app:toggle_auto_refresh:209 - 自动刷新已关闭
2025-11-05 09:33:06 | [32mINFO[0m | yolo_detector.ui.gradio_app:toggle_auto_refresh:206 - 自动刷新已开启
2025-11-05 09:33:08 | [32mINFO[0m | yolo_detector.ui.gradio_app:toggle_auto_refresh:209 - 自动刷新已关闭
2025-11-05 09:33:12 | [32mINFO[0m | yolo_detector.ui.gradio_app:toggle_auto_refresh:206 - 自动刷新已开启
2025-11-05 09:33:13 | [32mINFO[0m | yolo_detector.ui.gradio_app:toggle_auto_refresh:209 - 自动刷新已关闭
2025-11-05 09:33:14 | [32mINFO[0m | yolo_detector.ui.gradio_app:toggle_auto_refresh:206 - 自动刷新已开启
2025-11-05 09:33:15 | [32mINFO[0m | yolo_detector.ui.gradio_app:toggle_auto_refresh:209 - 自动刷新已关闭
2025-11-05 09:33:16 | [32mINFO[0m | yolo_detector.ui.gradio_app:toggle_auto_refresh:206 - 自动刷新已开启
2025-11-05 09:33:17 | [32mINFO[0m | yolo_detector.ui.gradio_app:toggle_auto_refresh:209 - 自动刷新已关闭
2025-11-05 09:33:19 | [32mINFO[0m | yolo_detector.ui.gradio_app:toggle_auto_refresh:206 - 自动刷新已开启
2025-11-05 09:34:18 | [32mINFO[0m | yolo_detector.core.camera_capture:disconnect:237 - 正在断开摄像头连接...
2025-11-05 09:34:18 | [32mINFO[0m | yolo_detector.core.camera_capture:disconnect:247 - 摄像头已断开连接
2025-11-05 09:39:44 | [32mINFO[0m | __main__:setup_environment:35 - 环境设置完成
2025-11-05 09:39:44 | [32mINFO[0m | __main__:run_web_interface:65 - 启动工具关键点检测Web界面...
2025-11-05 09:39:44 | [32mINFO[0m | yolo_detector.utils.tool_pose_utils:__init__:86 - 工具关键点检测器初始化完成，配置文件: D:\00deeplearn\yolo11\gradio_tool\src\yolo_detector\config\tool_pose_config.yaml
2025-11-05 09:39:44 | [32mINFO[0m | yolo_detector.utils.tool_pose_angle_calculator:load_angle_config:53 - 角度配置文件加载成功: D:\00deeplearn\yolo11\gradio_tool\src\yolo_detector\config\tool_pose_config.yaml
2025-11-05 09:39:44 | [32mINFO[0m | yolo_detector.utils.tool_pose_utils:_load_angle_config:125 - 角度配置文件加载完成: D:\00deeplearn\yolo11\gradio_tool\src\yolo_detector\config\tool_pose_config.yaml
2025-11-05 09:39:44 | [32mINFO[0m | yolo_detector.ui.gradio_app:__init__:71 - 工具关键点检测应用初始化完成，输出目录: outputs\tool_pose
2025-11-05 09:39:44 | [32mINFO[0m | yolo_detector.ui.gradio_app:create_interface:740 - Gradio界面创建完成
2025-11-05 09:39:44 | [32mINFO[0m | httpx:_send_single_request:1025 - HTTP Request: GET http://127.0.0.1:7861/gradio_api/startup-events "HTTP/1.1 200 OK"
2025-11-05 09:39:44 | [32mINFO[0m | httpx:_send_single_request:1025 - HTTP Request: HEAD http://127.0.0.1:7861/ "HTTP/1.1 200 OK"
2025-11-05 09:40:53 | [32mINFO[0m | yolo_detector.ui.gradio_app:connect_camera:101 - 连接本机摄像头（索引: 0）
2025-11-05 09:40:53 | [32mINFO[0m | yolo_detector.core.camera_capture:__init__:92 - 摄像头采集器初始化完成，类型: local, 索引: 0
2025-11-05 09:40:53 | [32mINFO[0m | yolo_detector.core.camera_capture:_connect_local:123 - 正在连接本机摄像头（索引: 0）...
2025-11-05 09:40:54 | [32mINFO[0m | yolo_detector.core.camera_capture:_connect_local:150 - 本机摄像头连接成功（索引: 0）
2025-11-05 09:40:54 | [32mINFO[0m | yolo_detector.core.camera_capture:_capture_loop:540 - 开始摄像头采集循环（OpenCV方式）
2025-11-05 09:40:54 | [32mINFO[0m | yolo_detector.core.camera_capture:_start_capture_thread:515 - 摄像头采集线程已启动
2025-11-05 09:40:54 | [32mINFO[0m | yolo_detector.ui.gradio_app:connect_camera:131 - 摄像头连接成功: 本机摄像头连接成功（索引: 0）
2025-11-05 09:40:57 | [32mINFO[0m | yolo_detector.core.camera_capture:disconnect:237 - 正在断开摄像头连接...
2025-11-05 09:40:57 | [32mINFO[0m | yolo_detector.core.camera_capture:_capture_loop:595 - 摄像头采集循环结束，总共采集 94 帧
2025-11-05 09:40:57 | [32mINFO[0m | yolo_detector.core.camera_capture:_stop_capture_thread:530 - 摄像头采集线程已停止
2025-11-05 09:40:58 | [32mINFO[0m | yolo_detector.core.camera_capture:disconnect:247 - 摄像头已断开连接
2025-11-05 09:40:58 | [32mINFO[0m | yolo_detector.ui.gradio_app:disconnect_camera:156 - 摄像头已断开
2025-11-05 09:41:06 | [32mINFO[0m | yolo_detector.ui.gradio_app:connect_camera:113 - 连接 Axis 摄像头（IP: 192.22.39.253）
2025-11-05 09:41:06 | [32mINFO[0m | yolo_detector.core.camera_capture:__init__:92 - 摄像头采集器初始化完成，类型: axis, 索引: 0
2025-11-05 09:41:06 | [32mINFO[0m | yolo_detector.core.camera_capture:_connect_axis:164 - 正在连接 Axis 摄像头（IP: 192.22.39.253）...
2025-11-05 09:41:06 | [32mINFO[0m | yolo_detector.core.camera_capture:_connect_axis_opencv:191 - 正在连接 Axis MJPEG 流: http://***:***@192.22.39.253/axis-cgi/mjpg/video.cgi
2025-11-05 09:41:06 | [32mINFO[0m | yolo_detector.core.camera_capture:_connect_axis_opencv:212 - Axis 摄像头连接成功
2025-11-05 09:41:06 | [32mINFO[0m | yolo_detector.core.camera_capture:_connect_axis_opencv:213 - 图像尺寸: 1280x720, 通道数: 3
2025-11-05 09:41:06 | [32mINFO[0m | yolo_detector.core.camera_capture:_capture_loop:540 - 开始摄像头采集循环（OpenCV方式）
2025-11-05 09:41:06 | [32mINFO[0m | yolo_detector.core.camera_capture:_start_capture_thread:515 - 摄像头采集线程已启动
2025-11-05 09:41:06 | [32mINFO[0m | yolo_detector.core.camera_capture:_connect_axis:170 - Axis 摄像头连接成功: Axis 摄像头连接成功
2025-11-05 09:41:06 | [32mINFO[0m | yolo_detector.ui.gradio_app:connect_camera:131 - 摄像头连接成功: Axis 摄像头连接成功: Axis 摄像头连接成功
2025-11-05 09:41:08 | [32mINFO[0m | yolo_detector.ui.gradio_app:toggle_auto_refresh:206 - 自动刷新已开启
2025-11-05 09:41:10 | [32mINFO[0m | yolo_detector.ui.gradio_app:toggle_auto_refresh:209 - 自动刷新已关闭
2025-11-05 09:41:11 | [32mINFO[0m | yolo_detector.ui.gradio_app:toggle_auto_refresh:206 - 自动刷新已开启
2025-11-05 09:42:14 | [32mINFO[0m | yolo_detector.core.camera_capture:disconnect:237 - 正在断开摄像头连接...
2025-11-05 09:42:14 | [32mINFO[0m | yolo_detector.core.camera_capture:_capture_loop:595 - 摄像头采集循环结束，总共采集 1717 帧
2025-11-05 09:42:14 | [32mINFO[0m | yolo_detector.core.camera_capture:_stop_capture_thread:530 - 摄像头采集线程已停止
2025-11-05 09:42:14 | [32mINFO[0m | yolo_detector.core.camera_capture:disconnect:247 - 摄像头已断开连接
2025-11-05 09:42:14 | [32mINFO[0m | yolo_detector.ui.gradio_app:disconnect_camera:156 - 摄像头已断开
2025-11-05 09:42:18 | [32mINFO[0m | yolo_detector.ui.gradio_app:connect_camera:101 - 连接本机摄像头（索引: 0）
2025-11-05 09:42:18 | [32mINFO[0m | yolo_detector.core.camera_capture:__init__:92 - 摄像头采集器初始化完成，类型: local, 索引: 0
2025-11-05 09:42:18 | [32mINFO[0m | yolo_detector.core.camera_capture:_connect_local:123 - 正在连接本机摄像头（索引: 0）...
2025-11-05 09:42:19 | [32mINFO[0m | yolo_detector.core.camera_capture:_connect_local:150 - 本机摄像头连接成功（索引: 0）
2025-11-05 09:42:19 | [32mINFO[0m | yolo_detector.core.camera_capture:_capture_loop:540 - 开始摄像头采集循环（OpenCV方式）
2025-11-05 09:42:19 | [32mINFO[0m | yolo_detector.core.camera_capture:_start_capture_thread:515 - 摄像头采集线程已启动
2025-11-05 09:42:19 | [32mINFO[0m | yolo_detector.ui.gradio_app:connect_camera:131 - 摄像头连接成功: 本机摄像头连接成功（索引: 0）
2025-11-05 09:42:29 | [32mINFO[0m | yolo_detector.core.camera_capture:disconnect:237 - 正在断开摄像头连接...
2025-11-05 09:42:29 | [32mINFO[0m | yolo_detector.core.camera_capture:_capture_loop:595 - 摄像头采集循环结束，总共采集 313 帧
2025-11-05 09:42:29 | [32mINFO[0m | yolo_detector.core.camera_capture:_stop_capture_thread:530 - 摄像头采集线程已停止
2025-11-05 09:42:29 | [32mINFO[0m | yolo_detector.core.camera_capture:disconnect:247 - 摄像头已断开连接
2025-11-05 09:42:29 | [32mINFO[0m | yolo_detector.ui.gradio_app:disconnect_camera:156 - 摄像头已断开
2025-11-05 09:45:07 | [32mINFO[0m | __main__:setup_environment:35 - 环境设置完成
2025-11-05 09:45:07 | [32mINFO[0m | __main__:run_web_interface:65 - 启动工具关键点检测Web界面...
2025-11-05 09:45:07 | [32mINFO[0m | yolo_detector.utils.tool_pose_utils:__init__:86 - 工具关键点检测器初始化完成，配置文件: D:\00deeplearn\yolo11\gradio_tool\src\yolo_detector\config\tool_pose_config.yaml
2025-11-05 09:45:07 | [32mINFO[0m | yolo_detector.utils.tool_pose_angle_calculator:load_angle_config:53 - 角度配置文件加载成功: D:\00deeplearn\yolo11\gradio_tool\src\yolo_detector\config\tool_pose_config.yaml
2025-11-05 09:45:07 | [32mINFO[0m | yolo_detector.utils.tool_pose_utils:_load_angle_config:125 - 角度配置文件加载完成: D:\00deeplearn\yolo11\gradio_tool\src\yolo_detector\config\tool_pose_config.yaml
2025-11-05 09:45:07 | [32mINFO[0m | yolo_detector.ui.gradio_app:__init__:72 - 工具关键点检测应用初始化完成，输出目录: outputs\tool_pose
2025-11-05 09:45:07 | [32mINFO[0m | yolo_detector.ui.gradio_app:create_interface:840 - Gradio界面创建完成
2025-11-05 09:45:07 | [32mINFO[0m | httpx:_send_single_request:1025 - HTTP Request: GET http://127.0.0.1:7861/gradio_api/startup-events "HTTP/1.1 200 OK"
2025-11-05 09:45:07 | [32mINFO[0m | httpx:_send_single_request:1025 - HTTP Request: HEAD http://127.0.0.1:7861/ "HTTP/1.1 200 OK"
2025-11-05 09:46:40 | [32mINFO[0m | yolo_detector.ui.gradio_app:connect_camera:102 - 连接本机摄像头（索引: 0）
2025-11-05 09:46:40 | [32mINFO[0m | yolo_detector.core.camera_capture:__init__:92 - 摄像头采集器初始化完成，类型: local, 索引: 0
2025-11-05 09:46:40 | [32mINFO[0m | yolo_detector.core.camera_capture:_connect_local:123 - 正在连接本机摄像头（索引: 0）...
2025-11-05 09:46:41 | [32mINFO[0m | yolo_detector.core.camera_capture:_connect_local:150 - 本机摄像头连接成功（索引: 0）
2025-11-05 09:46:41 | [32mINFO[0m | yolo_detector.core.camera_capture:_capture_loop:540 - 开始摄像头采集循环（OpenCV方式）
2025-11-05 09:46:41 | [32mINFO[0m | yolo_detector.core.camera_capture:_start_capture_thread:515 - 摄像头采集线程已启动
2025-11-05 09:46:41 | [32mINFO[0m | yolo_detector.ui.gradio_app:connect_camera:132 - 摄像头连接成功: 本机摄像头连接成功（索引: 0）
2025-11-05 09:46:44 | [32mINFO[0m | yolo_detector.ui.gradio_app:toggle_auto_refresh:207 - 自动刷新已开启
2025-11-05 09:46:48 | [32mINFO[0m | yolo_detector.ui.gradio_app:toggle_auto_refresh:210 - 自动刷新已关闭
2025-11-05 09:46:49 | [32mINFO[0m | yolo_detector.ui.gradio_app:toggle_auto_refresh:207 - 自动刷新已开启
2025-11-05 09:46:55 | [32mINFO[0m | yolo_detector.core.camera_capture:disconnect:237 - 正在断开摄像头连接...
2025-11-05 09:46:55 | [32mINFO[0m | yolo_detector.core.camera_capture:_capture_loop:595 - 摄像头采集循环结束，总共采集 410 帧
2025-11-05 09:46:55 | [32mINFO[0m | yolo_detector.core.camera_capture:_stop_capture_thread:530 - 摄像头采集线程已停止
2025-11-05 09:46:55 | [32mINFO[0m | yolo_detector.core.camera_capture:disconnect:247 - 摄像头已断开连接
2025-11-05 09:46:55 | [32mINFO[0m | yolo_detector.ui.gradio_app:disconnect_camera:157 - 摄像头已断开
2025-11-05 09:47:03 | [32mINFO[0m | yolo_detector.ui.gradio_app:connect_camera:114 - 连接 Axis 摄像头（IP: 192.22.39.253）
2025-11-05 09:47:03 | [32mINFO[0m | yolo_detector.core.camera_capture:__init__:92 - 摄像头采集器初始化完成，类型: axis, 索引: 0
2025-11-05 09:47:03 | [32mINFO[0m | yolo_detector.core.camera_capture:_connect_axis:164 - 正在连接 Axis 摄像头（IP: 192.22.39.253）...
2025-11-05 09:47:03 | [32mINFO[0m | yolo_detector.core.camera_capture:_connect_axis_opencv:191 - 正在连接 Axis MJPEG 流: http://***:***@192.22.39.253/axis-cgi/mjpg/video.cgi
2025-11-05 09:47:03 | [32mINFO[0m | yolo_detector.core.camera_capture:_connect_axis_opencv:212 - Axis 摄像头连接成功
2025-11-05 09:47:03 | [32mINFO[0m | yolo_detector.core.camera_capture:_connect_axis_opencv:213 - 图像尺寸: 1280x720, 通道数: 3
2025-11-05 09:47:03 | [32mINFO[0m | yolo_detector.core.camera_capture:_capture_loop:540 - 开始摄像头采集循环（OpenCV方式）
2025-11-05 09:47:03 | [32mINFO[0m | yolo_detector.core.camera_capture:_start_capture_thread:515 - 摄像头采集线程已启动
2025-11-05 09:47:03 | [32mINFO[0m | yolo_detector.core.camera_capture:_connect_axis:170 - Axis 摄像头连接成功: Axis 摄像头连接成功
2025-11-05 09:47:03 | [32mINFO[0m | yolo_detector.ui.gradio_app:connect_camera:132 - 摄像头连接成功: Axis 摄像头连接成功: Axis 摄像头连接成功
2025-11-05 09:47:08 | [32mINFO[0m | yolo_detector.ui.gradio_app:toggle_auto_refresh:210 - 自动刷新已关闭
2025-11-05 09:47:09 | [32mINFO[0m | yolo_detector.ui.gradio_app:toggle_auto_refresh:207 - 自动刷新已开启
2025-11-05 09:47:10 | [32mINFO[0m | yolo_detector.ui.gradio_app:toggle_auto_refresh:210 - 自动刷新已关闭
2025-11-05 09:47:10 | [32mINFO[0m | yolo_detector.ui.gradio_app:toggle_auto_refresh:207 - 自动刷新已开启
2025-11-05 09:47:11 | [32mINFO[0m | yolo_detector.ui.gradio_app:toggle_auto_refresh:210 - 自动刷新已关闭
2025-11-05 09:47:11 | [32mINFO[0m | yolo_detector.ui.gradio_app:toggle_auto_refresh:207 - 自动刷新已开启
2025-11-05 09:47:12 | [32mINFO[0m | yolo_detector.ui.gradio_app:toggle_auto_refresh:210 - 自动刷新已关闭
2025-11-05 09:47:13 | [32mINFO[0m | yolo_detector.ui.gradio_app:toggle_auto_refresh:207 - 自动刷新已开启
2025-11-05 09:47:13 | [32mINFO[0m | yolo_detector.ui.gradio_app:toggle_auto_refresh:210 - 自动刷新已关闭
2025-11-05 09:47:14 | [32mINFO[0m | yolo_detector.ui.gradio_app:toggle_auto_refresh:207 - 自动刷新已开启
2025-11-05 09:47:15 | [32mINFO[0m | yolo_detector.ui.gradio_app:toggle_auto_refresh:210 - 自动刷新已关闭
2025-11-05 09:47:15 | [32mINFO[0m | yolo_detector.ui.gradio_app:toggle_auto_refresh:207 - 自动刷新已开启
2025-11-05 09:47:16 | [32mINFO[0m | yolo_detector.ui.gradio_app:toggle_auto_refresh:210 - 自动刷新已关闭
2025-11-05 09:47:17 | [32mINFO[0m | yolo_detector.ui.gradio_app:toggle_auto_refresh:207 - 自动刷新已开启
2025-11-05 09:47:18 | [32mINFO[0m | yolo_detector.ui.gradio_app:toggle_auto_refresh:210 - 自动刷新已关闭
2025-11-05 09:47:18 | [32mINFO[0m | yolo_detector.ui.gradio_app:toggle_auto_refresh:207 - 自动刷新已开启
2025-11-05 09:47:19 | [32mINFO[0m | yolo_detector.ui.gradio_app:toggle_auto_refresh:210 - 自动刷新已关闭
2025-11-05 09:47:20 | [32mINFO[0m | yolo_detector.ui.gradio_app:toggle_auto_refresh:207 - 自动刷新已开启
2025-11-05 09:47:21 | [32mINFO[0m | yolo_detector.ui.gradio_app:toggle_auto_refresh:210 - 自动刷新已关闭
2025-11-05 09:47:21 | [32mINFO[0m | yolo_detector.ui.gradio_app:toggle_auto_refresh:207 - 自动刷新已开启
2025-11-05 09:47:22 | [32mINFO[0m | yolo_detector.ui.gradio_app:toggle_auto_refresh:210 - 自动刷新已关闭
2025-11-05 09:47:22 | [32mINFO[0m | yolo_detector.ui.gradio_app:toggle_auto_refresh:207 - 自动刷新已开启
2025-11-05 09:47:23 | [32mINFO[0m | yolo_detector.ui.gradio_app:toggle_auto_refresh:210 - 自动刷新已关闭
2025-11-05 09:47:23 | [32mINFO[0m | yolo_detector.ui.gradio_app:toggle_auto_refresh:207 - 自动刷新已开启
2025-11-05 09:47:23 | [32mINFO[0m | yolo_detector.ui.gradio_app:toggle_auto_refresh:210 - 自动刷新已关闭
2025-11-05 09:47:24 | [32mINFO[0m | yolo_detector.ui.gradio_app:toggle_auto_refresh:207 - 自动刷新已开启
2025-11-05 09:47:24 | [32mINFO[0m | yolo_detector.ui.gradio_app:toggle_auto_refresh:210 - 自动刷新已关闭
2025-11-05 09:47:24 | [32mINFO[0m | yolo_detector.ui.gradio_app:toggle_auto_refresh:207 - 自动刷新已开启
2025-11-05 09:47:25 | [32mINFO[0m | yolo_detector.ui.gradio_app:toggle_auto_refresh:210 - 自动刷新已关闭
2025-11-05 09:47:25 | [32mINFO[0m | yolo_detector.ui.gradio_app:toggle_auto_refresh:207 - 自动刷新已开启
2025-11-05 09:47:25 | [32mINFO[0m | yolo_detector.ui.gradio_app:toggle_auto_refresh:210 - 自动刷新已关闭
2025-11-05 09:47:25 | [32mINFO[0m | yolo_detector.ui.gradio_app:toggle_auto_refresh:207 - 自动刷新已开启
2025-11-05 09:47:26 | [32mINFO[0m | yolo_detector.ui.gradio_app:toggle_auto_refresh:210 - 自动刷新已关闭
2025-11-05 09:47:26 | [32mINFO[0m | yolo_detector.ui.gradio_app:toggle_auto_refresh:207 - 自动刷新已开启
2025-11-05 09:47:26 | [32mINFO[0m | yolo_detector.ui.gradio_app:toggle_auto_refresh:210 - 自动刷新已关闭
2025-11-05 09:47:27 | [32mINFO[0m | yolo_detector.ui.gradio_app:toggle_auto_refresh:207 - 自动刷新已开启
2025-11-05 09:52:02 | [32mINFO[0m | yolo_detector.ui.gradio_app:toggle_auto_refresh:210 - 自动刷新已关闭
2025-11-05 09:52:03 | [32mINFO[0m | yolo_detector.ui.gradio_app:toggle_auto_refresh:207 - 自动刷新已开启
2025-11-05 09:52:04 | [32mINFO[0m | yolo_detector.ui.gradio_app:toggle_auto_refresh:210 - 自动刷新已关闭
2025-11-05 10:14:53 | [32mINFO[0m | yolo_detector.ui.gradio_app:toggle_auto_refresh:207 - 自动刷新已开启
2025-11-05 10:14:53 | [32mINFO[0m | yolo_detector.ui.gradio_app:toggle_auto_refresh:210 - 自动刷新已关闭
2025-11-05 10:14:53 | [32mINFO[0m | yolo_detector.ui.gradio_app:toggle_auto_refresh:207 - 自动刷新已开启
2025-11-05 10:14:54 | [32mINFO[0m | yolo_detector.ui.gradio_app:toggle_auto_refresh:210 - 自动刷新已关闭
2025-11-05 10:14:54 | [32mINFO[0m | yolo_detector.ui.gradio_app:toggle_auto_refresh:207 - 自动刷新已开启
2025-11-05 10:14:55 | [32mINFO[0m | yolo_detector.ui.gradio_app:toggle_auto_refresh:210 - 自动刷新已关闭
2025-11-05 10:14:55 | [32mINFO[0m | yolo_detector.ui.gradio_app:toggle_auto_refresh:207 - 自动刷新已开启
2025-11-05 10:14:56 | [32mINFO[0m | yolo_detector.ui.gradio_app:toggle_auto_refresh:210 - 自动刷新已关闭
2025-11-05 10:20:06 | [32mINFO[0m | yolo_detector.core.camera_capture:disconnect:237 - 正在断开摄像头连接...
2025-11-05 10:20:06 | [32mINFO[0m | yolo_detector.core.camera_capture:disconnect:247 - 摄像头已断开连接
2025-11-05 10:20:14 | [32mINFO[0m | __main__:setup_environment:35 - 环境设置完成
2025-11-05 10:20:14 | [32mINFO[0m | __main__:run_web_interface:65 - 启动工具关键点检测Web界面...
2025-11-05 10:20:14 | [32mINFO[0m | yolo_detector.utils.tool_pose_utils:__init__:86 - 工具关键点检测器初始化完成，配置文件: D:\00deeplearn\yolo11\gradio_tool\src\yolo_detector\config\tool_pose_config.yaml
2025-11-05 10:20:14 | [32mINFO[0m | yolo_detector.utils.tool_pose_angle_calculator:load_angle_config:53 - 角度配置文件加载成功: D:\00deeplearn\yolo11\gradio_tool\src\yolo_detector\config\tool_pose_config.yaml
2025-11-05 10:20:14 | [32mINFO[0m | yolo_detector.utils.tool_pose_utils:_load_angle_config:125 - 角度配置文件加载完成: D:\00deeplearn\yolo11\gradio_tool\src\yolo_detector\config\tool_pose_config.yaml
2025-11-05 10:20:14 | [32mINFO[0m | yolo_detector.ui.gradio_app:__init__:73 - 工具关键点检测应用初始化完成，输出目录: outputs\tool_pose
2025-11-05 10:20:14 | [32mINFO[0m | yolo_detector.ui.gradio_app:create_interface:700 - Gradio界面创建完成
2025-11-05 10:20:15 | [32mINFO[0m | httpx:_send_single_request:1025 - HTTP Request: GET http://127.0.0.1:7861/gradio_api/startup-events "HTTP/1.1 200 OK"
2025-11-05 10:20:15 | [32mINFO[0m | httpx:_send_single_request:1025 - HTTP Request: HEAD http://127.0.0.1:7861/ "HTTP/1.1 200 OK"
2025-11-05 10:20:30 | [32mINFO[0m | yolo_detector.ui.gradio_app:connect_camera:115 - 连接 Axis 摄像头（IP: 192.22.39.253）
2025-11-05 10:20:30 | [32mINFO[0m | yolo_detector.core.camera_capture:__init__:92 - 摄像头采集器初始化完成，类型: axis, 索引: 0
2025-11-05 10:20:30 | [32mINFO[0m | yolo_detector.core.camera_capture:_connect_axis:164 - 正在连接 Axis 摄像头（IP: 192.22.39.253）...
2025-11-05 10:20:30 | [32mINFO[0m | yolo_detector.core.camera_capture:_connect_axis_opencv:191 - 正在连接 Axis MJPEG 流: http://***:***@192.22.39.253/axis-cgi/mjpg/video.cgi
2025-11-05 10:20:30 | [32mINFO[0m | yolo_detector.core.camera_capture:_connect_axis_opencv:212 - Axis 摄像头连接成功
2025-11-05 10:20:30 | [32mINFO[0m | yolo_detector.core.camera_capture:_connect_axis_opencv:213 - 图像尺寸: 1280x720, 通道数: 3
2025-11-05 10:20:30 | [32mINFO[0m | yolo_detector.core.camera_capture:_capture_loop:540 - 开始摄像头采集循环（OpenCV方式）
2025-11-05 10:20:30 | [32mINFO[0m | yolo_detector.core.camera_capture:_start_capture_thread:515 - 摄像头采集线程已启动
2025-11-05 10:20:30 | [32mINFO[0m | yolo_detector.core.camera_capture:_connect_axis:170 - Axis 摄像头连接成功: Axis 摄像头连接成功
2025-11-05 10:20:30 | [32mINFO[0m | yolo_detector.ui.gradio_app:connect_camera:133 - 摄像头连接成功: Axis 摄像头连接成功: Axis 摄像头连接成功
2025-11-05 10:20:35 | [32mINFO[0m | yolo_detector.ui.gradio_app:stream_camera_frames:203 - 开始流式传输摄像头画面...
2025-11-05 10:21:05 | [32mINFO[0m | yolo_detector.ui.gradio_app:stream_camera_frames:237 - 流式传输已停止
2025-11-05 10:21:05 | [32mINFO[0m | yolo_detector.ui.gradio_app:stream_camera_frames:241 - 流式传输结束，共传输 1 帧
2025-11-05 10:21:21 | [32mINFO[0m | yolo_detector.core.camera_capture:disconnect:237 - 正在断开摄像头连接...
2025-11-05 10:21:21 | [32mINFO[0m | yolo_detector.core.camera_capture:_capture_loop:595 - 摄像头采集循环结束，总共采集 1272 帧
2025-11-05 10:21:21 | [32mINFO[0m | yolo_detector.core.camera_capture:_stop_capture_thread:530 - 摄像头采集线程已停止
2025-11-05 10:21:21 | [32mINFO[0m | yolo_detector.core.camera_capture:disconnect:247 - 摄像头已断开连接
2025-11-05 10:21:21 | [32mINFO[0m | yolo_detector.ui.gradio_app:disconnect_camera:158 - 摄像头已断开
2025-11-05 10:21:37 | [32mINFO[0m | yolo_detector.ui.gradio_app:connect_camera:115 - 连接 Axis 摄像头（IP: 192.22.39.253）
2025-11-05 10:21:37 | [32mINFO[0m | yolo_detector.core.camera_capture:__init__:92 - 摄像头采集器初始化完成，类型: axis, 索引: 0
2025-11-05 10:21:37 | [32mINFO[0m | yolo_detector.core.camera_capture:_connect_axis:164 - 正在连接 Axis 摄像头（IP: 192.22.39.253）...
2025-11-05 10:21:37 | [32mINFO[0m | yolo_detector.core.camera_capture:_connect_axis_opencv:191 - 正在连接 Axis MJPEG 流: http://***:***@192.22.39.253/axis-cgi/mjpg/video.cgi
2025-11-05 10:21:37 | [32mINFO[0m | yolo_detector.core.camera_capture:_connect_axis_opencv:212 - Axis 摄像头连接成功
2025-11-05 10:21:37 | [32mINFO[0m | yolo_detector.core.camera_capture:_connect_axis_opencv:213 - 图像尺寸: 1280x720, 通道数: 3
2025-11-05 10:21:37 | [32mINFO[0m | yolo_detector.core.camera_capture:_capture_loop:540 - 开始摄像头采集循环（OpenCV方式）
2025-11-05 10:21:37 | [32mINFO[0m | yolo_detector.core.camera_capture:_start_capture_thread:515 - 摄像头采集线程已启动
2025-11-05 10:21:37 | [32mINFO[0m | yolo_detector.core.camera_capture:_connect_axis:170 - Axis 摄像头连接成功: Axis 摄像头连接成功
2025-11-05 10:21:37 | [32mINFO[0m | yolo_detector.ui.gradio_app:connect_camera:133 - 摄像头连接成功: Axis 摄像头连接成功: Axis 摄像头连接成功
2025-11-05 10:21:43 | [32mINFO[0m | yolo_detector.core.camera_capture:disconnect:237 - 正在断开摄像头连接...
2025-11-05 10:21:43 | [32mINFO[0m | yolo_detector.core.camera_capture:_capture_loop:595 - 摄像头采集循环结束，总共采集 159 帧
2025-11-05 10:21:43 | [32mINFO[0m | yolo_detector.core.camera_capture:_stop_capture_thread:530 - 摄像头采集线程已停止
2025-11-05 10:21:43 | [32mINFO[0m | yolo_detector.core.camera_capture:disconnect:247 - 摄像头已断开连接
2025-11-05 10:21:43 | [32mINFO[0m | yolo_detector.ui.gradio_app:disconnect_camera:158 - 摄像头已断开
2025-11-05 10:21:52 | [32mINFO[0m | yolo_detector.ui.gradio_app:connect_camera:103 - 连接本机摄像头（索引: 0）
2025-11-05 10:21:52 | [32mINFO[0m | yolo_detector.core.camera_capture:__init__:92 - 摄像头采集器初始化完成，类型: local, 索引: 0
2025-11-05 10:21:52 | [32mINFO[0m | yolo_detector.core.camera_capture:_connect_local:123 - 正在连接本机摄像头（索引: 0）...
2025-11-05 10:21:52 | [32mINFO[0m | yolo_detector.core.camera_capture:_connect_local:150 - 本机摄像头连接成功（索引: 0）
2025-11-05 10:21:52 | [32mINFO[0m | yolo_detector.core.camera_capture:_capture_loop:540 - 开始摄像头采集循环（OpenCV方式）
2025-11-05 10:21:52 | [32mINFO[0m | yolo_detector.core.camera_capture:_start_capture_thread:515 - 摄像头采集线程已启动
2025-11-05 10:21:52 | [32mINFO[0m | yolo_detector.ui.gradio_app:connect_camera:133 - 摄像头连接成功: 本机摄像头连接成功（索引: 0）
2025-11-05 10:22:01 | [32mINFO[0m | yolo_detector.core.camera_capture:disconnect:237 - 正在断开摄像头连接...
2025-11-05 10:22:01 | [32mINFO[0m | yolo_detector.core.camera_capture:_capture_loop:595 - 摄像头采集循环结束，总共采集 256 帧
2025-11-05 10:22:01 | [32mINFO[0m | yolo_detector.core.camera_capture:_stop_capture_thread:530 - 摄像头采集线程已停止
2025-11-05 10:22:01 | [32mINFO[0m | yolo_detector.core.camera_capture:disconnect:247 - 摄像头已断开连接
2025-11-05 10:22:01 | [32mINFO[0m | yolo_detector.ui.gradio_app:disconnect_camera:158 - 摄像头已断开
2025-11-05 10:22:11 | [32mINFO[0m | yolo_detector.ui.gradio_app:connect_camera:115 - 连接 Axis 摄像头（IP: 192.22.39.253）
2025-11-05 10:22:11 | [32mINFO[0m | yolo_detector.core.camera_capture:__init__:92 - 摄像头采集器初始化完成，类型: axis, 索引: 0
2025-11-05 10:22:11 | [32mINFO[0m | yolo_detector.core.camera_capture:_connect_axis:164 - 正在连接 Axis 摄像头（IP: 192.22.39.253）...
2025-11-05 10:22:11 | [32mINFO[0m | yolo_detector.core.camera_capture:_connect_axis_opencv:191 - 正在连接 Axis MJPEG 流: http://***:***@192.22.39.253/axis-cgi/mjpg/video.cgi
2025-11-05 10:22:11 | [32mINFO[0m | yolo_detector.core.camera_capture:_connect_axis_opencv:212 - Axis 摄像头连接成功
2025-11-05 10:22:11 | [32mINFO[0m | yolo_detector.core.camera_capture:_connect_axis_opencv:213 - 图像尺寸: 1280x720, 通道数: 3
2025-11-05 10:22:11 | [32mINFO[0m | yolo_detector.core.camera_capture:_capture_loop:540 - 开始摄像头采集循环（OpenCV方式）
2025-11-05 10:22:11 | [32mINFO[0m | yolo_detector.core.camera_capture:_start_capture_thread:515 - 摄像头采集线程已启动
2025-11-05 10:22:11 | [32mINFO[0m | yolo_detector.core.camera_capture:_connect_axis:170 - Axis 摄像头连接成功: Axis 摄像头连接成功
2025-11-05 10:22:11 | [32mINFO[0m | yolo_detector.ui.gradio_app:connect_camera:133 - 摄像头连接成功: Axis 摄像头连接成功: Axis 摄像头连接成功
2025-11-05 10:25:30 | [32mINFO[0m | yolo_detector.core.camera_capture:disconnect:237 - 正在断开摄像头连接...
2025-11-05 10:25:30 | [32mINFO[0m | yolo_detector.core.camera_capture:disconnect:247 - 摄像头已断开连接
2025-11-05 10:25:37 | [32mINFO[0m | __main__:setup_environment:35 - 环境设置完成
2025-11-05 10:25:37 | [32mINFO[0m | __main__:run_web_interface:65 - 启动工具关键点检测Web界面...
2025-11-05 10:25:37 | [32mINFO[0m | yolo_detector.utils.tool_pose_utils:__init__:86 - 工具关键点检测器初始化完成，配置文件: D:\00deeplearn\yolo11\gradio_tool\src\yolo_detector\config\tool_pose_config.yaml
2025-11-05 10:25:37 | [32mINFO[0m | yolo_detector.utils.tool_pose_angle_calculator:load_angle_config:53 - 角度配置文件加载成功: D:\00deeplearn\yolo11\gradio_tool\src\yolo_detector\config\tool_pose_config.yaml
2025-11-05 10:25:37 | [32mINFO[0m | yolo_detector.utils.tool_pose_utils:_load_angle_config:125 - 角度配置文件加载完成: D:\00deeplearn\yolo11\gradio_tool\src\yolo_detector\config\tool_pose_config.yaml
2025-11-05 10:25:37 | [32mINFO[0m | yolo_detector.ui.gradio_app:__init__:73 - 工具关键点检测应用初始化完成，输出目录: outputs\tool_pose
2025-11-05 10:25:38 | [32mINFO[0m | yolo_detector.ui.gradio_app:create_interface:764 - Gradio界面创建完成
2025-11-05 10:25:38 | [32mINFO[0m | httpx:_send_single_request:1025 - HTTP Request: GET http://127.0.0.1:7861/gradio_api/startup-events "HTTP/1.1 200 OK"
2025-11-05 10:25:38 | [32mINFO[0m | httpx:_send_single_request:1025 - HTTP Request: HEAD http://127.0.0.1:7861/ "HTTP/1.1 200 OK"
2025-11-05 10:25:56 | [32mINFO[0m | yolo_detector.ui.gradio_app:connect_camera:115 - 连接 Axis 摄像头（IP: 192.22.39.253）
2025-11-05 10:25:56 | [32mINFO[0m | yolo_detector.core.camera_capture:__init__:92 - 摄像头采集器初始化完成，类型: axis, 索引: 0
2025-11-05 10:25:56 | [32mINFO[0m | yolo_detector.core.camera_capture:_connect_axis:164 - 正在连接 Axis 摄像头（IP: 192.22.39.253）...
2025-11-05 10:25:56 | [32mINFO[0m | yolo_detector.core.camera_capture:_connect_axis_opencv:191 - 正在连接 Axis MJPEG 流: http://***:***@192.22.39.253/axis-cgi/mjpg/video.cgi
2025-11-05 10:25:56 | [32mINFO[0m | yolo_detector.core.camera_capture:_connect_axis_opencv:212 - Axis 摄像头连接成功
2025-11-05 10:25:56 | [32mINFO[0m | yolo_detector.core.camera_capture:_connect_axis_opencv:213 - 图像尺寸: 1280x720, 通道数: 3
2025-11-05 10:25:56 | [32mINFO[0m | yolo_detector.core.camera_capture:_capture_loop:540 - 开始摄像头采集循环（OpenCV方式）
2025-11-05 10:25:56 | [32mINFO[0m | yolo_detector.core.camera_capture:_start_capture_thread:515 - 摄像头采集线程已启动
2025-11-05 10:25:56 | [32mINFO[0m | yolo_detector.core.camera_capture:_connect_axis:170 - Axis 摄像头连接成功: Axis 摄像头连接成功
2025-11-05 10:25:56 | [32mINFO[0m | yolo_detector.ui.gradio_app:connect_camera:133 - 摄像头连接成功: Axis 摄像头连接成功: Axis 摄像头连接成功
2025-11-05 10:25:56 | [32mINFO[0m | yolo_detector.ui.gradio_app:connect_camera:144 - 摄像头连接成功，已获取到第一帧（类型: axis，尺寸: (720, 1280, 3)）
2025-11-05 10:25:56 | [32mINFO[0m | yolo_detector.ui.gradio_app:connect_and_start_stream:684 - 摄像头连接成功，已获取预览帧（类型: axis），流式传输将自动开始
2025-11-05 10:29:45 | [32mINFO[0m | yolo_detector.core.camera_capture:disconnect:237 - 正在断开摄像头连接...
2025-11-05 10:29:45 | [32mINFO[0m | yolo_detector.core.camera_capture:disconnect:247 - 摄像头已断开连接
2025-11-05 10:29:52 | [32mINFO[0m | __main__:setup_environment:35 - 环境设置完成
2025-11-05 10:29:52 | [32mINFO[0m | __main__:run_web_interface:65 - 启动工具关键点检测Web界面...
2025-11-05 10:29:52 | [32mINFO[0m | yolo_detector.utils.tool_pose_utils:__init__:86 - 工具关键点检测器初始化完成，配置文件: D:\00deeplearn\yolo11\gradio_tool\src\yolo_detector\config\tool_pose_config.yaml
2025-11-05 10:29:52 | [32mINFO[0m | yolo_detector.utils.tool_pose_angle_calculator:load_angle_config:53 - 角度配置文件加载成功: D:\00deeplearn\yolo11\gradio_tool\src\yolo_detector\config\tool_pose_config.yaml
2025-11-05 10:29:52 | [32mINFO[0m | yolo_detector.utils.tool_pose_utils:_load_angle_config:125 - 角度配置文件加载完成: D:\00deeplearn\yolo11\gradio_tool\src\yolo_detector\config\tool_pose_config.yaml
2025-11-05 10:29:52 | [32mINFO[0m | yolo_detector.ui.gradio_app:__init__:73 - 工具关键点检测应用初始化完成，输出目录: outputs\tool_pose
2025-11-05 10:29:52 | [32mINFO[0m | yolo_detector.ui.gradio_app:create_interface:755 - Gradio界面创建完成（Generator 方案，已启用队列）
2025-11-05 10:29:52 | [32mINFO[0m | httpx:_send_single_request:1025 - HTTP Request: GET http://127.0.0.1:7861/gradio_api/startup-events "HTTP/1.1 200 OK"
2025-11-05 10:29:52 | [32mINFO[0m | httpx:_send_single_request:1025 - HTTP Request: HEAD http://127.0.0.1:7861/ "HTTP/1.1 200 OK"
2025-11-05 10:30:03 | [32mINFO[0m | yolo_detector.ui.gradio_app:connect_camera:103 - 连接本机摄像头（索引: 0）
2025-11-05 10:30:03 | [32mINFO[0m | yolo_detector.core.camera_capture:__init__:92 - 摄像头采集器初始化完成，类型: local, 索引: 0
2025-11-05 10:30:03 | [32mINFO[0m | yolo_detector.core.camera_capture:_connect_local:123 - 正在连接本机摄像头（索引: 0）...
2025-11-05 10:30:04 | [32mINFO[0m | yolo_detector.core.camera_capture:_connect_local:150 - 本机摄像头连接成功（索引: 0）
2025-11-05 10:30:04 | [32mINFO[0m | yolo_detector.core.camera_capture:_capture_loop:540 - 开始摄像头采集循环（OpenCV方式）
2025-11-05 10:30:04 | [32mINFO[0m | yolo_detector.core.camera_capture:_start_capture_thread:515 - 摄像头采集线程已启动
2025-11-05 10:30:04 | [32mINFO[0m | yolo_detector.ui.gradio_app:connect_camera:133 - 摄像头连接成功: 本机摄像头连接成功（索引: 0）
2025-11-05 10:30:05 | [32mINFO[0m | yolo_detector.ui.gradio_app:connect_camera:144 - 摄像头连接成功，已获取到第一帧（类型: local，尺寸: (720, 1280, 3)）
2025-11-05 10:30:05 | [32mINFO[0m | yolo_detector.ui.gradio_app:stream_camera_frames:218 - Generator 流式传输启动...
2025-11-05 10:30:05 | [32mINFO[0m | yolo_detector.ui.gradio_app:stream_camera_frames:228 - 等待摄像头准备就绪（类型: local）...
2025-11-05 10:30:05 | [32mINFO[0m | yolo_detector.ui.gradio_app:stream_camera_frames:240 - 摄像头已就绪，获取到第一帧（尺寸: (720, 1280, 3)）
2025-11-05 10:30:05 | [32mINFO[0m | yolo_detector.ui.gradio_app:stream_camera_frames:269 - Generator 流式传输开始输出帧（类型: local）
2025-11-05 10:30:25 | [32mINFO[0m | yolo_detector.core.camera_capture:disconnect:237 - 正在断开摄像头连接...
2025-11-05 10:30:25 | [32mINFO[0m | yolo_detector.core.camera_capture:_capture_loop:595 - 摄像头采集循环结束，总共采集 631 帧
2025-11-05 10:30:25 | [32mINFO[0m | yolo_detector.core.camera_capture:_stop_capture_thread:530 - 摄像头采集线程已停止
2025-11-05 10:30:26 | [32mINFO[0m | yolo_detector.core.camera_capture:disconnect:247 - 摄像头已断开连接
2025-11-05 10:30:26 | [32mINFO[0m | yolo_detector.ui.gradio_app:disconnect_camera:172 - 摄像头已断开
2025-11-05 10:30:26 | [32mINFO[0m | yolo_detector.ui.gradio_app:connect_camera:115 - 连接 Axis 摄像头（IP: 192.22.39.253）
2025-11-05 10:30:26 | [32mINFO[0m | yolo_detector.core.camera_capture:__init__:92 - 摄像头采集器初始化完成，类型: axis, 索引: 0
2025-11-05 10:30:26 | [32mINFO[0m | yolo_detector.core.camera_capture:_connect_axis:164 - 正在连接 Axis 摄像头（IP: 192.22.39.253）...
2025-11-05 10:30:26 | [32mINFO[0m | yolo_detector.core.camera_capture:_connect_axis_opencv:191 - 正在连接 Axis MJPEG 流: http://***:***@192.22.39.253/axis-cgi/mjpg/video.cgi
2025-11-05 10:30:26 | [32mINFO[0m | yolo_detector.core.camera_capture:_connect_axis_opencv:212 - Axis 摄像头连接成功
2025-11-05 10:30:26 | [32mINFO[0m | yolo_detector.core.camera_capture:_connect_axis_opencv:213 - 图像尺寸: 1280x720, 通道数: 3
2025-11-05 10:30:26 | [32mINFO[0m | yolo_detector.core.camera_capture:_capture_loop:540 - 开始摄像头采集循环（OpenCV方式）
2025-11-05 10:30:26 | [32mINFO[0m | yolo_detector.core.camera_capture:_start_capture_thread:515 - 摄像头采集线程已启动
2025-11-05 10:30:26 | [32mINFO[0m | yolo_detector.core.camera_capture:_connect_axis:170 - Axis 摄像头连接成功: Axis 摄像头连接成功
2025-11-05 10:30:26 | [32mINFO[0m | yolo_detector.ui.gradio_app:connect_camera:133 - 摄像头连接成功: Axis 摄像头连接成功: Axis 摄像头连接成功
2025-11-05 10:30:26 | [32mINFO[0m | yolo_detector.ui.gradio_app:connect_camera:144 - 摄像头连接成功，已获取到第一帧（类型: axis，尺寸: (720, 1280, 3)）
2025-11-05 10:30:27 | [32mINFO[0m | yolo_detector.ui.gradio_app:stream_camera_frames:272 - Generator 流式传输中（axis），已传输 100 帧
2025-11-05 10:30:49 | [32mINFO[0m | yolo_detector.ui.gradio_app:stream_camera_frames:272 - Generator 流式传输中（axis），已传输 200 帧
2025-11-05 10:31:12 | [32mINFO[0m | yolo_detector.ui.gradio_app:stream_camera_frames:272 - Generator 流式传输中（axis），已传输 300 帧
2025-11-05 10:31:35 | [32mINFO[0m | yolo_detector.ui.gradio_app:stream_camera_frames:272 - Generator 流式传输中（axis），已传输 400 帧
2025-11-05 10:31:58 | [32mINFO[0m | yolo_detector.ui.gradio_app:stream_camera_frames:272 - Generator 流式传输中（axis），已传输 500 帧
2025-11-05 10:32:21 | [32mINFO[0m | yolo_detector.ui.gradio_app:stream_camera_frames:272 - Generator 流式传输中（axis），已传输 600 帧
2025-11-05 10:32:44 | [32mINFO[0m | yolo_detector.ui.gradio_app:stream_camera_frames:272 - Generator 流式传输中（axis），已传输 700 帧
2025-11-05 10:33:07 | [32mINFO[0m | yolo_detector.ui.gradio_app:stream_camera_frames:272 - Generator 流式传输中（axis），已传输 800 帧
2025-11-05 10:33:29 | [32mINFO[0m | yolo_detector.ui.gradio_app:stream_camera_frames:272 - Generator 流式传输中（axis），已传输 900 帧
2025-11-05 10:33:52 | [32mINFO[0m | yolo_detector.ui.gradio_app:stream_camera_frames:272 - Generator 流式传输中（axis），已传输 1000 帧
2025-11-05 10:34:15 | [32mINFO[0m | yolo_detector.ui.gradio_app:stream_camera_frames:272 - Generator 流式传输中（axis），已传输 1100 帧
2025-11-05 10:34:38 | [32mINFO[0m | yolo_detector.ui.gradio_app:stream_camera_frames:272 - Generator 流式传输中（axis），已传输 1200 帧
2025-11-05 10:35:00 | [32mINFO[0m | yolo_detector.ui.gradio_app:stream_camera_frames:272 - Generator 流式传输中（axis），已传输 1300 帧
2025-11-05 10:35:23 | [32mINFO[0m | yolo_detector.ui.gradio_app:stream_camera_frames:272 - Generator 流式传输中（axis），已传输 1400 帧
2025-11-05 10:35:46 | [32mINFO[0m | yolo_detector.ui.gradio_app:stream_camera_frames:272 - Generator 流式传输中（axis），已传输 1500 帧
2025-11-05 10:36:09 | [32mINFO[0m | yolo_detector.ui.gradio_app:stream_camera_frames:272 - Generator 流式传输中（axis），已传输 1600 帧
2025-11-05 10:36:31 | [32mINFO[0m | yolo_detector.ui.gradio_app:stream_camera_frames:272 - Generator 流式传输中（axis），已传输 1700 帧
2025-11-05 10:36:54 | [32mINFO[0m | yolo_detector.ui.gradio_app:stream_camera_frames:272 - Generator 流式传输中（axis），已传输 1800 帧
2025-11-05 10:37:17 | [32mINFO[0m | yolo_detector.ui.gradio_app:stream_camera_frames:272 - Generator 流式传输中（axis），已传输 1900 帧
2025-11-05 10:37:40 | [32mINFO[0m | yolo_detector.ui.gradio_app:stream_camera_frames:272 - Generator 流式传输中（axis），已传输 2000 帧
2025-11-05 10:38:03 | [32mINFO[0m | yolo_detector.ui.gradio_app:stream_camera_frames:272 - Generator 流式传输中（axis），已传输 2100 帧
2025-11-05 10:38:25 | [32mINFO[0m | yolo_detector.ui.gradio_app:stream_camera_frames:272 - Generator 流式传输中（axis），已传输 2200 帧
2025-11-05 10:38:48 | [32mINFO[0m | yolo_detector.ui.gradio_app:stream_camera_frames:296 - Generator 流式传输已停止（GeneratorExit）
2025-11-05 10:38:48 | [32mINFO[0m | yolo_detector.ui.gradio_app:stream_camera_frames:300 - Generator 流式传输结束，共传输 2296 帧
2025-11-05 10:38:57 | [32mINFO[0m | yolo_detector.core.camera_capture:disconnect:237 - 正在断开摄像头连接...
2025-11-05 10:38:57 | [32mINFO[0m | yolo_detector.core.camera_capture:_capture_loop:595 - 摄像头采集循环结束，总共采集 12773 帧
2025-11-05 10:38:57 | [32mINFO[0m | yolo_detector.core.camera_capture:_stop_capture_thread:530 - 摄像头采集线程已停止
2025-11-05 10:38:57 | [32mINFO[0m | yolo_detector.core.camera_capture:disconnect:247 - 摄像头已断开连接
2025-11-05 10:38:57 | [32mINFO[0m | yolo_detector.ui.gradio_app:disconnect_camera:172 - 摄像头已断开
2025-11-05 10:38:57 | [32mINFO[0m | yolo_detector.ui.gradio_app:connect_camera:115 - 连接 Axis 摄像头（IP: 192.22.39.253）
2025-11-05 10:38:57 | [32mINFO[0m | yolo_detector.core.camera_capture:__init__:92 - 摄像头采集器初始化完成，类型: axis, 索引: 0
2025-11-05 10:38:57 | [32mINFO[0m | yolo_detector.core.camera_capture:_connect_axis:164 - 正在连接 Axis 摄像头（IP: 192.22.39.253）...
2025-11-05 10:38:57 | [32mINFO[0m | yolo_detector.core.camera_capture:_connect_axis_opencv:191 - 正在连接 Axis MJPEG 流: http://***:***@192.22.39.253/axis-cgi/mjpg/video.cgi
2025-11-05 10:38:57 | [32mINFO[0m | yolo_detector.core.camera_capture:_connect_axis_opencv:212 - Axis 摄像头连接成功
2025-11-05 10:38:57 | [32mINFO[0m | yolo_detector.core.camera_capture:_connect_axis_opencv:213 - 图像尺寸: 1280x720, 通道数: 3
2025-11-05 10:38:57 | [32mINFO[0m | yolo_detector.core.camera_capture:_capture_loop:540 - 开始摄像头采集循环（OpenCV方式）
2025-11-05 10:38:57 | [32mINFO[0m | yolo_detector.core.camera_capture:_start_capture_thread:515 - 摄像头采集线程已启动
2025-11-05 10:38:57 | [32mINFO[0m | yolo_detector.core.camera_capture:_connect_axis:170 - Axis 摄像头连接成功: Axis 摄像头连接成功
2025-11-05 10:38:57 | [32mINFO[0m | yolo_detector.ui.gradio_app:connect_camera:133 - 摄像头连接成功: Axis 摄像头连接成功: Axis 摄像头连接成功
2025-11-05 10:38:57 | [32mINFO[0m | yolo_detector.ui.gradio_app:connect_camera:144 - 摄像头连接成功，已获取到第一帧（类型: axis，尺寸: (720, 1280, 3)）
2025-11-05 10:38:57 | [32mINFO[0m | yolo_detector.ui.gradio_app:stream_camera_frames:218 - Generator 流式传输启动...
2025-11-05 10:38:57 | [32mINFO[0m | yolo_detector.ui.gradio_app:stream_camera_frames:228 - 等待摄像头准备就绪（类型: axis）...
2025-11-05 10:38:57 | [32mINFO[0m | yolo_detector.ui.gradio_app:stream_camera_frames:240 - 摄像头已就绪，获取到第一帧（尺寸: (720, 1280, 3)）
2025-11-05 10:38:57 | [32mINFO[0m | yolo_detector.ui.gradio_app:stream_camera_frames:269 - Generator 流式传输开始输出帧（类型: axis）
2025-11-05 10:39:24 | [32mINFO[0m | __main__:setup_environment:35 - 环境设置完成
2025-11-05 10:39:24 | [32mINFO[0m | __main__:run_web_interface:65 - 启动工具关键点检测Web界面...
2025-11-05 10:39:24 | [32mINFO[0m | yolo_detector.utils.tool_pose_utils:__init__:86 - 工具关键点检测器初始化完成，配置文件: D:\00deeplearn\yolo11\gradio_tool\src\yolo_detector\config\tool_pose_config.yaml
2025-11-05 10:39:24 | [32mINFO[0m | yolo_detector.utils.tool_pose_angle_calculator:load_angle_config:53 - 角度配置文件加载成功: D:\00deeplearn\yolo11\gradio_tool\src\yolo_detector\config\tool_pose_config.yaml
2025-11-05 10:39:24 | [32mINFO[0m | yolo_detector.utils.tool_pose_utils:_load_angle_config:125 - 角度配置文件加载完成: D:\00deeplearn\yolo11\gradio_tool\src\yolo_detector\config\tool_pose_config.yaml
2025-11-05 10:39:24 | [32mINFO[0m | yolo_detector.ui.gradio_app:__init__:95 - 工具关键点检测应用初始化完成，输出目录: outputs\tool_pose，预览刷新间隔: 0.033秒（约30.3fps）
2025-11-05 10:39:24 | [32mINFO[0m | yolo_detector.ui.gradio_app:create_interface:780 - Gradio界面创建完成（Generator 方案，已启用队列）
2025-11-05 10:39:25 | [32mINFO[0m | httpx:_send_single_request:1025 - HTTP Request: GET http://127.0.0.1:7861/gradio_api/startup-events "HTTP/1.1 200 OK"
2025-11-05 10:39:25 | [32mINFO[0m | httpx:_send_single_request:1025 - HTTP Request: HEAD http://127.0.0.1:7861/ "HTTP/1.1 200 OK"
2025-11-05 10:39:54 | [32mINFO[0m | yolo_detector.ui.gradio_app:connect_camera:137 - 连接 Axis 摄像头（IP: 192.168.39.253）
2025-11-05 10:39:54 | [32mINFO[0m | yolo_detector.core.camera_capture:__init__:92 - 摄像头采集器初始化完成，类型: axis, 索引: 0
2025-11-05 10:39:54 | [32mINFO[0m | yolo_detector.core.camera_capture:_connect_axis:164 - 正在连接 Axis 摄像头（IP: 192.168.39.253）...
2025-11-05 10:39:54 | [32mINFO[0m | yolo_detector.core.camera_capture:_connect_axis_opencv:191 - 正在连接 Axis MJPEG 流: http://***:***@192.168.39.253/axis-cgi/mjpg/video.cgi
2025-11-05 10:40:13 | [32mINFO[0m | yolo_detector.core.camera_capture:disconnect:237 - 正在断开摄像头连接...
2025-11-05 10:40:13 | [32mINFO[0m | yolo_detector.core.camera_capture:disconnect:247 - 摄像头已断开连接
2025-11-05 10:40:13 | [32mINFO[0m | yolo_detector.ui.gradio_app:disconnect_camera:194 - 摄像头已断开
2025-11-05 10:40:35 | [32mINFO[0m | yolo_detector.ui.gradio_app:stream_camera_frames:240 - Generator 流式传输启动...
2025-11-05 10:41:08 | [31mERROR[0m | yolo_detector.core.camera_capture:_connect_axis_opencv:199 - 无法打开 MJPEG 流，请检查 IP 地址和网络连接
2025-11-05 10:41:08 | [31mERROR[0m | yolo_detector.core.camera_capture:_connect_axis:174 - Axis 摄像头连接失败: 无法打开 MJPEG 流，请检查 IP 地址和网络连接
2025-11-05 10:41:08 | [31mERROR[0m | yolo_detector.ui.gradio_app:connect_camera:173 - 摄像头连接失败: Axis 摄像头连接失败: 无法打开 MJPEG 流，请检查 IP 地址和网络连接
2025-11-05 10:41:08 | [32mINFO[0m | yolo_detector.ui.gradio_app:connect_camera:137 - 连接 Axis 摄像头（IP: 192.22.39.253）
2025-11-05 10:41:08 | [32mINFO[0m | yolo_detector.core.camera_capture:__init__:92 - 摄像头采集器初始化完成，类型: axis, 索引: 0
2025-11-05 10:41:08 | [32mINFO[0m | yolo_detector.core.camera_capture:_connect_axis:164 - 正在连接 Axis 摄像头（IP: 192.22.39.253）...
2025-11-05 10:41:08 | [32mINFO[0m | yolo_detector.core.camera_capture:_connect_axis_opencv:191 - 正在连接 Axis MJPEG 流: http://***:***@192.22.39.253/axis-cgi/mjpg/video.cgi
2025-11-05 10:41:08 | [32mINFO[0m | yolo_detector.core.camera_capture:_connect_axis_opencv:212 - Axis 摄像头连接成功
2025-11-05 10:41:08 | [32mINFO[0m | yolo_detector.core.camera_capture:_connect_axis_opencv:213 - 图像尺寸: 1280x720, 通道数: 3
2025-11-05 10:41:08 | [32mINFO[0m | yolo_detector.core.camera_capture:_capture_loop:540 - 开始摄像头采集循环（OpenCV方式）
2025-11-05 10:41:08 | [32mINFO[0m | yolo_detector.core.camera_capture:_start_capture_thread:515 - 摄像头采集线程已启动
2025-11-05 10:41:08 | [32mINFO[0m | yolo_detector.core.camera_capture:_connect_axis:170 - Axis 摄像头连接成功: Axis 摄像头连接成功
2025-11-05 10:41:08 | [32mINFO[0m | yolo_detector.ui.gradio_app:connect_camera:155 - 摄像头连接成功: Axis 摄像头连接成功: Axis 摄像头连接成功
2025-11-05 10:41:08 | [32mINFO[0m | yolo_detector.ui.gradio_app:stream_camera_frames:291 - Generator 流式传输开始输出帧（类型: axis）
2025-11-05 10:41:08 | [32mINFO[0m | yolo_detector.ui.gradio_app:connect_camera:166 - 摄像头连接成功，已获取到第一帧（类型: axis，尺寸: (720, 1280, 3)）
2025-11-05 10:41:15 | [32mINFO[0m | yolo_detector.core.camera_capture:disconnect:237 - 正在断开摄像头连接...
2025-11-05 10:41:15 | [32mINFO[0m | yolo_detector.core.camera_capture:_capture_loop:595 - 摄像头采集循环结束，总共采集 189 帧
2025-11-05 10:41:15 | [32mINFO[0m | yolo_detector.core.camera_capture:_stop_capture_thread:530 - 摄像头采集线程已停止
2025-11-05 10:41:15 | [32mINFO[0m | yolo_detector.core.camera_capture:disconnect:247 - 摄像头已断开连接
2025-11-05 10:41:15 | [32mINFO[0m | yolo_detector.ui.gradio_app:disconnect_camera:194 - 摄像头已断开
2025-11-05 10:41:15 | [32mINFO[0m | yolo_detector.ui.gradio_app:connect_camera:137 - 连接 Axis 摄像头（IP: 192.22.39.253）
2025-11-05 10:41:15 | [32mINFO[0m | yolo_detector.core.camera_capture:__init__:92 - 摄像头采集器初始化完成，类型: axis, 索引: 0
2025-11-05 10:41:15 | [32mINFO[0m | yolo_detector.core.camera_capture:_connect_axis:164 - 正在连接 Axis 摄像头（IP: 192.22.39.253）...
2025-11-05 10:41:15 | [32mINFO[0m | yolo_detector.core.camera_capture:_connect_axis_opencv:191 - 正在连接 Axis MJPEG 流: http://***:***@192.22.39.253/axis-cgi/mjpg/video.cgi
2025-11-05 10:41:15 | [32mINFO[0m | yolo_detector.core.camera_capture:_connect_axis_opencv:212 - Axis 摄像头连接成功
2025-11-05 10:41:15 | [32mINFO[0m | yolo_detector.core.camera_capture:_connect_axis_opencv:213 - 图像尺寸: 1280x720, 通道数: 3
2025-11-05 10:41:15 | [32mINFO[0m | yolo_detector.core.camera_capture:_capture_loop:540 - 开始摄像头采集循环（OpenCV方式）
2025-11-05 10:41:15 | [32mINFO[0m | yolo_detector.core.camera_capture:_start_capture_thread:515 - 摄像头采集线程已启动
2025-11-05 10:41:15 | [32mINFO[0m | yolo_detector.core.camera_capture:_connect_axis:170 - Axis 摄像头连接成功: Axis 摄像头连接成功
2025-11-05 10:41:15 | [32mINFO[0m | yolo_detector.ui.gradio_app:connect_camera:155 - 摄像头连接成功: Axis 摄像头连接成功: Axis 摄像头连接成功
2025-11-05 10:41:16 | [32mINFO[0m | yolo_detector.ui.gradio_app:connect_camera:166 - 摄像头连接成功，已获取到第一帧（类型: axis，尺寸: (720, 1280, 3)）
2025-11-05 10:41:23 | [32mINFO[0m | yolo_detector.ui.gradio_app:stream_camera_frames:294 - Generator 流式传输中（axis），已传输 100 帧
2025-11-05 10:41:39 | [32mINFO[0m | yolo_detector.ui.gradio_app:stream_camera_frames:294 - Generator 流式传输中（axis），已传输 200 帧
2025-11-05 10:41:54 | [32mINFO[0m | yolo_detector.ui.gradio_app:stream_camera_frames:294 - Generator 流式传输中（axis），已传输 300 帧
2025-11-05 10:42:10 | [32mINFO[0m | yolo_detector.ui.gradio_app:stream_camera_frames:294 - Generator 流式传输中（axis），已传输 400 帧
2025-11-05 10:42:31 | [32mINFO[0m | __main__:setup_environment:35 - 环境设置完成
2025-11-05 10:42:31 | [32mINFO[0m | __main__:run_web_interface:65 - 启动工具关键点检测Web界面...
2025-11-05 10:42:31 | [32mINFO[0m | yolo_detector.utils.tool_pose_utils:__init__:86 - 工具关键点检测器初始化完成，配置文件: D:\00deeplearn\yolo11\gradio_tool\src\yolo_detector\config\tool_pose_config.yaml
2025-11-05 10:42:31 | [32mINFO[0m | yolo_detector.utils.tool_pose_angle_calculator:load_angle_config:53 - 角度配置文件加载成功: D:\00deeplearn\yolo11\gradio_tool\src\yolo_detector\config\tool_pose_config.yaml
2025-11-05 10:42:31 | [32mINFO[0m | yolo_detector.utils.tool_pose_utils:_load_angle_config:125 - 角度配置文件加载完成: D:\00deeplearn\yolo11\gradio_tool\src\yolo_detector\config\tool_pose_config.yaml
2025-11-05 10:42:31 | [32mINFO[0m | yolo_detector.ui.gradio_app:__init__:95 - 工具关键点检测应用初始化完成，输出目录: outputs\tool_pose，预览刷新间隔: 0.033秒（约30.3fps）
2025-11-05 10:42:31 | [32mINFO[0m | yolo_detector.ui.gradio_app:create_interface:780 - Gradio界面创建完成（Generator 方案，已启用队列）
2025-11-05 10:42:31 | [32mINFO[0m | httpx:_send_single_request:1025 - HTTP Request: GET http://127.0.0.1:7861/gradio_api/startup-events "HTTP/1.1 200 OK"
2025-11-05 10:42:31 | [32mINFO[0m | httpx:_send_single_request:1025 - HTTP Request: HEAD http://127.0.0.1:7861/ "HTTP/1.1 200 OK"
2025-11-05 10:42:50 | [32mINFO[0m | yolo_detector.ui.gradio_app:connect_camera:137 - 连接 Axis 摄像头（IP: 192.168.39.253）
2025-11-05 10:42:50 | [32mINFO[0m | yolo_detector.core.camera_capture:__init__:92 - 摄像头采集器初始化完成，类型: axis, 索引: 0
2025-11-05 10:42:50 | [32mINFO[0m | yolo_detector.core.camera_capture:_connect_axis:164 - 正在连接 Axis 摄像头（IP: 192.168.39.253）...
2025-11-05 10:42:50 | [32mINFO[0m | yolo_detector.core.camera_capture:_connect_axis_opencv:191 - 正在连接 Axis MJPEG 流: http://***:***@192.168.39.253/axis-cgi/mjpg/video.cgi
2025-11-05 10:43:37 | [32mINFO[0m | __main__:setup_environment:35 - 环境设置完成
2025-11-05 10:43:37 | [32mINFO[0m | __main__:run_web_interface:65 - 启动工具关键点检测Web界面...
2025-11-05 10:43:37 | [32mINFO[0m | yolo_detector.utils.tool_pose_utils:__init__:86 - 工具关键点检测器初始化完成，配置文件: D:\00deeplearn\yolo11\gradio_tool\src\yolo_detector\config\tool_pose_config.yaml
2025-11-05 10:43:37 | [32mINFO[0m | yolo_detector.utils.tool_pose_angle_calculator:load_angle_config:53 - 角度配置文件加载成功: D:\00deeplearn\yolo11\gradio_tool\src\yolo_detector\config\tool_pose_config.yaml
2025-11-05 10:43:37 | [32mINFO[0m | yolo_detector.utils.tool_pose_utils:_load_angle_config:125 - 角度配置文件加载完成: D:\00deeplearn\yolo11\gradio_tool\src\yolo_detector\config\tool_pose_config.yaml
2025-11-05 10:43:37 | [32mINFO[0m | yolo_detector.ui.gradio_app:__init__:95 - 工具关键点检测应用初始化完成，输出目录: outputs\tool_pose，预览刷新间隔: 0.033秒（约30.3fps）
2025-11-05 10:43:37 | [32mINFO[0m | yolo_detector.ui.gradio_app:create_interface:780 - Gradio界面创建完成（Generator 方案，已启用队列）
2025-11-05 10:43:38 | [32mINFO[0m | httpx:_send_single_request:1025 - HTTP Request: GET http://127.0.0.1:7861/gradio_api/startup-events "HTTP/1.1 200 OK"
2025-11-05 10:43:38 | [32mINFO[0m | httpx:_send_single_request:1025 - HTTP Request: HEAD http://127.0.0.1:7861/ "HTTP/1.1 200 OK"
2025-11-05 10:43:48 | [32mINFO[0m | yolo_detector.ui.gradio_app:connect_camera:125 - 连接本机摄像头（索引: 0）
2025-11-05 10:43:48 | [32mINFO[0m | yolo_detector.core.camera_capture:__init__:92 - 摄像头采集器初始化完成，类型: local, 索引: 0
2025-11-05 10:43:48 | [32mINFO[0m | yolo_detector.core.camera_capture:_connect_local:123 - 正在连接本机摄像头（索引: 0）...
2025-11-05 10:43:49 | [32mINFO[0m | yolo_detector.core.camera_capture:_connect_local:150 - 本机摄像头连接成功（索引: 0）
2025-11-05 10:43:49 | [32mINFO[0m | yolo_detector.core.camera_capture:_capture_loop:540 - 开始摄像头采集循环（OpenCV方式）
2025-11-05 10:43:49 | [32mINFO[0m | yolo_detector.core.camera_capture:_start_capture_thread:515 - 摄像头采集线程已启动
2025-11-05 10:43:49 | [32mINFO[0m | yolo_detector.ui.gradio_app:connect_camera:155 - 摄像头连接成功: 本机摄像头连接成功（索引: 0）
2025-11-05 10:43:49 | [32mINFO[0m | yolo_detector.ui.gradio_app:connect_camera:166 - 摄像头连接成功，已获取到第一帧（类型: local，尺寸: (720, 1280, 3)）
2025-11-05 10:43:49 | [32mINFO[0m | yolo_detector.ui.gradio_app:stream_camera_frames:240 - Generator 流式传输启动...
2025-11-05 10:43:49 | [32mINFO[0m | yolo_detector.ui.gradio_app:stream_camera_frames:250 - 等待摄像头准备就绪（类型: local）...
2025-11-05 10:43:49 | [32mINFO[0m | yolo_detector.ui.gradio_app:stream_camera_frames:262 - 摄像头已就绪，获取到第一帧（尺寸: (720, 1280, 3)）
2025-11-05 10:43:49 | [32mINFO[0m | yolo_detector.ui.gradio_app:stream_camera_frames:291 - Generator 流式传输开始输出帧（类型: local）
2025-11-05 10:44:05 | [32mINFO[0m | yolo_detector.ui.gradio_app:stream_camera_frames:294 - Generator 流式传输中（local），已传输 100 帧
2025-11-05 10:44:15 | [32mINFO[0m | yolo_detector.core.camera_capture:disconnect:237 - 正在断开摄像头连接...
2025-11-05 10:44:15 | [32mINFO[0m | yolo_detector.core.camera_capture:_capture_loop:595 - 摄像头采集循环结束，总共采集 796 帧
2025-11-05 10:44:15 | [32mINFO[0m | yolo_detector.core.camera_capture:_stop_capture_thread:530 - 摄像头采集线程已停止
2025-11-05 10:44:16 | [32mINFO[0m | yolo_detector.core.camera_capture:disconnect:247 - 摄像头已断开连接
2025-11-05 10:44:16 | [32mINFO[0m | yolo_detector.ui.gradio_app:disconnect_camera:194 - 摄像头已断开
2025-11-05 10:44:32 | [32mINFO[0m | yolo_detector.ui.gradio_app:connect_camera:137 - 连接 Axis 摄像头（IP: 192.22..253）
2025-11-05 10:44:32 | [32mINFO[0m | yolo_detector.core.camera_capture:__init__:92 - 摄像头采集器初始化完成，类型: axis, 索引: 0
2025-11-05 10:44:32 | [32mINFO[0m | yolo_detector.core.camera_capture:_connect_axis:164 - 正在连接 Axis 摄像头（IP: 192.22..253）...
2025-11-05 10:44:32 | [32mINFO[0m | yolo_detector.core.camera_capture:_connect_axis_opencv:191 - 正在连接 Axis MJPEG 流: http://***:***@192.22..253/axis-cgi/mjpg/video.cgi
2025-11-05 10:44:33 | [31mERROR[0m | yolo_detector.core.camera_capture:_connect_axis_opencv:199 - 无法打开 MJPEG 流，请检查 IP 地址和网络连接
2025-11-05 10:44:33 | [31mERROR[0m | yolo_detector.core.camera_capture:_connect_axis:174 - Axis 摄像头连接失败: 无法打开 MJPEG 流，请检查 IP 地址和网络连接
2025-11-05 10:44:33 | [31mERROR[0m | yolo_detector.ui.gradio_app:connect_camera:173 - 摄像头连接失败: Axis 摄像头连接失败: 无法打开 MJPEG 流，请检查 IP 地址和网络连接
2025-11-05 10:44:59 | [32mINFO[0m | yolo_detector.ui.gradio_app:connect_camera:137 - 连接 Axis 摄像头（IP: 192.22.39.253）
2025-11-05 10:44:59 | [32mINFO[0m | yolo_detector.core.camera_capture:__init__:92 - 摄像头采集器初始化完成，类型: axis, 索引: 0
2025-11-05 10:44:59 | [32mINFO[0m | yolo_detector.core.camera_capture:_connect_axis:164 - 正在连接 Axis 摄像头（IP: 192.22.39.253）...
2025-11-05 10:44:59 | [32mINFO[0m | yolo_detector.core.camera_capture:_connect_axis_opencv:191 - 正在连接 Axis MJPEG 流: http://***:***@192.22.39.253/axis-cgi/mjpg/video.cgi
2025-11-05 10:44:59 | [32mINFO[0m | yolo_detector.core.camera_capture:_connect_axis_opencv:212 - Axis 摄像头连接成功
2025-11-05 10:44:59 | [32mINFO[0m | yolo_detector.core.camera_capture:_connect_axis_opencv:213 - 图像尺寸: 1280x720, 通道数: 3
2025-11-05 10:44:59 | [32mINFO[0m | yolo_detector.core.camera_capture:_capture_loop:540 - 开始摄像头采集循环（OpenCV方式）
2025-11-05 10:44:59 | [32mINFO[0m | yolo_detector.core.camera_capture:_start_capture_thread:515 - 摄像头采集线程已启动
2025-11-05 10:44:59 | [32mINFO[0m | yolo_detector.core.camera_capture:_connect_axis:170 - Axis 摄像头连接成功: Axis 摄像头连接成功
2025-11-05 10:44:59 | [32mINFO[0m | yolo_detector.ui.gradio_app:connect_camera:155 - 摄像头连接成功: Axis 摄像头连接成功: Axis 摄像头连接成功
2025-11-05 10:44:59 | [32mINFO[0m | yolo_detector.ui.gradio_app:connect_camera:166 - 摄像头连接成功，已获取到第一帧（类型: axis，尺寸: (720, 1280, 3)）
2025-11-05 10:45:04 | [32mINFO[0m | yolo_detector.ui.gradio_app:stream_camera_frames:294 - Generator 流式传输中（axis），已传输 200 帧
2025-11-05 10:45:20 | [32mINFO[0m | yolo_detector.ui.gradio_app:stream_camera_frames:294 - Generator 流式传输中（axis），已传输 300 帧
2025-11-05 10:45:36 | [32mINFO[0m | yolo_detector.ui.gradio_app:stream_camera_frames:294 - Generator 流式传输中（axis），已传输 400 帧
2025-11-05 10:45:55 | [32mINFO[0m | __main__:setup_environment:35 - 环境设置完成
2025-11-05 10:45:55 | [32mINFO[0m | __main__:run_web_interface:65 - 启动工具关键点检测Web界面...
2025-11-05 10:45:55 | [32mINFO[0m | yolo_detector.utils.tool_pose_utils:__init__:86 - 工具关键点检测器初始化完成，配置文件: D:\00deeplearn\yolo11\gradio_tool\src\yolo_detector\config\tool_pose_config.yaml
2025-11-05 10:45:55 | [32mINFO[0m | yolo_detector.utils.tool_pose_angle_calculator:load_angle_config:53 - 角度配置文件加载成功: D:\00deeplearn\yolo11\gradio_tool\src\yolo_detector\config\tool_pose_config.yaml
2025-11-05 10:45:55 | [32mINFO[0m | yolo_detector.utils.tool_pose_utils:_load_angle_config:125 - 角度配置文件加载完成: D:\00deeplearn\yolo11\gradio_tool\src\yolo_detector\config\tool_pose_config.yaml
2025-11-05 10:45:55 | [32mINFO[0m | yolo_detector.ui.gradio_app:__init__:95 - 工具关键点检测应用初始化完成，输出目录: outputs\tool_pose，预览刷新间隔: 0.033秒（约30.3fps）
2025-11-05 10:45:55 | [32mINFO[0m | yolo_detector.ui.gradio_app:create_interface:780 - Gradio界面创建完成（Generator 方案，已启用队列）
2025-11-05 10:45:55 | [32mINFO[0m | httpx:_send_single_request:1025 - HTTP Request: GET http://127.0.0.1:7861/gradio_api/startup-events "HTTP/1.1 200 OK"
2025-11-05 10:45:55 | [32mINFO[0m | httpx:_send_single_request:1025 - HTTP Request: HEAD http://127.0.0.1:7861/ "HTTP/1.1 200 OK"
2025-11-05 10:46:11 | [32mINFO[0m | yolo_detector.ui.gradio_app:connect_camera:137 - 连接 Axis 摄像头（IP: 192.22.39.253）
2025-11-05 10:46:11 | [32mINFO[0m | yolo_detector.core.camera_capture:__init__:92 - 摄像头采集器初始化完成，类型: axis, 索引: 0
2025-11-05 10:46:11 | [32mINFO[0m | yolo_detector.core.camera_capture:_connect_axis:164 - 正在连接 Axis 摄像头（IP: 192.22.39.253）...
2025-11-05 10:46:11 | [32mINFO[0m | yolo_detector.core.camera_capture:_connect_axis_opencv:191 - 正在连接 Axis MJPEG 流: http://***:***@192.22.39.253/axis-cgi/mjpg/video.cgi
2025-11-05 10:46:11 | [32mINFO[0m | yolo_detector.core.camera_capture:_connect_axis_opencv:212 - Axis 摄像头连接成功
2025-11-05 10:46:11 | [32mINFO[0m | yolo_detector.core.camera_capture:_connect_axis_opencv:213 - 图像尺寸: 1280x720, 通道数: 3
2025-11-05 10:46:11 | [32mINFO[0m | yolo_detector.core.camera_capture:_capture_loop:540 - 开始摄像头采集循环（OpenCV方式）
2025-11-05 10:46:11 | [32mINFO[0m | yolo_detector.core.camera_capture:_start_capture_thread:515 - 摄像头采集线程已启动
2025-11-05 10:46:11 | [32mINFO[0m | yolo_detector.core.camera_capture:_connect_axis:170 - Axis 摄像头连接成功: Axis 摄像头连接成功
2025-11-05 10:46:11 | [32mINFO[0m | yolo_detector.ui.gradio_app:connect_camera:155 - 摄像头连接成功: Axis 摄像头连接成功: Axis 摄像头连接成功
2025-11-05 10:46:11 | [32mINFO[0m | yolo_detector.ui.gradio_app:connect_camera:166 - 摄像头连接成功，已获取到第一帧（类型: axis，尺寸: (720, 1280, 3)）
2025-11-05 10:46:11 | [32mINFO[0m | yolo_detector.ui.gradio_app:stream_camera_frames:240 - Generator 流式传输启动...
2025-11-05 10:46:11 | [32mINFO[0m | yolo_detector.ui.gradio_app:stream_camera_frames:250 - 等待摄像头准备就绪（类型: axis）...
2025-11-05 10:46:11 | [32mINFO[0m | yolo_detector.ui.gradio_app:stream_camera_frames:262 - 摄像头已就绪，获取到第一帧（尺寸: (720, 1280, 3)）
2025-11-05 10:46:11 | [32mINFO[0m | yolo_detector.ui.gradio_app:stream_camera_frames:291 - Generator 流式传输开始输出帧（类型: axis）
2025-11-05 10:46:27 | [32mINFO[0m | yolo_detector.ui.gradio_app:stream_camera_frames:294 - Generator 流式传输中（axis），已传输 100 帧
2025-11-05 10:46:43 | [32mINFO[0m | yolo_detector.ui.gradio_app:stream_camera_frames:294 - Generator 流式传输中（axis），已传输 200 帧
2025-11-05 10:46:59 | [32mINFO[0m | yolo_detector.ui.gradio_app:stream_camera_frames:294 - Generator 流式传输中（axis），已传输 300 帧
2025-11-05 10:47:14 | [32mINFO[0m | yolo_detector.ui.gradio_app:stream_camera_frames:294 - Generator 流式传输中（axis），已传输 400 帧
2025-11-05 10:47:30 | [32mINFO[0m | yolo_detector.ui.gradio_app:stream_camera_frames:294 - Generator 流式传输中（axis），已传输 500 帧
2025-11-05 10:47:46 | [32mINFO[0m | yolo_detector.ui.gradio_app:stream_camera_frames:294 - Generator 流式传输中（axis），已传输 600 帧
2025-11-05 10:48:01 | [32mINFO[0m | yolo_detector.ui.gradio_app:stream_camera_frames:294 - Generator 流式传输中（axis），已传输 700 帧
2025-11-05 10:48:17 | [32mINFO[0m | yolo_detector.ui.gradio_app:stream_camera_frames:294 - Generator 流式传输中（axis），已传输 800 帧
2025-11-05 10:48:33 | [32mINFO[0m | yolo_detector.ui.gradio_app:stream_camera_frames:294 - Generator 流式传输中（axis），已传输 900 帧
2025-11-05 10:48:49 | [32mINFO[0m | yolo_detector.ui.gradio_app:stream_camera_frames:294 - Generator 流式传输中（axis），已传输 1000 帧
2025-11-05 10:49:05 | [32mINFO[0m | yolo_detector.ui.gradio_app:stream_camera_frames:294 - Generator 流式传输中（axis），已传输 1100 帧
2025-11-05 10:49:20 | [32mINFO[0m | yolo_detector.ui.gradio_app:stream_camera_frames:294 - Generator 流式传输中（axis），已传输 1200 帧
2025-11-05 10:49:36 | [32mINFO[0m | yolo_detector.ui.gradio_app:stream_camera_frames:294 - Generator 流式传输中（axis），已传输 1300 帧
2025-11-05 10:49:52 | [32mINFO[0m | yolo_detector.ui.gradio_app:stream_camera_frames:294 - Generator 流式传输中（axis），已传输 1400 帧
2025-11-05 10:50:08 | [32mINFO[0m | yolo_detector.ui.gradio_app:stream_camera_frames:294 - Generator 流式传输中（axis），已传输 1500 帧
2025-11-05 10:50:23 | [32mINFO[0m | yolo_detector.ui.gradio_app:stream_camera_frames:294 - Generator 流式传输中（axis），已传输 1600 帧
2025-11-05 10:50:39 | [32mINFO[0m | yolo_detector.ui.gradio_app:stream_camera_frames:294 - Generator 流式传输中（axis），已传输 1700 帧
2025-11-05 10:50:55 | [32mINFO[0m | yolo_detector.ui.gradio_app:stream_camera_frames:294 - Generator 流式传输中（axis），已传输 1800 帧
2025-11-05 10:51:09 | [32mINFO[0m | __main__:setup_environment:35 - 环境设置完成
2025-11-05 10:51:09 | [32mINFO[0m | __main__:run_web_interface:65 - 启动工具关键点检测Web界面...
2025-11-05 10:51:09 | [32mINFO[0m | yolo_detector.utils.tool_pose_utils:__init__:86 - 工具关键点检测器初始化完成，配置文件: D:\00deeplearn\yolo11\gradio_tool\src\yolo_detector\config\tool_pose_config.yaml
2025-11-05 10:51:09 | [32mINFO[0m | yolo_detector.utils.tool_pose_angle_calculator:load_angle_config:53 - 角度配置文件加载成功: D:\00deeplearn\yolo11\gradio_tool\src\yolo_detector\config\tool_pose_config.yaml
2025-11-05 10:51:09 | [32mINFO[0m | yolo_detector.utils.tool_pose_utils:_load_angle_config:125 - 角度配置文件加载完成: D:\00deeplearn\yolo11\gradio_tool\src\yolo_detector\config\tool_pose_config.yaml
2025-11-05 10:51:09 | [32mINFO[0m | yolo_detector.ui.gradio_app:__init__:129 - 工具关键点检测应用初始化完成，输出目录: outputs\tool_pose，刷新间隔: 0.05秒（约20.0fps），预览尺寸: 最大宽度1280px
2025-11-05 10:51:09 | [32mINFO[0m | yolo_detector.ui.gradio_app:create_interface:894 - Gradio界面创建完成（Generator 方案，已启用队列）
2025-11-05 10:51:09 | [32mINFO[0m | httpx:_send_single_request:1025 - HTTP Request: GET http://127.0.0.1:7861/gradio_api/startup-events "HTTP/1.1 200 OK"
2025-11-05 10:51:09 | [32mINFO[0m | httpx:_send_single_request:1025 - HTTP Request: HEAD http://127.0.0.1:7861/ "HTTP/1.1 200 OK"
2025-11-05 10:51:32 | [32mINFO[0m | yolo_detector.ui.gradio_app:connect_camera:171 - 连接 Axis 摄像头（IP: 192.22.39.253）
2025-11-05 10:51:32 | [32mINFO[0m | yolo_detector.core.camera_capture:__init__:92 - 摄像头采集器初始化完成，类型: axis, 索引: 0
2025-11-05 10:51:32 | [32mINFO[0m | yolo_detector.core.camera_capture:_connect_axis:164 - 正在连接 Axis 摄像头（IP: 192.22.39.253）...
2025-11-05 10:51:32 | [32mINFO[0m | yolo_detector.core.camera_capture:_connect_axis_opencv:191 - 正在连接 Axis MJPEG 流: http://***:***@192.22.39.253/axis-cgi/mjpg/video.cgi
2025-11-05 10:51:32 | [32mINFO[0m | yolo_detector.core.camera_capture:_connect_axis_opencv:212 - Axis 摄像头连接成功
2025-11-05 10:51:32 | [32mINFO[0m | yolo_detector.core.camera_capture:_connect_axis_opencv:213 - 图像尺寸: 1280x720, 通道数: 3
2025-11-05 10:51:32 | [32mINFO[0m | yolo_detector.core.camera_capture:_capture_loop:540 - 开始摄像头采集循环（OpenCV方式）
2025-11-05 10:51:32 | [32mINFO[0m | yolo_detector.core.camera_capture:_start_capture_thread:515 - 摄像头采集线程已启动
2025-11-05 10:51:32 | [32mINFO[0m | yolo_detector.core.camera_capture:_connect_axis:170 - Axis 摄像头连接成功: Axis 摄像头连接成功
2025-11-05 10:51:32 | [32mINFO[0m | yolo_detector.ui.gradio_app:connect_camera:189 - 摄像头连接成功: Axis 摄像头连接成功: Axis 摄像头连接成功
2025-11-05 10:51:32 | [32mINFO[0m | yolo_detector.ui.gradio_app:connect_camera:200 - 摄像头连接成功，已获取到第一帧（类型: axis，尺寸: (720, 1280, 3)）
2025-11-05 10:51:32 | [32mINFO[0m | yolo_detector.ui.gradio_app:stream_camera_frames:274 - Generator 流式传输启动...
2025-11-05 10:51:32 | [32mINFO[0m | yolo_detector.ui.gradio_app:stream_camera_frames:284 - 等待摄像头准备就绪（类型: axis）...
2025-11-05 10:51:32 | [32mINFO[0m | yolo_detector.ui.gradio_app:stream_camera_frames:296 - 摄像头已就绪，获取到第一帧（尺寸: (720, 1280, 3)）
2025-11-05 10:51:32 | [32mINFO[0m | yolo_detector.ui.gradio_app:stream_camera_frames:355 - Generator 流式传输开始输出帧（类型: axis，预览尺寸: 1280x720）
2025-11-05 10:51:50 | [32mINFO[0m | yolo_detector.ui.gradio_app:stream_camera_frames:358 - Generator 流式传输中（axis），已传输 100 帧
2025-11-05 10:52:08 | [32mINFO[0m | yolo_detector.ui.gradio_app:stream_camera_frames:358 - Generator 流式传输中（axis），已传输 200 帧
2025-11-05 10:52:25 | [32mINFO[0m | yolo_detector.ui.gradio_app:stream_camera_frames:358 - Generator 流式传输中（axis），已传输 300 帧
2025-11-05 10:52:43 | [32mINFO[0m | yolo_detector.ui.gradio_app:stream_camera_frames:358 - Generator 流式传输中（axis），已传输 400 帧
2025-11-05 10:53:01 | [32mINFO[0m | yolo_detector.ui.gradio_app:stream_camera_frames:358 - Generator 流式传输中（axis），已传输 500 帧
2025-11-05 10:53:19 | [32mINFO[0m | yolo_detector.ui.gradio_app:stream_camera_frames:358 - Generator 流式传输中（axis），已传输 600 帧
2025-11-05 10:53:36 | [32mINFO[0m | yolo_detector.ui.gradio_app:stream_camera_frames:358 - Generator 流式传输中（axis），已传输 700 帧
2025-11-05 10:53:54 | [32mINFO[0m | yolo_detector.ui.gradio_app:stream_camera_frames:358 - Generator 流式传输中（axis），已传输 800 帧
2025-11-05 10:54:11 | [32mINFO[0m | yolo_detector.ui.gradio_app:stream_camera_frames:358 - Generator 流式传输中（axis），已传输 900 帧
2025-11-05 10:54:28 | [32mINFO[0m | yolo_detector.ui.gradio_app:stream_camera_frames:358 - Generator 流式传输中（axis），已传输 1000 帧
2025-11-05 10:54:45 | [32mINFO[0m | yolo_detector.ui.gradio_app:stream_camera_frames:358 - Generator 流式传输中（axis），已传输 1100 帧
2025-11-05 10:55:03 | [32mINFO[0m | yolo_detector.ui.gradio_app:stream_camera_frames:358 - Generator 流式传输中（axis），已传输 1200 帧
2025-11-05 10:55:21 | [32mINFO[0m | yolo_detector.ui.gradio_app:stream_camera_frames:358 - Generator 流式传输中（axis），已传输 1300 帧
2025-11-05 10:55:38 | [32mINFO[0m | yolo_detector.ui.gradio_app:stream_camera_frames:358 - Generator 流式传输中（axis），已传输 1400 帧
2025-11-05 10:55:56 | [32mINFO[0m | yolo_detector.ui.gradio_app:stream_camera_frames:358 - Generator 流式传输中（axis），已传输 1500 帧
2025-11-05 10:56:14 | [32mINFO[0m | yolo_detector.ui.gradio_app:stream_camera_frames:358 - Generator 流式传输中（axis），已传输 1600 帧
2025-11-05 10:56:31 | [32mINFO[0m | yolo_detector.ui.gradio_app:stream_camera_frames:358 - Generator 流式传输中（axis），已传输 1700 帧
2025-11-05 10:56:49 | [32mINFO[0m | yolo_detector.ui.gradio_app:stream_camera_frames:358 - Generator 流式传输中（axis），已传输 1800 帧
2025-11-05 10:57:07 | [32mINFO[0m | yolo_detector.ui.gradio_app:stream_camera_frames:358 - Generator 流式传输中（axis），已传输 1900 帧
2025-11-05 10:57:25 | [32mINFO[0m | yolo_detector.ui.gradio_app:stream_camera_frames:358 - Generator 流式传输中（axis），已传输 2000 帧
2025-11-05 10:57:43 | [32mINFO[0m | yolo_detector.ui.gradio_app:stream_camera_frames:358 - Generator 流式传输中（axis），已传输 2100 帧
2025-11-05 10:57:59 | [32mINFO[0m | yolo_detector.ui.gradio_app:stream_camera_frames:358 - Generator 流式传输中（axis），已传输 2200 帧
2025-11-05 10:58:16 | [32mINFO[0m | yolo_detector.ui.gradio_app:stream_camera_frames:358 - Generator 流式传输中（axis），已传输 2300 帧
2025-11-05 10:58:33 | [32mINFO[0m | yolo_detector.ui.gradio_app:stream_camera_frames:358 - Generator 流式传输中（axis），已传输 2400 帧
2025-11-05 10:58:50 | [32mINFO[0m | yolo_detector.ui.gradio_app:stream_camera_frames:358 - Generator 流式传输中（axis），已传输 2500 帧
2025-11-05 10:59:06 | [32mINFO[0m | yolo_detector.ui.gradio_app:stream_camera_frames:358 - Generator 流式传输中（axis），已传输 2600 帧
2025-11-05 10:59:23 | [32mINFO[0m | yolo_detector.ui.gradio_app:stream_camera_frames:358 - Generator 流式传输中（axis），已传输 2700 帧
2025-11-05 10:59:41 | [32mINFO[0m | yolo_detector.ui.gradio_app:stream_camera_frames:358 - Generator 流式传输中（axis），已传输 2800 帧
2025-11-05 10:59:59 | [32mINFO[0m | yolo_detector.ui.gradio_app:stream_camera_frames:358 - Generator 流式传输中（axis），已传输 2900 帧
2025-11-05 11:00:17 | [32mINFO[0m | yolo_detector.ui.gradio_app:stream_camera_frames:358 - Generator 流式传输中（axis），已传输 3000 帧
2025-11-05 11:00:35 | [32mINFO[0m | yolo_detector.ui.gradio_app:stream_camera_frames:358 - Generator 流式传输中（axis），已传输 3100 帧
2025-11-05 11:00:53 | [32mINFO[0m | yolo_detector.ui.gradio_app:stream_camera_frames:358 - Generator 流式传输中（axis），已传输 3200 帧
2025-11-05 11:01:10 | [32mINFO[0m | yolo_detector.ui.gradio_app:stream_camera_frames:358 - Generator 流式传输中（axis），已传输 3300 帧
2025-11-05 11:01:27 | [32mINFO[0m | yolo_detector.ui.gradio_app:stream_camera_frames:358 - Generator 流式传输中（axis），已传输 3400 帧
2025-11-05 11:01:44 | [32mINFO[0m | yolo_detector.ui.gradio_app:stream_camera_frames:358 - Generator 流式传输中（axis），已传输 3500 帧
2025-11-05 11:02:02 | [32mINFO[0m | yolo_detector.ui.gradio_app:stream_camera_frames:358 - Generator 流式传输中（axis），已传输 3600 帧
2025-11-05 11:02:06 | [32mINFO[0m | yolo_detector.ui.gradio_app:start_detection:454 - 原始图片已保存: outputs\tool_pose\raw_images\raw_20251105_110206.jpg
2025-11-05 11:02:06 | [32mINFO[0m | yolo_detector.ui.gradio_app:start_detection:460 - 开始执行检测...
2025-11-05 11:02:06 | [32mINFO[0m | yolo_detector.utils.tool_pose_utils:load_model:146 - 正在加载模型: D:\00deeplearn\yolo11\gradio_web_yolo\tool_pose\tools\train2\weights\best.pt
2025-11-05 11:02:06 | [32mINFO[0m | yolo_detector.core.tool_pose_model_loader:get_model:60 - 正在加载模型: D:\00deeplearn\yolo11\gradio_web_yolo\tool_pose\tools\train2\weights\best.pt
2025-11-05 11:02:06 | [32mINFO[0m | yolo_detector.core.tool_pose_model_loader:get_model:63 - 模型加载完成: D:\00deeplearn\yolo11\gradio_web_yolo\tool_pose\tools\train2\weights\best.pt
2025-11-05 11:02:06 | [32mINFO[0m | yolo_detector.utils.tool_pose_utils:load_model:152 - 模型加载完成
2025-11-05 11:02:09 | [32mINFO[0m | yolo_detector.ui.gradio_app:start_detection:487 - 结果图片已保存: outputs\tool_pose\result_images\result_20251105_110206.jpg
2025-11-05 11:02:09 | [32mINFO[0m | yolo_detector.ui.gradio_app:start_detection:505 - JSON数据已保存: outputs\tool_pose\json_results\result_20251105_110206.json
2025-11-05 11:02:09 | [32mINFO[0m | yolo_detector.ui.gradio_app:start_detection:520 - 检测完成
2025-11-05 11:02:21 | [32mINFO[0m | yolo_detector.ui.gradio_app:stream_camera_frames:358 - Generator 流式传输中（axis），已传输 3700 帧
2025-11-05 11:02:40 | [32mINFO[0m | yolo_detector.ui.gradio_app:stream_camera_frames:358 - Generator 流式传输中（axis），已传输 3800 帧
2025-11-05 11:02:57 | [32mINFO[0m | yolo_detector.ui.gradio_app:stream_camera_frames:358 - Generator 流式传输中（axis），已传输 3900 帧
2025-11-05 11:03:15 | [32mINFO[0m | yolo_detector.ui.gradio_app:stream_camera_frames:358 - Generator 流式传输中（axis），已传输 4000 帧
2025-11-05 11:03:34 | [32mINFO[0m | yolo_detector.ui.gradio_app:stream_camera_frames:358 - Generator 流式传输中（axis），已传输 4100 帧
2025-11-05 11:03:52 | [32mINFO[0m | yolo_detector.ui.gradio_app:stream_camera_frames:358 - Generator 流式传输中（axis），已传输 4200 帧
2025-11-05 11:04:11 | [32mINFO[0m | yolo_detector.ui.gradio_app:stream_camera_frames:358 - Generator 流式传输中（axis），已传输 4300 帧
2025-11-05 11:04:29 | [32mINFO[0m | yolo_detector.ui.gradio_app:stream_camera_frames:358 - Generator 流式传输中（axis），已传输 4400 帧
2025-11-05 11:04:48 | [32mINFO[0m | yolo_detector.ui.gradio_app:stream_camera_frames:358 - Generator 流式传输中（axis），已传输 4500 帧
2025-11-05 11:05:06 | [32mINFO[0m | yolo_detector.ui.gradio_app:stream_camera_frames:358 - Generator 流式传输中（axis），已传输 4600 帧
2025-11-05 11:05:23 | [32mINFO[0m | yolo_detector.ui.gradio_app:stream_camera_frames:358 - Generator 流式传输中（axis），已传输 4700 帧
2025-11-05 11:05:41 | [32mINFO[0m | yolo_detector.ui.gradio_app:stream_camera_frames:358 - Generator 流式传输中（axis），已传输 4800 帧
2025-11-05 11:05:59 | [32mINFO[0m | yolo_detector.ui.gradio_app:stream_camera_frames:358 - Generator 流式传输中（axis），已传输 4900 帧
2025-11-05 11:06:17 | [32mINFO[0m | yolo_detector.ui.gradio_app:stream_camera_frames:358 - Generator 流式传输中（axis），已传输 5000 帧
2025-11-05 11:06:26 | [32mINFO[0m | yolo_detector.core.camera_capture:disconnect:237 - 正在断开摄像头连接...
2025-11-05 11:06:26 | [32mINFO[0m | yolo_detector.core.camera_capture:_capture_loop:595 - 摄像头采集循环结束，总共采集 22343 帧
2025-11-05 11:06:26 | [32mINFO[0m | yolo_detector.core.camera_capture:_stop_capture_thread:530 - 摄像头采集线程已停止
2025-11-05 11:06:26 | [32mINFO[0m | yolo_detector.core.camera_capture:disconnect:247 - 摄像头已断开连接
2025-11-05 11:06:26 | [32mINFO[0m | yolo_detector.ui.gradio_app:disconnect_camera:228 - 摄像头已断开
2025-11-05 11:06:40 | [32mINFO[0m | yolo_detector.ui.gradio_app:connect_camera:171 - 连接 Axis 摄像头（IP: 192.22.39.253）
2025-11-05 11:06:40 | [32mINFO[0m | yolo_detector.core.camera_capture:__init__:92 - 摄像头采集器初始化完成，类型: axis, 索引: 0
2025-11-05 11:06:40 | [32mINFO[0m | yolo_detector.core.camera_capture:_connect_axis:164 - 正在连接 Axis 摄像头（IP: 192.22.39.253）...
2025-11-05 11:06:40 | [32mINFO[0m | yolo_detector.core.camera_capture:_connect_axis_opencv:191 - 正在连接 Axis MJPEG 流: http://***:***@192.22.39.253/axis-cgi/mjpg/video.cgi
2025-11-05 11:06:40 | [32mINFO[0m | yolo_detector.core.camera_capture:_connect_axis_opencv:212 - Axis 摄像头连接成功
2025-11-05 11:06:40 | [32mINFO[0m | yolo_detector.core.camera_capture:_connect_axis_opencv:213 - 图像尺寸: 1280x720, 通道数: 3
2025-11-05 11:06:40 | [32mINFO[0m | yolo_detector.core.camera_capture:_capture_loop:540 - 开始摄像头采集循环（OpenCV方式）
2025-11-05 11:06:40 | [32mINFO[0m | yolo_detector.core.camera_capture:_start_capture_thread:515 - 摄像头采集线程已启动
2025-11-05 11:06:40 | [32mINFO[0m | yolo_detector.core.camera_capture:_connect_axis:170 - Axis 摄像头连接成功: Axis 摄像头连接成功
2025-11-05 11:06:40 | [32mINFO[0m | yolo_detector.ui.gradio_app:connect_camera:189 - 摄像头连接成功: Axis 摄像头连接成功: Axis 摄像头连接成功
2025-11-05 11:06:40 | [32mINFO[0m | yolo_detector.ui.gradio_app:connect_camera:200 - 摄像头连接成功，已获取到第一帧（类型: axis，尺寸: (720, 1280, 3)）
2025-11-05 11:06:49 | [32mINFO[0m | yolo_detector.ui.gradio_app:stream_camera_frames:358 - Generator 流式传输中（axis），已传输 5100 帧
2025-11-05 11:06:51 | [32mINFO[0m | yolo_detector.ui.gradio_app:apply_preview_settings:854 - 预览设置已更新: enable_scale=True, max_width=640
2025-11-05 11:06:55 | [32mINFO[0m | yolo_detector.ui.gradio_app:apply_preview_settings:854 - 预览设置已更新: enable_scale=True, max_width=640
2025-11-05 11:06:57 | [32mINFO[0m | yolo_detector.ui.gradio_app:apply_preview_settings:854 - 预览设置已更新: enable_scale=True, max_width=640
2025-11-05 11:06:58 | [32mINFO[0m | yolo_detector.ui.gradio_app:apply_preview_settings:854 - 预览设置已更新: enable_scale=True, max_width=640
2025-11-05 11:06:59 | [32mINFO[0m | yolo_detector.ui.gradio_app:apply_preview_settings:854 - 预览设置已更新: enable_scale=True, max_width=640
2025-11-05 11:07:00 | [32mINFO[0m | yolo_detector.ui.gradio_app:stream_camera_frames:358 - Generator 流式传输中（axis），已传输 5200 帧
2025-11-05 11:07:00 | [32mINFO[0m | yolo_detector.ui.gradio_app:apply_preview_settings:854 - 预览设置已更新: enable_scale=True, max_width=640
2025-11-05 11:07:01 | [32mINFO[0m | yolo_detector.ui.gradio_app:apply_preview_settings:854 - 预览设置已更新: enable_scale=True, max_width=640
2025-11-05 11:07:05 | [32mINFO[0m | yolo_detector.ui.gradio_app:apply_preview_settings:854 - 预览设置已更新: enable_scale=True, max_width=640
2025-11-05 11:07:05 | [32mINFO[0m | yolo_detector.ui.gradio_app:apply_preview_settings:854 - 预览设置已更新: enable_scale=True, max_width=640
2025-11-05 11:07:09 | [32mINFO[0m | yolo_detector.ui.gradio_app:stream_camera_frames:358 - Generator 流式传输中（axis），已传输 5300 帧
2025-11-05 11:07:19 | [32mINFO[0m | yolo_detector.ui.gradio_app:stream_camera_frames:358 - Generator 流式传输中（axis），已传输 5400 帧
2025-11-05 11:07:28 | [32mINFO[0m | yolo_detector.ui.gradio_app:stream_camera_frames:358 - Generator 流式传输中（axis），已传输 5500 帧
2025-11-05 11:07:38 | [32mINFO[0m | yolo_detector.ui.gradio_app:stream_camera_frames:358 - Generator 流式传输中（axis），已传输 5600 帧
2025-11-05 11:07:47 | [32mINFO[0m | yolo_detector.ui.gradio_app:stream_camera_frames:358 - Generator 流式传输中（axis），已传输 5700 帧
2025-11-05 11:07:56 | [32mINFO[0m | yolo_detector.ui.gradio_app:stream_camera_frames:358 - Generator 流式传输中（axis），已传输 5800 帧
2025-11-05 11:08:06 | [32mINFO[0m | yolo_detector.ui.gradio_app:stream_camera_frames:358 - Generator 流式传输中（axis），已传输 5900 帧
2025-11-05 11:08:15 | [32mINFO[0m | yolo_detector.ui.gradio_app:stream_camera_frames:358 - Generator 流式传输中（axis），已传输 6000 帧
2025-11-05 11:08:25 | [32mINFO[0m | yolo_detector.ui.gradio_app:stream_camera_frames:358 - Generator 流式传输中（axis），已传输 6100 帧
2025-11-05 11:08:34 | [32mINFO[0m | yolo_detector.ui.gradio_app:stream_camera_frames:358 - Generator 流式传输中（axis），已传输 6200 帧
2025-11-05 11:08:43 | [32mINFO[0m | yolo_detector.ui.gradio_app:stream_camera_frames:358 - Generator 流式传输中（axis），已传输 6300 帧
2025-11-05 11:08:53 | [32mINFO[0m | yolo_detector.ui.gradio_app:stream_camera_frames:358 - Generator 流式传输中（axis），已传输 6400 帧
2025-11-05 11:09:02 | [32mINFO[0m | yolo_detector.ui.gradio_app:stream_camera_frames:358 - Generator 流式传输中（axis），已传输 6500 帧
2025-11-05 11:09:12 | [32mINFO[0m | yolo_detector.ui.gradio_app:stream_camera_frames:358 - Generator 流式传输中（axis），已传输 6600 帧
2025-11-05 11:09:21 | [32mINFO[0m | yolo_detector.ui.gradio_app:stream_camera_frames:358 - Generator 流式传输中（axis），已传输 6700 帧
2025-11-05 11:09:31 | [32mINFO[0m | yolo_detector.ui.gradio_app:stream_camera_frames:358 - Generator 流式传输中（axis），已传输 6800 帧
2025-11-05 11:09:40 | [32mINFO[0m | yolo_detector.ui.gradio_app:stream_camera_frames:358 - Generator 流式传输中（axis），已传输 6900 帧
2025-11-05 11:09:49 | [32mINFO[0m | yolo_detector.ui.gradio_app:stream_camera_frames:358 - Generator 流式传输中（axis），已传输 7000 帧
2025-11-05 11:09:59 | [32mINFO[0m | yolo_detector.ui.gradio_app:stream_camera_frames:358 - Generator 流式传输中（axis），已传输 7100 帧
2025-11-05 11:10:08 | [32mINFO[0m | yolo_detector.ui.gradio_app:stream_camera_frames:358 - Generator 流式传输中（axis），已传输 7200 帧
2025-11-05 11:10:18 | [32mINFO[0m | yolo_detector.ui.gradio_app:stream_camera_frames:358 - Generator 流式传输中（axis），已传输 7300 帧
2025-11-05 11:10:27 | [32mINFO[0m | yolo_detector.ui.gradio_app:stream_camera_frames:358 - Generator 流式传输中（axis），已传输 7400 帧
2025-11-05 11:10:36 | [32mINFO[0m | yolo_detector.ui.gradio_app:stream_camera_frames:358 - Generator 流式传输中（axis），已传输 7500 帧
2025-11-05 11:10:46 | [32mINFO[0m | yolo_detector.ui.gradio_app:stream_camera_frames:358 - Generator 流式传输中（axis），已传输 7600 帧
2025-11-05 11:10:55 | [32mINFO[0m | yolo_detector.ui.gradio_app:stream_camera_frames:358 - Generator 流式传输中（axis），已传输 7700 帧
2025-11-05 11:11:05 | [32mINFO[0m | yolo_detector.ui.gradio_app:stream_camera_frames:358 - Generator 流式传输中（axis），已传输 7800 帧
2025-11-05 11:11:14 | [32mINFO[0m | yolo_detector.ui.gradio_app:stream_camera_frames:358 - Generator 流式传输中（axis），已传输 7900 帧
2025-11-05 11:11:24 | [32mINFO[0m | yolo_detector.ui.gradio_app:stream_camera_frames:358 - Generator 流式传输中（axis），已传输 8000 帧
2025-11-05 11:11:33 | [32mINFO[0m | yolo_detector.ui.gradio_app:stream_camera_frames:358 - Generator 流式传输中（axis），已传输 8100 帧
2025-11-05 11:11:42 | [32mINFO[0m | yolo_detector.ui.gradio_app:stream_camera_frames:358 - Generator 流式传输中（axis），已传输 8200 帧
2025-11-05 11:11:52 | [32mINFO[0m | yolo_detector.ui.gradio_app:stream_camera_frames:358 - Generator 流式传输中（axis），已传输 8300 帧
2025-11-05 11:12:01 | [32mINFO[0m | yolo_detector.ui.gradio_app:stream_camera_frames:358 - Generator 流式传输中（axis），已传输 8400 帧
2025-11-05 11:12:10 | [32mINFO[0m | yolo_detector.ui.gradio_app:stream_camera_frames:358 - Generator 流式传输中（axis），已传输 8500 帧
2025-11-05 11:12:20 | [32mINFO[0m | yolo_detector.ui.gradio_app:stream_camera_frames:358 - Generator 流式传输中（axis），已传输 8600 帧
2025-11-05 11:12:29 | [32mINFO[0m | yolo_detector.ui.gradio_app:stream_camera_frames:358 - Generator 流式传输中（axis），已传输 8700 帧
2025-11-05 11:12:39 | [32mINFO[0m | yolo_detector.ui.gradio_app:stream_camera_frames:358 - Generator 流式传输中（axis），已传输 8800 帧
2025-11-05 11:12:48 | [32mINFO[0m | yolo_detector.ui.gradio_app:stream_camera_frames:358 - Generator 流式传输中（axis），已传输 8900 帧
2025-11-05 11:12:57 | [32mINFO[0m | yolo_detector.ui.gradio_app:stream_camera_frames:358 - Generator 流式传输中（axis），已传输 9000 帧
2025-11-05 11:13:07 | [32mINFO[0m | yolo_detector.ui.gradio_app:stream_camera_frames:358 - Generator 流式传输中（axis），已传输 9100 帧
2025-11-05 11:13:16 | [32mINFO[0m | yolo_detector.ui.gradio_app:stream_camera_frames:358 - Generator 流式传输中（axis），已传输 9200 帧
